{
    "iodepth": [
        "1",
        "2",
        "4",
        "8",
        "16",
        "24",
        "32",
        "40",
        "52",
        "64"
    ],
    "iops": [
        5907.626975,
        11981.11673,
        20480.725064,
        25964.523452,
        31876.447079,
        31641.412391,
        34008.623276,
        35550.789661,
        36219.825201,
        39533.393111
    ],
    "total_ios": [
        1772294,
        3594347,
        6144238,
        7789383,
        9562966,
        9492487,
        10202655,
        10665308,
        10866020,
        11860097
    ],
    "clat_ms": [
        0.16477465856800003,
        0.16264634166,
        0.191536942859,
        0.304514690527,
        0.498003887889,
        0.7541054984940001,
        0.936330289394,
        1.1201105036349999,
        1.430354216972,
        1.613118740764
    ],
    "clat_stdev": [
        0.040492663071,
        0.041596100078000006,
        0.054580715661,
        0.104508538754,
        0.19053360986200002,
        0.3217079747,
        0.405636577083,
        0.451577435434,
        0.549722000815,
        0.5478548710910001
    ],
    "usr_cpu": [
        3.084333,
        5.644,
        8.482667,
        9.935667,
        12.705333,
        13.468955,
        14.154953,
        14.982617,
        14.627618,
        15.164283
    ],
    "sys_cpu": [
        3.496667,
        6.012667,
        7.949,
        8.632667,
        9.929,
        9.793301,
        9.626301,
        9.536635,
        9.808967,
        10.115966
    ],
    "OSD_cpu": [
        224.04000000000022,
        328.42666666666656,
        460.803333333333,
        518.6066666666662,
        554.7499999999997,
        512.8033333333334,
        508.1999999999997,
        498.8533333333332,
        496.7333333333335,
        510.2466666666669
    ],
    "OSD_mem": [
        48.64999999999963,
        50.39999999999955,
        50.39999999999955,
        50.39999999999955,
        50.39999999999955,
        50.39999999999955,
        50.39999999999955,
        50.39999999999955,
        50.39999999999955,
        50.39999999999955
    ],
    "FIO_cpu": [
        47.213333333333324,
        81.46333333333335,
        111.76333333333342,
        123.36000000000003,
        144.1333333333333,
        146.19000000000005,
        144.84666666666678,
        148.58999999999995,
        152.79333333333344,
        152.03000000000006
    ],
    "FIO_mem": [
        0.15999999999999998,
        1.0133333333333387,
        1.3333333333333433,
        1.7066666666666819,
        2.133333333333353,
        2.133333333333353,
        2.186666666666686,
        2.293333333333354,
        2.346666666666687,
        2.4000000000000203
    ]
}