{
  "fio version" : "fio-3.39-26-ga72fe",
  "timestamp" : 1747130901,
  "timestamp_ms" : 1747130901871,
  "time" : "Tue May 13 10:08:21 2025",
  "global options" : {
    "write_iops_log" : "sea_1osd_28reactor_32fio_bal_osd_rc_1procs_randread",
    "write_bw_log" : "sea_1osd_28reactor_32fio_bal_osd_rc_1procs_randread",
    "write_lat_log" : "sea_1osd_28reactor_32fio_bal_osd_rc_1procs_randread",
    "ioengine" : "rbd",
    "bs" : "4k",
    "rw" : "randread",
    "direct" : "1",
    "runtime" : "5m",
    "time_based" : "",
    "group_reporting" : "",
    "ramp_time" : "30s",
    "thread" : "1",
    "iodepth" : "40",
    "clientname" : "admin",
    "pool" : "rbd"
  },
  "jobs" : [
    {
      "jobname" : "fio_test_0",
      "groupid" : 0,
      "job_start" : 1747130829613,
      "error" : 110,
      "eta" : 0,
      "elapsed" : 103,
      "job options" : {
        "max_latency" : "1s",
        "numjobs" : "1",
        "rbdname" : "fio_test_31"
      },
      "read" : {
        "io_bytes" : 32233435136,
        "io_kbytes" : 31477964,
        "bw_bytes" : 461400445,
        "bw" : 450586,
        "iops" : 112628.714572,
        "runtime" : 69860,
        "total_ios" : 7868242,
        "short_ios" : 0,
        "drop_ios" : 0,
        "slat_ns" : {
          "min" : 433,
          "max" : 451454,
          "mean" : 2043.272196,
          "stddev" : 1111.483313,
          "N" : 7868243
        },
        "clat_ns" : {
          "min" : 105283,
          "max" : 39548107683,
          "mean" : 11248559.709686,
          "stddev" : 493068303.527037,
          "N" : 7869490,
          "percentile" : {
            "1.000000" : 342016,
            "5.000000" : 651264,
            "10.000000" : 905216,
            "20.000000" : 1335296,
            "30.000000" : 1712128,
            "40.000000" : 2088960,
            "50.000000" : 2539520,
            "60.000000" : 3031040,
            "70.000000" : 3653632,
            "80.000000" : 4554752,
            "90.000000" : 6782976,
            "95.000000" : 11206656,
            "99.000000" : 62652416,
            "99.500000" : 95944704,
            "99.900000" : 196083712,
            "99.950000" : 214958080,
            "99.990000" : 17112760320
          }
        },
        "lat_ns" : {
          "min" : 106861,
          "max" : 39548111446,
          "mean" : 11250602.984260,
          "stddev" : 493068313.575268,
          "N" : 7869490
        },
        "bw_min" : 0,
        "bw_max" : 859965,
        "bw_agg" : 15.244136,
        "bw_mean" : 68688.810078,
        "bw_dev" : 2174.331267,
        "bw_samples" : 7869490,
        "iops_min" : 32,
        "iops_max" : 32,
        "iops_mean" : 32.000000,
        "iops_stddev" : 0.000000,
        "iops_samples" : 7869490
      },
      "write" : {
        "io_bytes" : 0,
        "io_kbytes" : 0,
        "bw_bytes" : 0,
        "bw" : 0,
        "iops" : 0.000000,
        "runtime" : 0,
        "total_ios" : 0,
        "short_ios" : 0,
        "drop_ios" : 0,
        "slat_ns" : {
          "min" : 0,
          "max" : 0,
          "mean" : 0.000000,
          "stddev" : 0.000000,
          "N" : 0
        },
        "clat_ns" : {
          "min" : 0,
          "max" : 0,
          "mean" : 0.000000,
          "stddev" : 0.000000,
          "N" : 0
        },
        "lat_ns" : {
          "min" : 0,
          "max" : 0,
          "mean" : 0.000000,
          "stddev" : 0.000000,
          "N" : 0
        },
        "bw_min" : 0,
        "bw_max" : 0,
        "bw_agg" : 0.000000,
        "bw_mean" : 0.000000,
        "bw_dev" : 0.000000,
        "bw_samples" : 0,
        "iops_min" : 0,
        "iops_max" : 0,
        "iops_mean" : 0.000000,
        "iops_stddev" : 0.000000,
        "iops_samples" : 0
      },
      "trim" : {
        "io_bytes" : 0,
        "io_kbytes" : 0,
        "bw_bytes" : 0,
        "bw" : 0,
        "iops" : 0.000000,
        "runtime" : 0,
        "total_ios" : 0,
        "short_ios" : 0,
        "drop_ios" : 0,
        "slat_ns" : {
          "min" : 0,
          "max" : 0,
          "mean" : 0.000000,
          "stddev" : 0.000000,
          "N" : 0
        },
        "clat_ns" : {
          "min" : 0,
          "max" : 0,
          "mean" : 0.000000,
          "stddev" : 0.000000,
          "N" : 0
        },
        "lat_ns" : {
          "min" : 0,
          "max" : 0,
          "mean" : 0.000000,
          "stddev" : 0.000000,
          "N" : 0
        },
        "bw_min" : 0,
        "bw_max" : 0,
        "bw_agg" : 0.000000,
        "bw_mean" : 0.000000,
        "bw_dev" : 0.000000,
        "bw_samples" : 0,
        "iops_min" : 0,
        "iops_max" : 0,
        "iops_mean" : 0.000000,
        "iops_stddev" : 0.000000,
        "iops_samples" : 0
      },
      "sync" : {
        "total_ios" : 0,
        "lat_ns" : {
          "min" : 0,
          "max" : 0,
          "mean" : 0.000000,
          "stddev" : 0.000000,
          "N" : 0
        }
      },
      "job_runtime" : 2228028,
      "usr_cpu" : 1.280819,
      "sys_cpu" : 0.882754,
      "ctx" : 4118530,
      "majf" : 0,
      "minf" : 212380,
      "iodepth_level" : {
        "1" : 0.100000,
        "2" : 0.100000,
        "4" : 0.100000,
        "8" : 0.100000,
        "16" : 0.100000,
        "32" : 99.907019,
        ">=64" : 0.000000
      },
      "iodepth_submit" : {
        "0" : 0.000000,
        "4" : 100.000000,
        "8" : 0.000000,
        "16" : 0.000000,
        "32" : 0.000000,
        "64" : 0.000000,
        ">=64" : 0.000000
      },
      "iodepth_complete" : {
        "0" : 0.100000,
        "4" : 99.999593,
        "8" : 0.000000,
        "16" : 0.000000,
        "32" : 0.000000,
        "64" : 0.100000,
        ">=64" : 0.000000
      },
      "latency_ns" : {
        "2" : 0.000000,
        "4" : 0.000000,
        "10" : 0.000000,
        "20" : 0.000000,
        "50" : 0.000000,
        "100" : 0.000000,
        "250" : 0.000000,
        "500" : 0.000000,
        "750" : 0.000000,
        "1000" : 0.000000
      },
      "latency_us" : {
        "2" : 0.000000,
        "4" : 0.000000,
        "10" : 0.000000,
        "20" : 0.000000,
        "50" : 0.000000,
        "100" : 0.000000,
        "250" : 0.366448,
        "500" : 2.390598,
        "750" : 4.049202,
        "1000" : 5.492904
      },
      "latency_ms" : {
        "2" : 24.913240,
        "4" : 36.733555,
        "10" : 20.372454,
        "20" : 2.619048,
        "50" : 1.689602,
        "100" : 0.914766,
        "250" : 0.443454,
        "500" : 0.013739,
        "750" : 0.010000,
        "1000" : 0.000000,
        "2000" : 0.000000,
        ">=2000" : 0.016268
      },
      "latency_depth" : 40,
      "latency_target" : 0,
      "latency_percentile" : 100.000000,
      "latency_window" : 0
    }
  ],
  "disk_util" : [
    {
      "name" : "sda",
      "read_ios" : 41,
      "write_ios" : 4368,
      "read_sectors" : 4552,
      "write_sectors" : 1889296,
      "read_merges" : 0,
      "write_merges" : 4139,
      "read_ticks" : 14,
      "write_ticks" : 12762,
      "in_queue" : 12882,
      "util" : 1.954943
    }
  ]
}
