{
  "fio version" : "fio-3.39-26-ga72fe",
  "timestamp" : 1747130321,
  "timestamp_ms" : 1747130321254,
  "time" : "Tue May 13 09:58:41 2025",
  "global options" : {
    "write_iops_log" : "sea_1osd_28reactor_32fio_bal_osd_rc_1procs_randread",
    "write_bw_log" : "sea_1osd_28reactor_32fio_bal_osd_rc_1procs_randread",
    "write_lat_log" : "sea_1osd_28reactor_32fio_bal_osd_rc_1procs_randread",
    "ioengine" : "rbd",
    "bs" : "4k",
    "rw" : "randread",
    "direct" : "1",
    "runtime" : "5m",
    "time_based" : "",
    "group_reporting" : "",
    "ramp_time" : "30s",
    "thread" : "1",
    "iodepth" : "16",
    "clientname" : "admin",
    "pool" : "rbd"
  },
  "jobs" : [
    {
      "jobname" : "fio_test_0",
      "groupid" : 0,
      "job_start" : 1747130265250,
      "error" : 110,
      "eta" : 0,
      "elapsed" : 87,
      "job options" : {
        "max_latency" : "1s",
        "numjobs" : "1",
        "rbdname" : "fio_test_31"
      },
      "read" : {
        "io_bytes" : 4856635392,
        "io_kbytes" : 4742808,
        "bw_bytes" : 87202129,
        "bw" : 85158,
        "iops" : 21280.945883,
        "runtime" : 55694,
        "total_ios" : 1185221,
        "short_ios" : 0,
        "drop_ios" : 0,
        "slat_ns" : {
          "min" : 431,
          "max" : 48663,
          "mean" : 2174.387486,
          "stddev" : 1126.151219,
          "N" : 1185222
        },
        "clat_ns" : {
          "min" : 188506,
          "max" : 51261617231,
          "mean" : 17458955.738358,
          "stddev" : 771222440.334847,
          "N" : 1185701,
          "percentile" : {
            "1.000000" : 366592,
            "5.000000" : 585728,
            "10.000000" : 757760,
            "20.000000" : 1028096,
            "30.000000" : 1286144,
            "40.000000" : 1515520,
            "50.000000" : 1761280,
            "60.000000" : 2007040,
            "70.000000" : 2310144,
            "80.000000" : 2670592,
            "90.000000" : 3325952,
            "95.000000" : 3915776,
            "99.000000" : 5144576,
            "99.500000" : 5931008,
            "99.900000" : 15925248,
            "99.950000" : 101187584,
            "99.990000" : 17112760320
          }
        },
        "lat_ns" : {
          "min" : 189878,
          "max" : 51261618124,
          "mean" : 17461130.122603,
          "stddev" : 771222447.752820,
          "N" : 1185701
        },
        "bw_min" : 0,
        "bw_max" : 592706,
        "bw_agg" : 100.000000,
        "bw_mean" : 89131.171564,
        "bw_dev" : 1890.509451,
        "bw_samples" : 1185701,
        "iops_min" : 32,
        "iops_max" : 32,
        "iops_mean" : 32.000000,
        "iops_stddev" : 0.000000,
        "iops_samples" : 1185701
      },
      "write" : {
        "io_bytes" : 0,
        "io_kbytes" : 0,
        "bw_bytes" : 0,
        "bw" : 0,
        "iops" : 0.000000,
        "runtime" : 0,
        "total_ios" : 0,
        "short_ios" : 0,
        "drop_ios" : 0,
        "slat_ns" : {
          "min" : 0,
          "max" : 0,
          "mean" : 0.000000,
          "stddev" : 0.000000,
          "N" : 0
        },
        "clat_ns" : {
          "min" : 0,
          "max" : 0,
          "mean" : 0.000000,
          "stddev" : 0.000000,
          "N" : 0
        },
        "lat_ns" : {
          "min" : 0,
          "max" : 0,
          "mean" : 0.000000,
          "stddev" : 0.000000,
          "N" : 0
        },
        "bw_min" : 0,
        "bw_max" : 0,
        "bw_agg" : 0.000000,
        "bw_mean" : 0.000000,
        "bw_dev" : 0.000000,
        "bw_samples" : 0,
        "iops_min" : 0,
        "iops_max" : 0,
        "iops_mean" : 0.000000,
        "iops_stddev" : 0.000000,
        "iops_samples" : 0
      },
      "trim" : {
        "io_bytes" : 0,
        "io_kbytes" : 0,
        "bw_bytes" : 0,
        "bw" : 0,
        "iops" : 0.000000,
        "runtime" : 0,
        "total_ios" : 0,
        "short_ios" : 0,
        "drop_ios" : 0,
        "slat_ns" : {
          "min" : 0,
          "max" : 0,
          "mean" : 0.000000,
          "stddev" : 0.000000,
          "N" : 0
        },
        "clat_ns" : {
          "min" : 0,
          "max" : 0,
          "mean" : 0.000000,
          "stddev" : 0.000000,
          "N" : 0
        },
        "lat_ns" : {
          "min" : 0,
          "max" : 0,
          "mean" : 0.000000,
          "stddev" : 0.000000,
          "N" : 0
        },
        "bw_min" : 0,
        "bw_max" : 0,
        "bw_agg" : 0.000000,
        "bw_mean" : 0.000000,
        "bw_dev" : 0.000000,
        "bw_samples" : 0,
        "iops_min" : 0,
        "iops_max" : 0,
        "iops_mean" : 0.000000,
        "iops_stddev" : 0.000000,
        "iops_samples" : 0
      },
      "sync" : {
        "total_ios" : 0,
        "lat_ns" : {
          "min" : 0,
          "max" : 0,
          "mean" : 0.000000,
          "stddev" : 0.000000,
          "N" : 0
        }
      },
      "job_runtime" : 1295801,
      "usr_cpu" : 0.337861,
      "sys_cpu" : 0.255981,
      "ctx" : 661054,
      "majf" : 0,
      "minf" : 84660,
      "iodepth_level" : {
        "1" : 0.100000,
        "2" : 0.100000,
        "4" : 0.100000,
        "8" : 0.101247,
        "16" : 99.810162,
        "32" : 0.000000,
        ">=64" : 0.000000
      },
      "iodepth_submit" : {
        "0" : 0.000000,
        "4" : 100.000000,
        "8" : 0.000000,
        "16" : 0.000000,
        "32" : 0.000000,
        "64" : 0.000000,
        ">=64" : 0.000000
      },
      "iodepth_complete" : {
        "0" : 0.100000,
        "4" : 99.997300,
        "8" : 0.000000,
        "16" : 0.100000,
        "32" : 0.000000,
        "64" : 0.000000,
        ">=64" : 0.000000
      },
      "latency_ns" : {
        "2" : 0.000000,
        "4" : 0.000000,
        "10" : 0.000000,
        "20" : 0.000000,
        "50" : 0.000000,
        "100" : 0.000000,
        "250" : 0.000000,
        "500" : 0.000000,
        "750" : 0.000000,
        "1000" : 0.000000
      },
      "latency_us" : {
        "2" : 0.000000,
        "4" : 0.000000,
        "10" : 0.000000,
        "20" : 0.000000,
        "50" : 0.000000,
        "100" : 0.000000,
        "250" : 0.067667,
        "500" : 3.101194,
        "750" : 6.465376,
        "1000" : 8.988197
      },
      "latency_ms" : {
        "2" : 41.143297,
        "4" : 36.108624,
        "10" : 4.034016,
        "20" : 0.042608,
        "50" : 0.010000,
        "100" : 0.029362,
        "250" : 0.010000,
        "500" : 0.000000,
        "750" : 0.000000,
        "1000" : 0.000000,
        "2000" : 0.000000,
        ">=2000" : 0.043199
      },
      "latency_depth" : 16,
      "latency_target" : 0,
      "latency_percentile" : 100.000000,
      "latency_window" : 0
    }
  ],
  "disk_util" : [
    {
      "name" : "sda",
      "read_ios" : 13,
      "write_ios" : 2459,
      "read_sectors" : 136,
      "write_sectors" : 320264,
      "read_merges" : 0,
      "write_merges" : 3303,
      "read_ticks" : 8,
      "write_ticks" : 1094,
      "in_queue" : 1127,
      "util" : 0.489505
    }
  ]
}
