{
  "fio version" : "fio-3.39-26-ga72fe",
  "timestamp" : 1747129599,
  "timestamp_ms" : 1747129599517,
  "time" : "Tue May 13 09:46:39 2025",
  "global options" : {
    "write_iops_log" : "sea_1osd_28reactor_32fio_bal_osd_rc_1procs_randread",
    "write_bw_log" : "sea_1osd_28reactor_32fio_bal_osd_rc_1procs_randread",
    "write_lat_log" : "sea_1osd_28reactor_32fio_bal_osd_rc_1procs_randread",
    "ioengine" : "rbd",
    "bs" : "4k",
    "rw" : "randread",
    "direct" : "1",
    "runtime" : "5m",
    "time_based" : "",
    "group_reporting" : "",
    "ramp_time" : "30s",
    "thread" : "1",
    "iodepth" : "1",
    "clientname" : "admin",
    "pool" : "rbd"
  },
  "jobs" : [
    {
      "jobname" : "fio_test_0",
      "groupid" : 0,
      "job_start" : 1747129548765,
      "error" : 110,
      "eta" : 0,
      "elapsed" : 81,
      "job options" : {
        "max_latency" : "1s",
        "numjobs" : "1",
        "rbdname" : "fio_test_31"
      },
      "read" : {
        "io_bytes" : 14216462336,
        "io_kbytes" : 13883264,
        "bw_bytes" : 285087579,
        "bw" : 278405,
        "iops" : 69601.459883,
        "runtime" : 49867,
        "total_ios" : 3470816,
        "short_ios" : 0,
        "drop_ios" : 0,
        "slat_ns" : {
          "min" : 1427,
          "max" : 340964,
          "mean" : 2774.743405,
          "stddev" : 790.309435,
          "N" : 3470816
        },
        "clat_ns" : {
          "min" : 117918,
          "max" : 24853667451,
          "mean" : 453813.406907,
          "stddev" : 74712328.572391,
          "N" : 3470816,
          "percentile" : {
            "1.000000" : 136192,
            "5.000000" : 142336,
            "10.000000" : 148480,
            "20.000000" : 156672,
            "30.000000" : 168960,
            "40.000000" : 185344,
            "50.000000" : 205824,
            "60.000000" : 224256,
            "70.000000" : 250880,
            "80.000000" : 284672,
            "90.000000" : 337920,
            "95.000000" : 391168,
            "99.000000" : 497664,
            "99.500000" : 544768,
            "99.900000" : 651264,
            "99.950000" : 700416,
            "99.990000" : 987136
          }
        },
        "lat_ns" : {
          "min" : 119892,
          "max" : 24853669278,
          "mean" : 456588.150312,
          "stddev" : 74712332.599785,
          "N" : 3470816
        },
        "bw_min" : 0,
        "bw_max" : 1079481,
        "bw_agg" : 100.000000,
        "bw_mean" : 632363.872097,
        "bw_dev" : 5443.293895,
        "bw_samples" : 3470816,
        "iops_min" : 32,
        "iops_max" : 32,
        "iops_mean" : 32.000000,
        "iops_stddev" : 0.000000,
        "iops_samples" : 3470816
      },
      "write" : {
        "io_bytes" : 0,
        "io_kbytes" : 0,
        "bw_bytes" : 0,
        "bw" : 0,
        "iops" : 0.000000,
        "runtime" : 0,
        "total_ios" : 0,
        "short_ios" : 0,
        "drop_ios" : 0,
        "slat_ns" : {
          "min" : 0,
          "max" : 0,
          "mean" : 0.000000,
          "stddev" : 0.000000,
          "N" : 0
        },
        "clat_ns" : {
          "min" : 0,
          "max" : 0,
          "mean" : 0.000000,
          "stddev" : 0.000000,
          "N" : 0
        },
        "lat_ns" : {
          "min" : 0,
          "max" : 0,
          "mean" : 0.000000,
          "stddev" : 0.000000,
          "N" : 0
        },
        "bw_min" : 0,
        "bw_max" : 0,
        "bw_agg" : 0.000000,
        "bw_mean" : 0.000000,
        "bw_dev" : 0.000000,
        "bw_samples" : 0,
        "iops_min" : 0,
        "iops_max" : 0,
        "iops_mean" : 0.000000,
        "iops_stddev" : 0.000000,
        "iops_samples" : 0
      },
      "trim" : {
        "io_bytes" : 0,
        "io_kbytes" : 0,
        "bw_bytes" : 0,
        "bw" : 0,
        "iops" : 0.000000,
        "runtime" : 0,
        "total_ios" : 0,
        "short_ios" : 0,
        "drop_ios" : 0,
        "slat_ns" : {
          "min" : 0,
          "max" : 0,
          "mean" : 0.000000,
          "stddev" : 0.000000,
          "N" : 0
        },
        "clat_ns" : {
          "min" : 0,
          "max" : 0,
          "mean" : 0.000000,
          "stddev" : 0.000000,
          "N" : 0
        },
        "lat_ns" : {
          "min" : 0,
          "max" : 0,
          "mean" : 0.000000,
          "stddev" : 0.000000,
          "N" : 0
        },
        "bw_min" : 0,
        "bw_max" : 0,
        "bw_agg" : 0.000000,
        "bw_mean" : 0.000000,
        "bw_dev" : 0.000000,
        "bw_samples" : 0,
        "iops_min" : 0,
        "iops_max" : 0,
        "iops_mean" : 0.000000,
        "iops_stddev" : 0.000000,
        "iops_samples" : 0
      },
      "sync" : {
        "total_ios" : 0,
        "lat_ns" : {
          "min" : 0,
          "max" : 0,
          "mean" : 0.000000,
          "stddev" : 0.000000,
          "N" : 0
        }
      },
      "job_runtime" : 1589725,
      "usr_cpu" : 1.048043,
      "sys_cpu" : 0.853921,
      "ctx" : 3471081,
      "majf" : 0,
      "minf" : 159552,
      "iodepth_level" : {
        "1" : 100.000000,
        "2" : 0.000000,
        "4" : 0.000000,
        "8" : 0.000000,
        "16" : 0.000000,
        "32" : 0.000000,
        ">=64" : 0.000000
      },
      "iodepth_submit" : {
        "0" : 0.000000,
        "4" : 100.000000,
        "8" : 0.000000,
        "16" : 0.000000,
        "32" : 0.000000,
        "64" : 0.000000,
        ">=64" : 0.000000
      },
      "iodepth_complete" : {
        "0" : 0.100000,
        "4" : 99.999539,
        "8" : 0.000000,
        "16" : 0.000000,
        "32" : 0.000000,
        "64" : 0.000000,
        ">=64" : 0.000000
      },
      "latency_ns" : {
        "2" : 0.000000,
        "4" : 0.000000,
        "10" : 0.000000,
        "20" : 0.000000,
        "50" : 0.000000,
        "100" : 0.000000,
        "250" : 0.000000,
        "500" : 0.000000,
        "750" : 0.000000,
        "1000" : 0.000000
      },
      "latency_us" : {
        "2" : 0.000000,
        "4" : 0.000000,
        "10" : 0.000000,
        "20" : 0.000000,
        "50" : 0.000000,
        "100" : 0.000000,
        "250" : 69.881002,
        "500" : 29.125975,
        "750" : 0.962684,
        "1000" : 0.020485
      },
      "latency_ms" : {
        "2" : 0.010000,
        "4" : 0.010000,
        "10" : 0.010000,
        "20" : 0.000000,
        "50" : 0.000000,
        "100" : 0.010000,
        "250" : 0.000000,
        "500" : 0.000000,
        "750" : 0.000000,
        "1000" : 0.000000,
        "2000" : 0.000000,
        ">=2000" : 0.010000
      },
      "latency_depth" : 1,
      "latency_target" : 0,
      "latency_percentile" : 100.000000,
      "latency_window" : 0
    }
  ],
  "disk_util" : [
    {
      "name" : "sda",
      "read_ios" : 20,
      "write_ios" : 1985,
      "read_sectors" : 344,
      "write_sectors" : 75440,
      "read_merges" : 21,
      "write_merges" : 2755,
      "read_ticks" : 8,
      "write_ticks" : 431,
      "in_queue" : 461,
      "util" : 0.234587
    }
  ]
}
