{
    "iodepth": [
        "1",
        "2",
        "4",
        "8",
        "16",
        "24",
        "32",
        "40",
        "52",
        "64"
    ],
    "iops": [
        69601.459883,
        40152.736347,
        24441.493633,
        29791.137244,
        21280.945883,
        69517.647059,
        162733.145299,
        112628.714572,
        34984.85761,
        139924.422463
    ],
    "total_ios": [
        3470816,
        1399885,
        852226,
        1038668,
        1185221,
        2771321,
        15462578,
        7868242,
        1219887,
        11175064
    ],
    "clat_ms": [
        0.453813406907,
        1.579024247431,
        5.19529443114,
        8.524970935518,
        17.458955738358,
        10.942832361374,
        6.2315706206799995,
        11.248559709685999,
        46.35716890409,
        14.394446326157
    ],
    "clat_stdev": [
        74.712328572391,
        168.812924605773,
        368.62625768337705,
        472.16377076833203,
        771.222440334847,
        494.88048593404903,
        267.53495227960303,
        493.068303527037,
        1097.899447473102,
        455.17904964144805
    ],
    "usr_cpu": [
        1.048043,
        0.567119,
        0.341343,
        0.396917,
        0.337861,
        0.823153,
        1.955093,
        1.280819,
        0.400518,
        1.667179
    ],
    "sys_cpu": [
        0.853921,
        0.4943,
        0.278436,
        0.301141,
        0.255981,
        0.606422,
        1.350394,
        0.882754,
        0.283467,
        1.140821
    ],
    "OSD_cpu": [
        850.0266666666696,
        0.0,
        0.0,
        0.0,
        0.0,
        0.0,
        0.0,
        0.0,
        0.0,
        0.0
    ],
    "OSD_mem": [
        632.7799999999992,
        0.0,
        0.0,
        0.0,
        0.0,
        0.0,
        0.0,
        0.0,
        0.0,
        0.0
    ],
    "FIO_cpu": [
        247.00000000000225,
        127.0333333333332,
        101.70000000000022,
        109.96000000000036,
        111.47666666666696,
        197.18000000000066,
        854.0233333333163,
        434.9266666666651,
        110.94333333333365,
        632.249999999993
    ],
    "FIO_mem": [
        42.02000000000484,
        16.500000000001467,
        16.500000000001467,
        16.500000000001467,
        19.486666666668814,
        36.00000000000356,
        322.50000000002336,
        190.72000000002345,
        16.500000000001467,
        265.49999999995424
    ]
}