{
    "0": {
        "reactor_utilization": 8.416772155385033
    },
    "1": {
        "reactor_utilization": 7.002882434006245
    },
    "2": {
        "reactor_utilization": 10.390733484034975
    },
    "3": {
        "reactor_utilization": 9.405078844453108
    },
    "4": {
        "reactor_utilization": 8.73155793101662
    },
    "5": {
        "reactor_utilization": 11.281508134737553
    },
    "6": {
        "reactor_utilization": 10.90572144879714
    },
    "7": {
        "reactor_utilization": 9.803178564625295
    },
    "8": {
        "reactor_utilization": 10.890293467176116
    },
    "9": {
        "reactor_utilization": 10.683348901226502
    },
    "10": {
        "reactor_utilization": 9.44437816044198
    },
    "11": {
        "reactor_utilization": 9.2954153899292
    },
    "12": {
        "reactor_utilization": 9.438276856337964
    },
    "13": {
        "reactor_utilization": 10.304488152837683
    },
    "14": {
        "reactor_utilization": 9.859981410706034
    },
    "15": {
        "reactor_utilization": 10.14129790425419
    },
    "16": {
        "reactor_utilization": 9.789815699522961
    },
    "17": {
        "reactor_utilization": 8.755116696512168
    },
    "18": {
        "reactor_utilization": 8.747711568516134
    },
    "19": {
        "reactor_utilization": 8.946279677431786
    },
    "20": {
        "reactor_utilization": 8.076602429372587
    },
    "21": {
        "reactor_utilization": 8.235584807305377
    },
    "22": {
        "reactor_utilization": 7.833800320159783
    },
    "23": {
        "reactor_utilization": 7.810469804853016
    },
    "24": {
        "reactor_utilization": 8.628209784521191
    },
    "25": {
        "reactor_utilization": 8.503400011740199
    },
    "26": {
        "reactor_utilization": 8.004907723584209
    },
    "27": {
        "reactor_utilization": 8.556111252866495
    }
}