{
  "fio version" : "fio-3.39-26-ga72fe",
  "timestamp" : 1755310807,
  "timestamp_ms" : 1755310807175,
  "time" : "Sat Aug 16 02:20:07 2025",
  "global options" : {
    "write_iops_log" : "sea_1osd_4reactor_32fio_bal_osd_rc_1procs_randread_norm",
    "write_bw_log" : "sea_1osd_4reactor_32fio_bal_osd_rc_1procs_randread_norm",
    "write_lat_log" : "sea_1osd_4reactor_32fio_bal_osd_rc_1procs_randread_norm",
    "write_hist_log" : "sea_1osd_4reactor_32fio_bal_osd_rc_1procs_randread_norm",
    "ioengine" : "rbd",
    "bs" : "4k",
    "rw" : "randread",
    "random_distribution" : "normal:0.6",
    "direct" : "1",
    "runtime" : "5m",
    "time_based" : "",
    "group_reporting" : "",
    "numjobs" : "1",
    "ramp_time" : "30s",
    "thread" : "1",
    "iodepth" : "2",
    "clientname" : "admin",
    "pool" : "rbd"
  },
  "jobs" : [
    {
      "jobname" : "fio_test_0",
      "groupid" : 0,
      "job_start" : 1755310501175,
      "error" : 0,
      "eta" : 0,
      "elapsed" : 337,
      "job options" : {
        "max_latency" : "1s",
        "rbdname" : "fio_test_0"
      },
      "read" : {
        "io_bytes" : 14780899328,
        "io_kbytes" : 14434472,
        "bw_bytes" : 49269500,
        "bw" : 48114,
        "iops" : 12028.683238,
        "runtime" : 300001,
        "total_ios" : 3608617,
        "short_ios" : 0,
        "drop_ios" : 0,
        "slat_ns" : {
          "min" : 509,
          "max" : 61105,
          "mean" : 2976.734414,
          "stddev" : 1647.266318,
          "N" : 3608617
        },
        "clat_ns" : {
          "min" : 78298,
          "max" : 2587092,
          "mean" : 162114.830786,
          "stddev" : 40828.571858,
          "N" : 3608618,
          "percentile" : {
            "1.000000" : 93696,
            "5.000000" : 102912,
            "10.000000" : 111104,
            "20.000000" : 120320,
            "30.000000" : 132096,
            "40.000000" : 150528,
            "50.000000" : 162816,
            "60.000000" : 175104,
            "70.000000" : 183296,
            "80.000000" : 195584,
            "90.000000" : 214016,
            "95.000000" : 230400,
            "99.000000" : 268288,
            "99.500000" : 280576,
            "99.900000" : 296960,
            "99.950000" : 305152,
            "99.990000" : 337920
          }
        },
        "lat_ns" : {
          "min" : 79763,
          "max" : 2591549,
          "mean" : 165091.564926,
          "stddev" : 41667.977853,
          "N" : 3608618
        },
        "bw_min" : 1583,
        "bw_max" : 52312,
        "bw_agg" : 56.007778,
        "bw_mean" : 26948.072910,
        "bw_dev" : 6965.296930,
        "bw_samples" : 3608618,
        "iops_min" : 1,
        "iops_max" : 1,
        "iops_mean" : 1.000000,
        "iops_stddev" : 0.000000,
        "iops_samples" : 3608618
      },
      "write" : {
        "io_bytes" : 0,
        "io_kbytes" : 0,
        "bw_bytes" : 0,
        "bw" : 0,
        "iops" : 0.000000,
        "runtime" : 0,
        "total_ios" : 0,
        "short_ios" : 0,
        "drop_ios" : 0,
        "slat_ns" : {
          "min" : 0,
          "max" : 0,
          "mean" : 0.000000,
          "stddev" : 0.000000,
          "N" : 0
        },
        "clat_ns" : {
          "min" : 0,
          "max" : 0,
          "mean" : 0.000000,
          "stddev" : 0.000000,
          "N" : 0
        },
        "lat_ns" : {
          "min" : 0,
          "max" : 0,
          "mean" : 0.000000,
          "stddev" : 0.000000,
          "N" : 0
        },
        "bw_min" : 0,
        "bw_max" : 0,
        "bw_agg" : 0.000000,
        "bw_mean" : 0.000000,
        "bw_dev" : 0.000000,
        "bw_samples" : 0,
        "iops_min" : 0,
        "iops_max" : 0,
        "iops_mean" : 0.000000,
        "iops_stddev" : 0.000000,
        "iops_samples" : 0
      },
      "trim" : {
        "io_bytes" : 0,
        "io_kbytes" : 0,
        "bw_bytes" : 0,
        "bw" : 0,
        "iops" : 0.000000,
        "runtime" : 0,
        "total_ios" : 0,
        "short_ios" : 0,
        "drop_ios" : 0,
        "slat_ns" : {
          "min" : 0,
          "max" : 0,
          "mean" : 0.000000,
          "stddev" : 0.000000,
          "N" : 0
        },
        "clat_ns" : {
          "min" : 0,
          "max" : 0,
          "mean" : 0.000000,
          "stddev" : 0.000000,
          "N" : 0
        },
        "lat_ns" : {
          "min" : 0,
          "max" : 0,
          "mean" : 0.000000,
          "stddev" : 0.000000,
          "N" : 0
        },
        "bw_min" : 0,
        "bw_max" : 0,
        "bw_agg" : 0.000000,
        "bw_mean" : 0.000000,
        "bw_dev" : 0.000000,
        "bw_samples" : 0,
        "iops_min" : 0,
        "iops_max" : 0,
        "iops_mean" : 0.000000,
        "iops_stddev" : 0.000000,
        "iops_samples" : 0
      },
      "sync" : {
        "total_ios" : 0,
        "lat_ns" : {
          "min" : 0,
          "max" : 0,
          "mean" : 0.000000,
          "stddev" : 0.000000,
          "N" : 0
        }
      },
      "job_runtime" : 300000,
      "usr_cpu" : 5.589667,
      "sys_cpu" : 5.783333,
      "ctx" : 3500124,
      "majf" : 0,
      "minf" : 14924,
      "iodepth_level" : {
        "1" : 0.100000,
        "2" : 99.999667,
        "4" : 0.000000,
        "8" : 0.000000,
        "16" : 0.000000,
        "32" : 0.000000,
        ">=64" : 0.000000
      },
      "iodepth_submit" : {
        "0" : 0.000000,
        "4" : 100.000000,
        "8" : 0.000000,
        "16" : 0.000000,
        "32" : 0.000000,
        "64" : 0.000000,
        ">=64" : 0.000000
      },
      "iodepth_complete" : {
        "0" : 0.000000,
        "4" : 100.000000,
        "8" : 0.000000,
        "16" : 0.000000,
        "32" : 0.000000,
        "64" : 0.000000,
        ">=64" : 0.000000
      },
      "latency_ns" : {
        "2" : 0.000000,
        "4" : 0.000000,
        "10" : 0.000000,
        "20" : 0.000000,
        "50" : 0.000000,
        "100" : 0.000000,
        "250" : 0.000000,
        "500" : 0.000000,
        "750" : 0.000000,
        "1000" : 0.000000
      },
      "latency_us" : {
        "2" : 0.000000,
        "4" : 0.000000,
        "10" : 0.000000,
        "20" : 0.000000,
        "50" : 0.000000,
        "100" : 3.383013,
        "250" : 94.135648,
        "500" : 2.479011,
        "750" : 0.010000,
        "1000" : 0.010000
      },
      "latency_ms" : {
        "2" : 0.010000,
        "4" : 0.010000,
        "10" : 0.000000,
        "20" : 0.000000,
        "50" : 0.000000,
        "100" : 0.000000,
        "250" : 0.000000,
        "500" : 0.000000,
        "750" : 0.000000,
        "1000" : 0.000000,
        "2000" : 0.000000,
        ">=2000" : 0.000000
      },
      "latency_depth" : 2,
      "latency_target" : 0,
      "latency_percentile" : 100.000000,
      "latency_window" : 0
    }
  ],
  "disk_util" : [
    {
      "name" : "sda",
      "read_ios" : 0,
      "write_ios" : 5431,
      "read_sectors" : 0,
      "write_sectors" : 3323096,
      "read_merges" : 0,
      "write_merges" : 5357,
      "read_ticks" : 0,
      "write_ticks" : 20250,
      "in_queue" : 20287,
      "util" : 0.997176
    }
  ]
}
