{
  "fio version" : "fio-3.39-26-ga72fe",
  "timestamp" : 1750864142,
  "timestamp_ms" : 1750864142116,
  "time" : "Wed Jun 25 15:09:02 2025",
  "global options" : {
    "ioengine" : "rbd",
    "bs" : "4k",
    "rw" : "randwrite",
    "direct" : "1",
    "runtime" : "5m",
    "time_based" : "",
    "group_reporting" : "",
    "ramp_time" : "30s",
    "thread" : "1",
    "iodepth" : "32",
    "clientname" : "admin",
    "pool" : "rbd"
  },
  "jobs" : [
    {
      "jobname" : "fio_test_0",
      "groupid" : 0,
      "job_start" : 1750864141612,
      "error" : 110,
      "eta" : 0,
      "elapsed" : 31,
      "job options" : {
        "max_latency" : "1s",
        "numjobs" : "1",
        "rbdname" : "fio_test_31"
      },
      "read" : {
        "io_bytes" : 0,
        "io_kbytes" : 0,
        "bw_bytes" : 0,
        "bw" : 0,
        "iops" : 0.000000,
        "runtime" : 0,
        "total_ios" : 0,
        "short_ios" : 0,
        "drop_ios" : 0,
        "slat_ns" : {
          "min" : 0,
          "max" : 0,
          "mean" : 0.000000,
          "stddev" : 0.000000,
          "N" : 0
        },
        "clat_ns" : {
          "min" : 0,
          "max" : 0,
          "mean" : 0.000000,
          "stddev" : 0.000000,
          "N" : 0
        },
        "lat_ns" : {
          "min" : 0,
          "max" : 0,
          "mean" : 0.000000,
          "stddev" : 0.000000,
          "N" : 0
        },
        "bw_min" : 0,
        "bw_max" : 0,
        "bw_agg" : 0.000000,
        "bw_mean" : 0.000000,
        "bw_dev" : 0.000000,
        "bw_samples" : 0,
        "iops_min" : 0,
        "iops_max" : 0,
        "iops_mean" : 0.000000,
        "iops_stddev" : 0.000000,
        "iops_samples" : 0
      },
      "write" : {
        "io_bytes" : 9256960,
        "io_kbytes" : 9040,
        "bw_bytes" : 33784525,
        "bw" : 32992,
        "iops" : 4627.737226,
        "runtime" : 274,
        "total_ios" : 1268,
        "short_ios" : 0,
        "drop_ios" : 0,
        "slat_ns" : {
          "min" : 1361,
          "max" : 40661,
          "mean" : 6952.009464,
          "stddev" : 5085.791010,
          "N" : 1268
        },
        "clat_ns" : {
          "min" : 340063,
          "max" : 2016409851,
          "mean" : 360741840.941150,
          "stddev" : 504575192.959367,
          "N" : 2260,
          "percentile" : {
            "1.000000" : 428032,
            "5.000000" : 667648,
            "10.000000" : 970752,
            "20.000000" : 1810432,
            "30.000000" : 2932736,
            "40.000000" : 5275648,
            "50.000000" : 17432576,
            "60.000000" : 252706816,
            "70.000000" : 467664896,
            "80.000000" : 784334848,
            "90.000000" : 1166016512,
            "95.000000" : 1417674752,
            "99.000000" : 1887436800,
            "99.500000" : 1971322880,
            "99.900000" : 2004877312,
            "99.950000" : 2004877312,
            "99.990000" : 2021654528
          }
        },
        "lat_ns" : {
          "min" : 345977,
          "max" : 2016414627,
          "mean" : 360748624.803982,
          "stddev" : 504574984.046971,
          "N" : 2260
        },
        "bw_min" : 0,
        "bw_max" : 0,
        "bw_agg" : 0.000000,
        "bw_mean" : 0.000000,
        "bw_dev" : 0.000000,
        "bw_samples" : 0,
        "iops_min" : 0,
        "iops_max" : 0,
        "iops_mean" : 0.000000,
        "iops_stddev" : 0.000000,
        "iops_samples" : 0
      },
      "trim" : {
        "io_bytes" : 0,
        "io_kbytes" : 0,
        "bw_bytes" : 0,
        "bw" : 0,
        "iops" : 0.000000,
        "runtime" : 0,
        "total_ios" : 0,
        "short_ios" : 0,
        "drop_ios" : 0,
        "slat_ns" : {
          "min" : 0,
          "max" : 0,
          "mean" : 0.000000,
          "stddev" : 0.000000,
          "N" : 0
        },
        "clat_ns" : {
          "min" : 0,
          "max" : 0,
          "mean" : 0.000000,
          "stddev" : 0.000000,
          "N" : 0
        },
        "lat_ns" : {
          "min" : 0,
          "max" : 0,
          "mean" : 0.000000,
          "stddev" : 0.000000,
          "N" : 0
        },
        "bw_min" : 0,
        "bw_max" : 0,
        "bw_agg" : 0.000000,
        "bw_mean" : 0.000000,
        "bw_dev" : 0.000000,
        "bw_samples" : 0,
        "iops_min" : 0,
        "iops_max" : 0,
        "iops_mean" : 0.000000,
        "iops_stddev" : 0.000000,
        "iops_samples" : 0
      },
      "sync" : {
        "total_ios" : 0,
        "lat_ns" : {
          "min" : 0,
          "max" : 0,
          "mean" : 0.000000,
          "stddev" : 0.000000,
          "N" : 0
        }
      },
      "job_runtime" : 8329,
      "usr_cpu" : 0.096050,
      "sys_cpu" : 0.108056,
      "ctx" : 2044,
      "majf" : 0,
      "minf" : 33,
      "iodepth_level" : {
        "1" : 0.000000,
        "2" : 0.000000,
        "4" : 0.000000,
        "8" : 0.000000,
        "16" : 0.000000,
        "32" : 100.000000,
        ">=64" : 0.000000
      },
      "iodepth_submit" : {
        "0" : 0.000000,
        "4" : 100.000000,
        "8" : 0.000000,
        "16" : 0.000000,
        "32" : 0.000000,
        "64" : 0.000000,
        ">=64" : 0.000000
      },
      "iodepth_complete" : {
        "0" : 1.230769,
        "4" : 97.538462,
        "8" : 0.000000,
        "16" : 0.000000,
        "32" : 1.230769,
        "64" : 0.000000,
        ">=64" : 0.000000
      },
      "latency_ns" : {
        "2" : 0.000000,
        "4" : 0.000000,
        "10" : 0.000000,
        "20" : 0.000000,
        "50" : 0.000000,
        "100" : 0.000000,
        "250" : 0.000000,
        "500" : 0.000000,
        "750" : 0.000000,
        "1000" : 0.000000
      },
      "latency_us" : {
        "2" : 0.000000,
        "4" : 0.000000,
        "10" : 0.000000,
        "20" : 0.000000,
        "50" : 0.000000,
        "100" : 0.000000,
        "250" : 0.000000,
        "500" : 4.416404,
        "750" : 6.388013,
        "1000" : 7.965300
      },
      "latency_ms" : {
        "2" : 20.899054,
        "4" : 25.552050,
        "10" : 16.798107,
        "20" : 8.517350,
        "50" : 4.022082,
        "100" : 0.946372,
        "250" : 10.725552,
        "500" : 20.820189,
        "750" : 13.958991,
        "1000" : 11.277603,
        "2000" : 25.788644,
        ">=2000" : 0.157729
      },
      "latency_depth" : 32,
      "latency_target" : 0,
      "latency_percentile" : 100.000000,
      "latency_window" : 0
    }
  ],
  "disk_util" : [
    {
      "name" : "sda",
      "read_ios" : 0,
      "write_ios" : 779,
      "read_sectors" : 0,
      "write_sectors" : 26104,
      "read_merges" : 0,
      "write_merges" : 1162,
      "read_ticks" : 0,
      "write_ticks" : 149,
      "in_queue" : 156,
      "util" : 0.184484
    }
  ]
}
