{
  "fio version" : "fio-3.39-26-ga72fe",
  "timestamp" : 1750864801,
  "timestamp_ms" : 1750864801367,
  "time" : "Wed Jun 25 15:20:01 2025",
  "global options" : {
    "ioengine" : "rbd",
    "bs" : "4k",
    "rw" : "randwrite",
    "direct" : "1",
    "runtime" : "5m",
    "time_based" : "",
    "group_reporting" : "",
    "ramp_time" : "30s",
    "thread" : "1",
    "iodepth" : "40",
    "clientname" : "admin",
    "pool" : "rbd"
  },
  "jobs" : [
    {
      "jobname" : "fio_test_0",
      "groupid" : 0,
      "job_start" : 1750864781858,
      "error" : 110,
      "eta" : 0,
      "elapsed" : 50,
      "job options" : {
        "max_latency" : "1s",
        "numjobs" : "1",
        "rbdname" : "fio_test_31"
      },
      "read" : {
        "io_bytes" : 0,
        "io_kbytes" : 0,
        "bw_bytes" : 0,
        "bw" : 0,
        "iops" : 0.000000,
        "runtime" : 0,
        "total_ios" : 0,
        "short_ios" : 0,
        "drop_ios" : 0,
        "slat_ns" : {
          "min" : 0,
          "max" : 0,
          "mean" : 0.000000,
          "stddev" : 0.000000,
          "N" : 0
        },
        "clat_ns" : {
          "min" : 0,
          "max" : 0,
          "mean" : 0.000000,
          "stddev" : 0.000000,
          "N" : 0
        },
        "lat_ns" : {
          "min" : 0,
          "max" : 0,
          "mean" : 0.000000,
          "stddev" : 0.000000,
          "N" : 0
        },
        "bw_min" : 0,
        "bw_max" : 0,
        "bw_agg" : 0.000000,
        "bw_mean" : 0.000000,
        "bw_dev" : 0.000000,
        "bw_samples" : 0,
        "iops_min" : 0,
        "iops_max" : 0,
        "iops_mean" : 0.000000,
        "iops_stddev" : 0.000000,
        "iops_samples" : 0
      },
      "write" : {
        "io_bytes" : 1376059392,
        "io_kbytes" : 1343808,
        "bw_bytes" : 70792231,
        "bw" : 69133,
        "iops" : 17219.055458,
        "runtime" : 19438,
        "total_ios" : 334704,
        "short_ios" : 0,
        "drop_ios" : 0,
        "slat_ns" : {
          "min" : 1071,
          "max" : 88586,
          "mean" : 6266.139281,
          "stddev" : 4796.035932,
          "N" : 334704
        },
        "clat_ns" : {
          "min" : 277452,
          "max" : 1837327993,
          "mean" : 29724261.478390,
          "stddev" : 72224044.622795,
          "N" : 335952,
          "percentile" : {
            "1.000000" : 444416,
            "5.000000" : 798720,
            "10.000000" : 1400832,
            "20.000000" : 2539520,
            "30.000000" : 3588096,
            "40.000000" : 4882432,
            "50.000000" : 6455296,
            "60.000000" : 8978432,
            "70.000000" : 13565952,
            "80.000000" : 26869760,
            "90.000000" : 80216064,
            "95.000000" : 160432128,
            "99.000000" : 329252864,
            "99.500000" : 434110464,
            "99.900000" : 801112064,
            "99.950000" : 926941184,
            "99.990000" : 1199570944
          }
        },
        "lat_ns" : {
          "min" : 280742,
          "max" : 1837334905,
          "mean" : 29730530.183235,
          "stddev" : 72224109.994144,
          "N" : 335952
        },
        "bw_min" : 41771,
        "bw_max" : 99773,
        "bw_agg" : 100.000000,
        "bw_mean" : 77661.078947,
        "bw_dev" : 1123.599968,
        "bw_samples" : 473,
        "iops_min" : 10441,
        "iops_max" : 24939,
        "iops_mean" : 19412.921053,
        "iops_stddev" : 280.891333,
        "iops_samples" : 473
      },
      "trim" : {
        "io_bytes" : 0,
        "io_kbytes" : 0,
        "bw_bytes" : 0,
        "bw" : 0,
        "iops" : 0.000000,
        "runtime" : 0,
        "total_ios" : 0,
        "short_ios" : 0,
        "drop_ios" : 0,
        "slat_ns" : {
          "min" : 0,
          "max" : 0,
          "mean" : 0.000000,
          "stddev" : 0.000000,
          "N" : 0
        },
        "clat_ns" : {
          "min" : 0,
          "max" : 0,
          "mean" : 0.000000,
          "stddev" : 0.000000,
          "N" : 0
        },
        "lat_ns" : {
          "min" : 0,
          "max" : 0,
          "mean" : 0.000000,
          "stddev" : 0.000000,
          "N" : 0
        },
        "bw_min" : 0,
        "bw_max" : 0,
        "bw_agg" : 0.000000,
        "bw_mean" : 0.000000,
        "bw_dev" : 0.000000,
        "bw_samples" : 0,
        "iops_min" : 0,
        "iops_max" : 0,
        "iops_mean" : 0.000000,
        "iops_stddev" : 0.000000,
        "iops_samples" : 0
      },
      "sync" : {
        "total_ios" : 0,
        "lat_ns" : {
          "min" : 0,
          "max" : 0,
          "mean" : 0.000000,
          "stddev" : 0.000000,
          "N" : 0
        }
      },
      "job_runtime" : 245492,
      "usr_cpu" : 1.256253,
      "sys_cpu" : 0.771105,
      "ctx" : 244903,
      "majf" : 0,
      "minf" : 496,
      "iodepth_level" : {
        "1" : 0.000000,
        "2" : 0.000000,
        "4" : 0.000000,
        "8" : 0.000000,
        "16" : 0.000000,
        "32" : 100.000000,
        ">=64" : 0.000000
      },
      "iodepth_submit" : {
        "0" : 0.000000,
        "4" : 100.000000,
        "8" : 0.000000,
        "16" : 0.000000,
        "32" : 0.000000,
        "64" : 0.000000,
        ">=64" : 0.000000
      },
      "iodepth_complete" : {
        "0" : 0.100000,
        "4" : 99.990440,
        "8" : 0.000000,
        "16" : 0.000000,
        "32" : 0.000000,
        "64" : 0.100000,
        ">=64" : 0.000000
      },
      "latency_ns" : {
        "2" : 0.000000,
        "4" : 0.000000,
        "10" : 0.000000,
        "20" : 0.000000,
        "50" : 0.000000,
        "100" : 0.000000,
        "250" : 0.000000,
        "500" : 0.000000,
        "750" : 0.000000,
        "1000" : 0.000000
      },
      "latency_us" : {
        "2" : 0.000000,
        "4" : 0.000000,
        "10" : 0.000000,
        "20" : 0.000000,
        "50" : 0.000000,
        "100" : 0.000000,
        "250" : 0.000000,
        "500" : 1.818323,
        "750" : 2.687150,
        "1000" : 2.408397
      },
      "latency_ms" : {
        "2" : 8.241013,
        "4" : 18.245375,
        "10" : 29.967374,
        "20" : 13.220637,
        "50" : 9.803886,
        "100" : 5.619293,
        "250" : 6.364728,
        "500" : 1.641450,
        "750" : 0.214817,
        "1000" : 0.103076,
        "2000" : 0.037346,
        ">=2000" : 0.000000
      },
      "latency_depth" : 40,
      "latency_target" : 0,
      "latency_percentile" : 100.000000,
      "latency_window" : 0
    }
  ],
  "disk_util" : [
    {
      "name" : "sda",
      "read_ios" : 0,
      "write_ios" : 1210,
      "read_sectors" : 0,
      "write_sectors" : 27192,
      "read_merges" : 0,
      "write_merges" : 1794,
      "read_ticks" : 0,
      "write_ticks" : 179,
      "in_queue" : 192,
      "util" : 0.164150
    }
  ]
}
