{
  "fio version" : "fio-3.39-26-ga72fe",
  "timestamp" : 1750861803,
  "timestamp_ms" : 1750861803806,
  "time" : "Wed Jun 25 14:30:03 2025",
  "global options" : {
    "ioengine" : "rbd",
    "bs" : "4k",
    "rw" : "randwrite",
    "direct" : "1",
    "runtime" : "5m",
    "time_based" : "",
    "group_reporting" : "",
    "ramp_time" : "30s",
    "thread" : "1",
    "iodepth" : "8",
    "clientname" : "admin",
    "pool" : "rbd"
  },
  "jobs" : [
    {
      "jobname" : "fio_test_0",
      "groupid" : 0,
      "job_start" : 1750861503657,
      "error" : 0,
      "eta" : 0,
      "elapsed" : 331,
      "job options" : {
        "max_latency" : "1s",
        "numjobs" : "1",
        "rbdname" : "fio_test_31"
      },
      "read" : {
        "io_bytes" : 0,
        "io_kbytes" : 0,
        "bw_bytes" : 0,
        "bw" : 0,
        "iops" : 0.000000,
        "runtime" : 0,
        "total_ios" : 0,
        "short_ios" : 0,
        "drop_ios" : 0,
        "slat_ns" : {
          "min" : 0,
          "max" : 0,
          "mean" : 0.000000,
          "stddev" : 0.000000,
          "N" : 0
        },
        "clat_ns" : {
          "min" : 0,
          "max" : 0,
          "mean" : 0.000000,
          "stddev" : 0.000000,
          "N" : 0
        },
        "lat_ns" : {
          "min" : 0,
          "max" : 0,
          "mean" : 0.000000,
          "stddev" : 0.000000,
          "N" : 0
        },
        "bw_min" : 0,
        "bw_max" : 0,
        "bw_agg" : 0.000000,
        "bw_mean" : 0.000000,
        "bw_dev" : 0.000000,
        "bw_samples" : 0,
        "iops_min" : 0,
        "iops_max" : 0,
        "iops_mean" : 0.000000,
        "iops_stddev" : 0.000000,
        "iops_samples" : 0
      },
      "write" : {
        "io_bytes" : 23495839744,
        "io_kbytes" : 22945156,
        "bw_bytes" : 78312417,
        "bw" : 76476,
        "iops" : 19118.496002,
        "runtime" : 300027,
        "total_ios" : 5736065,
        "short_ios" : 0,
        "drop_ios" : 0,
        "slat_ns" : {
          "min" : 1005,
          "max" : 576910,
          "mean" : 6845.183127,
          "stddev" : 4662.935584,
          "N" : 5736065
        },
        "clat_ns" : {
          "min" : 266842,
          "max" : 348529686,
          "mean" : 13380913.916434,
          "stddev" : 20090212.003746,
          "N" : 5736289,
          "percentile" : {
            "1.000000" : 536576,
            "5.000000" : 1122304,
            "10.000000" : 1777664,
            "20.000000" : 2867200,
            "30.000000" : 3850240,
            "40.000000" : 4947968,
            "50.000000" : 6324224,
            "60.000000" : 8224768,
            "70.000000" : 11337728,
            "80.000000" : 17170432,
            "90.000000" : 32374784,
            "95.000000" : 54788096,
            "99.000000" : 102236160,
            "99.500000" : 120061952,
            "99.900000" : 162529280,
            "99.950000" : 181403648,
            "99.990000" : 225443840
          }
        },
        "lat_ns" : {
          "min" : 269104,
          "max" : 348532950,
          "mean" : 13387759.123018,
          "stddev" : 20090228.566563,
          "N" : 5736289
        },
        "bw_min" : 49104,
        "bw_max" : 102080,
        "bw_agg" : 100.000000,
        "bw_mean" : 76518.120979,
        "bw_dev" : 258.173449,
        "bw_samples" : 19178,
        "iops_min" : 12276,
        "iops_max" : 25520,
        "iops_mean" : 19129.211909,
        "iops_stddev" : 64.542365,
        "iops_samples" : 19178
      },
      "trim" : {
        "io_bytes" : 0,
        "io_kbytes" : 0,
        "bw_bytes" : 0,
        "bw" : 0,
        "iops" : 0.000000,
        "runtime" : 0,
        "total_ios" : 0,
        "short_ios" : 0,
        "drop_ios" : 0,
        "slat_ns" : {
          "min" : 0,
          "max" : 0,
          "mean" : 0.000000,
          "stddev" : 0.000000,
          "N" : 0
        },
        "clat_ns" : {
          "min" : 0,
          "max" : 0,
          "mean" : 0.000000,
          "stddev" : 0.000000,
          "N" : 0
        },
        "lat_ns" : {
          "min" : 0,
          "max" : 0,
          "mean" : 0.000000,
          "stddev" : 0.000000,
          "N" : 0
        },
        "bw_min" : 0,
        "bw_max" : 0,
        "bw_agg" : 0.000000,
        "bw_mean" : 0.000000,
        "bw_dev" : 0.000000,
        "bw_samples" : 0,
        "iops_min" : 0,
        "iops_max" : 0,
        "iops_mean" : 0.000000,
        "iops_stddev" : 0.000000,
        "iops_samples" : 0
      },
      "sync" : {
        "total_ios" : 0,
        "lat_ns" : {
          "min" : 0,
          "max" : 0,
          "mean" : 0.000000,
          "stddev" : 0.000000,
          "N" : 0
        }
      },
      "job_runtime" : 9600557,
      "usr_cpu" : 0.612162,
      "sys_cpu" : 0.410685,
      "ctx" : 5092153,
      "majf" : 0,
      "minf" : 1540,
      "iodepth_level" : {
        "1" : 0.000000,
        "2" : 0.000000,
        "4" : 0.000000,
        "8" : 100.000000,
        "16" : 0.000000,
        "32" : 0.000000,
        ">=64" : 0.000000
      },
      "iodepth_submit" : {
        "0" : 0.000000,
        "4" : 100.000000,
        "8" : 0.000000,
        "16" : 0.000000,
        "32" : 0.000000,
        "64" : 0.000000,
        ">=64" : 0.000000
      },
      "iodepth_complete" : {
        "0" : 0.000000,
        "4" : 99.999721,
        "8" : 0.100000,
        "16" : 0.000000,
        "32" : 0.000000,
        "64" : 0.000000,
        ">=64" : 0.000000
      },
      "latency_ns" : {
        "2" : 0.000000,
        "4" : 0.000000,
        "10" : 0.000000,
        "20" : 0.000000,
        "50" : 0.000000,
        "100" : 0.000000,
        "250" : 0.000000,
        "500" : 0.000000,
        "750" : 0.000000,
        "1000" : 0.000000
      },
      "latency_us" : {
        "2" : 0.000000,
        "4" : 0.000000,
        "10" : 0.000000,
        "20" : 0.000000,
        "50" : 0.000000,
        "100" : 0.000000,
        "250" : 0.000000,
        "500" : 0.779681,
        "750" : 1.555770,
        "1000" : 1.770011
      },
      "latency_ms" : {
        "2" : 7.997556,
        "4" : 19.929307,
        "10" : 34.481827,
        "20" : 16.479730,
        "50" : 11.261361,
        "100" : 4.640097,
        "250" : 1.104363,
        "500" : 0.010000,
        "750" : 0.000000,
        "1000" : 0.000000,
        "2000" : 0.000000,
        ">=2000" : 0.000000
      },
      "latency_depth" : 8,
      "latency_target" : 0,
      "latency_percentile" : 100.000000,
      "latency_window" : 0
    }
  ],
  "disk_util" : [
    {
      "name" : "sda",
      "read_ios" : 0,
      "write_ios" : 4160,
      "read_sectors" : 0,
      "write_sectors" : 113864,
      "read_merges" : 0,
      "write_merges" : 6135,
      "read_ticks" : 0,
      "write_ticks" : 748,
      "in_queue" : 788,
      "util" : 0.098195
    }
  ]
}
