{
  "fio version" : "fio-3.39-26-ga72fe",
  "timestamp" : 1750862800,
  "timestamp_ms" : 1750862800821,
  "time" : "Wed Jun 25 14:46:40 2025",
  "global options" : {
    "ioengine" : "rbd",
    "bs" : "4k",
    "rw" : "randwrite",
    "direct" : "1",
    "runtime" : "5m",
    "time_based" : "",
    "group_reporting" : "",
    "ramp_time" : "30s",
    "thread" : "1",
    "iodepth" : "16",
    "clientname" : "admin",
    "pool" : "rbd"
  },
  "jobs" : [
    {
      "jobname" : "fio_test_0",
      "groupid" : 0,
      "job_start" : 1750862500545,
      "error" : 110,
      "eta" : 0,
      "elapsed" : 331,
      "job options" : {
        "max_latency" : "1s",
        "numjobs" : "1",
        "rbdname" : "fio_test_31"
      },
      "read" : {
        "io_bytes" : 0,
        "io_kbytes" : 0,
        "bw_bytes" : 0,
        "bw" : 0,
        "iops" : 0.000000,
        "runtime" : 0,
        "total_ios" : 0,
        "short_ios" : 0,
        "drop_ios" : 0,
        "slat_ns" : {
          "min" : 0,
          "max" : 0,
          "mean" : 0.000000,
          "stddev" : 0.000000,
          "N" : 0
        },
        "clat_ns" : {
          "min" : 0,
          "max" : 0,
          "mean" : 0.000000,
          "stddev" : 0.000000,
          "N" : 0
        },
        "lat_ns" : {
          "min" : 0,
          "max" : 0,
          "mean" : 0.000000,
          "stddev" : 0.000000,
          "N" : 0
        },
        "bw_min" : 0,
        "bw_max" : 0,
        "bw_agg" : 0.000000,
        "bw_mean" : 0.000000,
        "bw_dev" : 0.000000,
        "bw_samples" : 0,
        "iops_min" : 0,
        "iops_max" : 0,
        "iops_mean" : 0.000000,
        "iops_stddev" : 0.000000,
        "iops_samples" : 0
      },
      "write" : {
        "io_bytes" : 22903939072,
        "io_kbytes" : 22367128,
        "bw_bytes" : 76341883,
        "bw" : 74552,
        "iops" : 18636.555140,
        "runtime" : 300018,
        "total_ios" : 5591302,
        "short_ios" : 0,
        "drop_ios" : 0,
        "slat_ns" : {
          "min" : 950,
          "max" : 224094,
          "mean" : 6224.928124,
          "stddev" : 4541.004607,
          "N" : 5591302
        },
        "clat_ns" : {
          "min" : 269992,
          "max" : 1536432930,
          "mean" : 17193413.475826,
          "stddev" : 50093353.668291,
          "N" : 5591782,
          "percentile" : {
            "1.000000" : 528384,
            "5.000000" : 1089536,
            "10.000000" : 1695744,
            "20.000000" : 2637824,
            "30.000000" : 3522560,
            "40.000000" : 4489216,
            "50.000000" : 5799936,
            "60.000000" : 7503872,
            "70.000000" : 10158080,
            "80.000000" : 15532032,
            "90.000000" : 31588352,
            "95.000000" : 62128128,
            "99.000000" : 214958080,
            "99.500000" : 346030080,
            "99.900000" : 725614592,
            "99.950000" : 817889280,
            "99.990000" : 918552576
          }
        },
        "lat_ns" : {
          "min" : 272539,
          "max" : 1536454752,
          "mean" : 17199638.446835,
          "stddev" : 50093450.838544,
          "N" : 5591782
        },
        "bw_min" : 40250,
        "bw_max" : 161070,
        "bw_agg" : 100.000000,
        "bw_mean" : 101909.260903,
        "bw_dev" : 1634.084146,
        "bw_samples" : 11987,
        "iops_min" : 10062,
        "iops_max" : 40266,
        "iops_mean" : 25476.537514,
        "iops_stddev" : 408.500868,
        "iops_samples" : 11987
      },
      "trim" : {
        "io_bytes" : 0,
        "io_kbytes" : 0,
        "bw_bytes" : 0,
        "bw" : 0,
        "iops" : 0.000000,
        "runtime" : 0,
        "total_ios" : 0,
        "short_ios" : 0,
        "drop_ios" : 0,
        "slat_ns" : {
          "min" : 0,
          "max" : 0,
          "mean" : 0.000000,
          "stddev" : 0.000000,
          "N" : 0
        },
        "clat_ns" : {
          "min" : 0,
          "max" : 0,
          "mean" : 0.000000,
          "stddev" : 0.000000,
          "N" : 0
        },
        "lat_ns" : {
          "min" : 0,
          "max" : 0,
          "mean" : 0.000000,
          "stddev" : 0.000000,
          "N" : 0
        },
        "bw_min" : 0,
        "bw_max" : 0,
        "bw_agg" : 0.000000,
        "bw_mean" : 0.000000,
        "bw_dev" : 0.000000,
        "bw_samples" : 0,
        "iops_min" : 0,
        "iops_max" : 0,
        "iops_mean" : 0.000000,
        "iops_stddev" : 0.000000,
        "iops_samples" : 0
      },
      "sync" : {
        "total_ios" : 0,
        "lat_ns" : {
          "min" : 0,
          "max" : 0,
          "mean" : 0.000000,
          "stddev" : 0.000000,
          "N" : 0
        }
      },
      "job_runtime" : 6007760,
      "usr_cpu" : 0.833356,
      "sys_cpu" : 0.572260,
      "ctx" : 4395478,
      "majf" : 0,
      "minf" : 2887,
      "iodepth_level" : {
        "1" : 0.000000,
        "2" : 0.000000,
        "4" : 0.000000,
        "8" : 0.000000,
        "16" : 100.000000,
        "32" : 0.000000,
        ">=64" : 0.000000
      },
      "iodepth_submit" : {
        "0" : 0.000000,
        "4" : 100.000000,
        "8" : 0.000000,
        "16" : 0.000000,
        "32" : 0.000000,
        "64" : 0.000000,
        ">=64" : 0.000000
      },
      "iodepth_complete" : {
        "0" : 0.100000,
        "4" : 99.999526,
        "8" : 0.000000,
        "16" : 0.100000,
        "32" : 0.000000,
        "64" : 0.000000,
        ">=64" : 0.000000
      },
      "latency_ns" : {
        "2" : 0.000000,
        "4" : 0.000000,
        "10" : 0.000000,
        "20" : 0.000000,
        "50" : 0.000000,
        "100" : 0.000000,
        "250" : 0.000000,
        "500" : 0.000000,
        "750" : 0.000000,
        "1000" : 0.000000
      },
      "latency_us" : {
        "2" : 0.000000,
        "4" : 0.000000,
        "10" : 0.000000,
        "20" : 0.000000,
        "50" : 0.000000,
        "100" : 0.000000,
        "250" : 0.000000,
        "500" : 0.841235,
        "750" : 1.649151,
        "1000" : 1.871299
      },
      "latency_ms" : {
        "2" : 8.678247,
        "4" : 21.810054,
        "10" : 34.663465,
        "20" : 14.882813,
        "50" : 9.304559,
        "100" : 3.411942,
        "250" : 2.100316,
        "500" : 0.521703,
        "750" : 0.190206,
        "1000" : 0.082342,
        "2000" : 0.010000,
        ">=2000" : 0.000000
      },
      "latency_depth" : 16,
      "latency_target" : 0,
      "latency_percentile" : 100.000000,
      "latency_window" : 0
    }
  ],
  "disk_util" : [
    {
      "name" : "sda",
      "read_ios" : 80,
      "write_ios" : 9423,
      "read_sectors" : 10640,
      "write_sectors" : 255744,
      "read_merges" : 0,
      "write_merges" : 14504,
      "read_ticks" : 43,
      "write_ticks" : 1682,
      "in_queue" : 1817,
      "util" : 0.217453
    }
  ]
}
