{
  "fio version" : "fio-3.39-26-ga72fe",
  "timestamp" : 1750865244,
  "timestamp_ms" : 1750865244323,
  "time" : "Wed Jun 25 15:27:24 2025",
  "global options" : {
    "ioengine" : "rbd",
    "bs" : "4k",
    "rw" : "randwrite",
    "direct" : "1",
    "runtime" : "5m",
    "time_based" : "",
    "group_reporting" : "",
    "ramp_time" : "30s",
    "thread" : "1",
    "iodepth" : "52",
    "clientname" : "admin",
    "pool" : "rbd"
  },
  "jobs" : [
    {
      "jobname" : "fio_test_0",
      "groupid" : 0,
      "job_start" : 1750865243825,
      "error" : 110,
      "eta" : 0,
      "elapsed" : 31,
      "job options" : {
        "max_latency" : "1s",
        "numjobs" : "1",
        "rbdname" : "fio_test_31"
      },
      "read" : {
        "io_bytes" : 0,
        "io_kbytes" : 0,
        "bw_bytes" : 0,
        "bw" : 0,
        "iops" : 0.000000,
        "runtime" : 0,
        "total_ios" : 0,
        "short_ios" : 0,
        "drop_ios" : 0,
        "slat_ns" : {
          "min" : 0,
          "max" : 0,
          "mean" : 0.000000,
          "stddev" : 0.000000,
          "N" : 0
        },
        "clat_ns" : {
          "min" : 0,
          "max" : 0,
          "mean" : 0.000000,
          "stddev" : 0.000000,
          "N" : 0
        },
        "lat_ns" : {
          "min" : 0,
          "max" : 0,
          "mean" : 0.000000,
          "stddev" : 0.000000,
          "N" : 0
        },
        "bw_min" : 0,
        "bw_max" : 0,
        "bw_agg" : 0.000000,
        "bw_mean" : 0.000000,
        "bw_dev" : 0.000000,
        "bw_samples" : 0,
        "iops_min" : 0,
        "iops_max" : 0,
        "iops_mean" : 0.000000,
        "iops_stddev" : 0.000000,
        "iops_samples" : 0
      },
      "write" : {
        "io_bytes" : 9793536,
        "io_kbytes" : 9564,
        "bw_bytes" : 23485697,
        "bw" : 22935,
        "iops" : 1820.143885,
        "runtime" : 417,
        "total_ios" : 759,
        "short_ios" : 0,
        "drop_ios" : 0,
        "slat_ns" : {
          "min" : 1488,
          "max" : 33159,
          "mean" : 6899.594203,
          "stddev" : 4883.416408,
          "N" : 759
        },
        "clat_ns" : {
          "min" : 338281,
          "max" : 2421229994,
          "mean" : 764896630.763279,
          "stddev" : 665942138.944703,
          "N" : 2391,
          "percentile" : {
            "1.000000" : 436224,
            "5.000000" : 733184,
            "10.000000" : 1466368,
            "20.000000" : 4046848,
            "30.000000" : 145752064,
            "40.000000" : 467664896,
            "50.000000" : 675282944,
            "60.000000" : 901775360,
            "70.000000" : 1149239296,
            "80.000000" : 1417674752,
            "90.000000" : 1736441856,
            "95.000000" : 1904214016,
            "99.000000" : 2264924160,
            "99.500000" : 2365587456,
            "99.900000" : 2399141888,
            "99.950000" : 2399141888,
            "99.990000" : 2432696320
          }
        },
        "lat_ns" : {
          "min" : 341477,
          "max" : 2421239008,
          "mean" : 764903395.885822,
          "stddev" : 665942041.782756,
          "N" : 2391
        },
        "bw_min" : 0,
        "bw_max" : 0,
        "bw_agg" : 0.000000,
        "bw_mean" : 0.000000,
        "bw_dev" : 0.000000,
        "bw_samples" : 0,
        "iops_min" : 0,
        "iops_max" : 0,
        "iops_mean" : 0.000000,
        "iops_stddev" : 0.000000,
        "iops_samples" : 0
      },
      "trim" : {
        "io_bytes" : 0,
        "io_kbytes" : 0,
        "bw_bytes" : 0,
        "bw" : 0,
        "iops" : 0.000000,
        "runtime" : 0,
        "total_ios" : 0,
        "short_ios" : 0,
        "drop_ios" : 0,
        "slat_ns" : {
          "min" : 0,
          "max" : 0,
          "mean" : 0.000000,
          "stddev" : 0.000000,
          "N" : 0
        },
        "clat_ns" : {
          "min" : 0,
          "max" : 0,
          "mean" : 0.000000,
          "stddev" : 0.000000,
          "N" : 0
        },
        "lat_ns" : {
          "min" : 0,
          "max" : 0,
          "mean" : 0.000000,
          "stddev" : 0.000000,
          "N" : 0
        },
        "bw_min" : 0,
        "bw_max" : 0,
        "bw_agg" : 0.000000,
        "bw_mean" : 0.000000,
        "bw_dev" : 0.000000,
        "bw_samples" : 0,
        "iops_min" : 0,
        "iops_max" : 0,
        "iops_mean" : 0.000000,
        "iops_stddev" : 0.000000,
        "iops_samples" : 0
      },
      "sync" : {
        "total_ios" : 0,
        "lat_ns" : {
          "min" : 0,
          "max" : 0,
          "mean" : 0.000000,
          "stddev" : 0.000000,
          "N" : 0
        }
      },
      "job_runtime" : 12882,
      "usr_cpu" : 0.054339,
      "sys_cpu" : 0.069865,
      "ctx" : 2272,
      "majf" : 0,
      "minf" : 34,
      "iodepth_level" : {
        "1" : 0.000000,
        "2" : 0.000000,
        "4" : 0.000000,
        "8" : 0.000000,
        "16" : 0.000000,
        "32" : 100.000000,
        ">=64" : 0.000000
      },
      "iodepth_submit" : {
        "0" : 0.000000,
        "4" : 100.000000,
        "8" : 0.000000,
        "16" : 0.000000,
        "32" : 0.000000,
        "64" : 0.000000,
        ">=64" : 0.000000
      },
      "iodepth_complete" : {
        "0" : 2.022756,
        "4" : 95.954488,
        "8" : 0.000000,
        "16" : 0.000000,
        "32" : 0.000000,
        "64" : 2.022756,
        ">=64" : 0.000000
      },
      "latency_ns" : {
        "2" : 0.000000,
        "4" : 0.000000,
        "10" : 0.000000,
        "20" : 0.000000,
        "50" : 0.000000,
        "100" : 0.000000,
        "250" : 0.000000,
        "500" : 0.000000,
        "750" : 0.000000,
        "1000" : 0.000000
      },
      "latency_us" : {
        "2" : 0.000000,
        "4" : 0.000000,
        "10" : 0.000000,
        "20" : 0.000000,
        "50" : 0.000000,
        "100" : 0.000000,
        "250" : 0.000000,
        "500" : 6.719368,
        "750" : 9.222661,
        "1000" : 6.455863
      },
      "latency_ms" : {
        "2" : 17.786561,
        "4" : 22.397892,
        "10" : 21.212121,
        "20" : 6.455863,
        "50" : 2.108037,
        "100" : 0.922266,
        "250" : 1.449275,
        "500" : 38.076416,
        "750" : 33.465086,
        "1000" : 35.046113,
        "2000" : 102.371542,
        ">=2000" : 11.330698
      },
      "latency_depth" : 52,
      "latency_target" : 0,
      "latency_percentile" : 100.000000,
      "latency_window" : 0
    }
  ],
  "disk_util" : [
    {
      "name" : "sda",
      "read_ios" : 0,
      "write_ios" : 725,
      "read_sectors" : 0,
      "write_sectors" : 16368,
      "read_merges" : 0,
      "write_merges" : 1120,
      "read_ticks" : 0,
      "write_ticks" : 114,
      "in_queue" : 122,
      "util" : 0.157941
    }
  ]
}
