{
    "iodepth": [
        "1",
        "2",
        "4",
        "8",
        "16",
        "24",
        "32",
        "40",
        "52",
        "64"
    ],
    "iops": [
        14187.529166,
        16924.982251,
        18396.822169,
        19118.496002,
        18636.55514,
        17624.030052,
        4627.737226,
        17219.055458,
        1820.143885,
        2464.646465
    ],
    "total_ios": [
        4256429,
        5077647,
        5519341,
        5736065,
        5591302,
        5287491,
        1268,
        334704,
        759,
        1220
    ],
    "clat_ms": [
        2.245548937137,
        3.772249024256,
        6.948717890037,
        13.380913916433999,
        17.193413475826,
        4.187616552718,
        360.74184094115003,
        29.72426147839,
        764.896630763279,
        848.518849315513
    ],
    "clat_stdev": [
        2.207667854331,
        4.585609132665,
        9.042859009088,
        20.090212003746,
        50.093353668291,
        10.691889386534,
        504.575192959367,
        72.224044622795,
        665.942138944703,
        857.30212392354
    ],
    "usr_cpu": [
        0.518516,
        0.560755,
        0.59235,
        0.612162,
        0.833356,
        3.62216,
        0.09605,
        1.256253,
        0.054339,
        0.097257
    ],
    "sys_cpu": [
        0.356028,
        0.387048,
        0.400657,
        0.410685,
        0.57226,
        2.511201,
        0.108056,
        0.771105,
        0.069865,
        0.064838
    ],
    "OSD_cpu": [
        727.4233333333337,
        756.4300000000004,
        765.0666666666668,
        770.1299999999994,
        770.8333333333334,
        770.3633333333329,
        769.2266666666661,
        722.7833333333328,
        117.9633333333338,
        696.8299999999991,
        60.87333333333325,
        708.9966666666662,
        61.48999999999992,
        697.7399999999996,
        61.20999999999994,
        193.1200000000004,
        37.40999999999995,
        37.746666666666584,
        36.713333333333274,
        36.83666666666659,
        37.446666666666594,
        37.0966666666666
    ],
    "OSD_mem": [
        171.67999999999944,
        177.59999999999914,
        177.59999999999914,
        177.59999999999914,
        177.59999999999914,
        177.59999999999914,
        177.59999999999914,
        177.59999999999914,
        177.59999999999914,
        177.59999999999914,
        177.59999999999914,
        177.59999999999914,
        177.59999999999914,
        177.59999999999914,
        177.59999999999914,
        177.59999999999914,
        177.59999999999914,
        177.59999999999914,
        177.59999999999914,
        177.59999999999914,
        177.59999999999914,
        177.59999999999914
    ],
    "FIO_cpu": [
        172.37999999999968,
        197.12000000000245,
        208.33333333333832,
        212.42333333333838,
        212.9966666666713,
        214.7700000000049,
        206.27000000000322,
        126.52333333333335,
        17.466666666666644,
        122.01000000000003,
        9.893333333333324,
        133.70000000000007,
        9.789999999999992,
        120.77333333333354,
        10.073333333333323,
        38.50666666666663,
        4.760000000000001,
        4.550000000000001,
        4.343333333333335,
        5.583333333333332,
        6.206666666666664,
        6.203333333333331
    ],
    "FIO_mem": [
        0.0,
        0.0,
        0.0,
        0.0,
        0.0,
        0.0,
        0.0,
        0.0,
        0.0,
        0.0,
        0.0,
        0.0,
        0.0,
        0.0,
        0.0,
        0.0,
        0.0,
        0.0,
        0.0,
        0.0,
        0.0,
        0.0
    ]
}