{
    "iodepth": [
        "1",
        "2",
        "4",
        "8",
        "16",
        "24",
        "32",
        "40",
        "52",
        "64"
    ],
    "iops": [
        1278.839071,
        3528.879807,
        5637.377875,
        6787.427375,
        7028.046386,
        7036.275457,
        6788.451603,
        6472.23287,
        5998.876697,
        5892.25293
    ],
    "total_ios": [
        383653,
        1058671,
        1691219,
        2036235,
        2108435,
        2110953,
        2036583,
        1941754,
        1799711,
        1767888
    ],
    "clat_ms": [
        0.766573708364,
        0.560935609684,
        0.704199659409,
        1.174441518846,
        2.270160857429,
        3.402707284637,
        4.706075728267,
        6.170517997571,
        8.657242558217,
        10.847756578309
    ],
    "clat_stdev": [
        0.813272794116,
        0.5889710466970001,
        0.5453361361989999,
        0.999232314026,
        3.197472136794,
        4.702698971775,
        9.909605734344,
        13.137493774972999,
        25.026911223741,
        34.093920554993005
    ],
    "usr_cpu": [
        1.738667,
        2.073993,
        3.139333,
        2.745,
        4.04264,
        4.915853,
        4.249248,
        4.919137,
        4.754556,
        4.667455
    ],
    "sys_cpu": [
        1.059667,
        1.633328,
        2.424,
        2.039667,
        2.638982,
        2.971578,
        2.841943,
        2.845886,
        3.030929,
        3.083974
    ],
    "OSD_cpu": [
        150.64333333333337,
        178.55000000000004,
        273.80000000000007,
        303.3999999999999,
        323.9666666666664,
        321.92666666666645,
        333.3766666666667,
        314.33333333333326,
        313.50333333333333,
        28.593333333333327,
        301.4400000000001
    ],
    "OSD_mem": [
        16.193333333333232,
        18.0,
        19.160000000000128,
        19.200000000000127,
        19.200000000000127,
        19.200000000000127,
        19.200000000000127,
        19.200000000000127,
        19.200000000000127,
        19.200000000000127,
        19.200000000000127
    ],
    "FIO_cpu": [
        14.59,
        20.73666666666666,
        47.65,
        35.55333333333333,
        34.679999999999986,
        53.76333333333326,
        41.58666666666662,
        50.23666666666664,
        52.84333333333328,
        2.58,
        47.8233333333333
    ],
    "FIO_mem": [
        0.0,
        0.0,
        0.053333333333333344,
        0.4266666666666657,
        0.4799999999999988,
        0.4266666666666657,
        0.3733333333333325,
        0.3199999999999994,
        0.2133333333333331,
        0.053333333333333344,
        0.10666666666666672
    ]
}