{
  "fio version" : "fio-3.39-26-ga72fe",
  "timestamp" : 1755280036,
  "timestamp_ms" : 1755280036249,
  "time" : "Fri Aug 15 17:47:16 2025",
  "global options" : {
    "write_iops_log" : "sea_1osd_1reactor_32fio_bal_osd_rc_1procs_randread_norm",
    "write_bw_log" : "sea_1osd_1reactor_32fio_bal_osd_rc_1procs_randread_norm",
    "write_lat_log" : "sea_1osd_1reactor_32fio_bal_osd_rc_1procs_randread_norm",
    "write_hist_log" : "sea_1osd_1reactor_32fio_bal_osd_rc_1procs_randread_norm",
    "ioengine" : "rbd",
    "bs" : "4k",
    "rw" : "randread",
    "random_distribution" : "normal:0.6",
    "direct" : "1",
    "runtime" : "5m",
    "time_based" : "",
    "group_reporting" : "",
    "numjobs" : "1",
    "ramp_time" : "30s",
    "thread" : "1",
    "iodepth" : "1",
    "clientname" : "admin",
    "pool" : "rbd"
  },
  "jobs" : [
    {
      "jobname" : "fio_test_0",
      "groupid" : 0,
      "job_start" : 1755279733499,
      "error" : 0,
      "eta" : 0,
      "elapsed" : 333,
      "job options" : {
        "max_latency" : "1s",
        "rbdname" : "fio_test_0"
      },
      "read" : {
        "io_bytes" : 7602876416,
        "io_kbytes" : 7424684,
        "bw_bytes" : 25342836,
        "bw" : 24748,
        "iops" : 6187.216043,
        "runtime" : 300001,
        "total_ios" : 1856171,
        "short_ios" : 0,
        "drop_ios" : 0,
        "slat_ns" : {
          "min" : 1302,
          "max" : 77515,
          "mean" : 3306.266027,
          "stddev" : 1711.158081,
          "N" : 1856171
        },
        "clat_ns" : {
          "min" : 89594,
          "max" : 1471744,
          "mean" : 157011.372105,
          "stddev" : 32167.757712,
          "N" : 1856171,
          "percentile" : {
            "1.000000" : 94720,
            "5.000000" : 102912,
            "10.000000" : 112128,
            "20.000000" : 118272,
            "30.000000" : 134144,
            "40.000000" : 156672,
            "50.000000" : 164864,
            "60.000000" : 175104,
            "70.000000" : 179200,
            "80.000000" : 185344,
            "90.000000" : 193536,
            "95.000000" : 199680,
            "99.000000" : 207872,
            "99.500000" : 211968,
            "99.900000" : 226304,
            "99.950000" : 238592,
            "99.990000" : 350208
          }
        },
        "lat_ns" : {
          "min" : 91312,
          "max" : 1475734,
          "mean" : 160317.638131,
          "stddev" : 33197.817943,
          "N" : 1856171
        },
        "bw_min" : 2783,
        "bw_max" : 45717,
        "bw_agg" : 100.000000,
        "bw_mean" : 27359.718833,
        "bw_dev" : 6347.159670,
        "bw_samples" : 1856171,
        "iops_min" : 1,
        "iops_max" : 1,
        "iops_mean" : 1.000000,
        "iops_stddev" : 0.000000,
        "iops_samples" : 1856171
      },
      "write" : {
        "io_bytes" : 0,
        "io_kbytes" : 0,
        "bw_bytes" : 0,
        "bw" : 0,
        "iops" : 0.000000,
        "runtime" : 0,
        "total_ios" : 0,
        "short_ios" : 0,
        "drop_ios" : 0,
        "slat_ns" : {
          "min" : 0,
          "max" : 0,
          "mean" : 0.000000,
          "stddev" : 0.000000,
          "N" : 0
        },
        "clat_ns" : {
          "min" : 0,
          "max" : 0,
          "mean" : 0.000000,
          "stddev" : 0.000000,
          "N" : 0
        },
        "lat_ns" : {
          "min" : 0,
          "max" : 0,
          "mean" : 0.000000,
          "stddev" : 0.000000,
          "N" : 0
        },
        "bw_min" : 0,
        "bw_max" : 0,
        "bw_agg" : 0.000000,
        "bw_mean" : 0.000000,
        "bw_dev" : 0.000000,
        "bw_samples" : 0,
        "iops_min" : 0,
        "iops_max" : 0,
        "iops_mean" : 0.000000,
        "iops_stddev" : 0.000000,
        "iops_samples" : 0
      },
      "trim" : {
        "io_bytes" : 0,
        "io_kbytes" : 0,
        "bw_bytes" : 0,
        "bw" : 0,
        "iops" : 0.000000,
        "runtime" : 0,
        "total_ios" : 0,
        "short_ios" : 0,
        "drop_ios" : 0,
        "slat_ns" : {
          "min" : 0,
          "max" : 0,
          "mean" : 0.000000,
          "stddev" : 0.000000,
          "N" : 0
        },
        "clat_ns" : {
          "min" : 0,
          "max" : 0,
          "mean" : 0.000000,
          "stddev" : 0.000000,
          "N" : 0
        },
        "lat_ns" : {
          "min" : 0,
          "max" : 0,
          "mean" : 0.000000,
          "stddev" : 0.000000,
          "N" : 0
        },
        "bw_min" : 0,
        "bw_max" : 0,
        "bw_agg" : 0.000000,
        "bw_mean" : 0.000000,
        "bw_dev" : 0.000000,
        "bw_samples" : 0,
        "iops_min" : 0,
        "iops_max" : 0,
        "iops_mean" : 0.000000,
        "iops_stddev" : 0.000000,
        "iops_samples" : 0
      },
      "sync" : {
        "total_ios" : 0,
        "lat_ns" : {
          "min" : 0,
          "max" : 0,
          "mean" : 0.000000,
          "stddev" : 0.000000,
          "N" : 0
        }
      },
      "job_runtime" : 300000,
      "usr_cpu" : 3.372667,
      "sys_cpu" : 3.407000,
      "ctx" : 1856186,
      "majf" : 0,
      "minf" : 14753,
      "iodepth_level" : {
        "1" : 100.000000,
        "2" : 0.000000,
        "4" : 0.000000,
        "8" : 0.000000,
        "16" : 0.000000,
        "32" : 0.000000,
        ">=64" : 0.000000
      },
      "iodepth_submit" : {
        "0" : 0.000000,
        "4" : 100.000000,
        "8" : 0.000000,
        "16" : 0.000000,
        "32" : 0.000000,
        "64" : 0.000000,
        ">=64" : 0.000000
      },
      "iodepth_complete" : {
        "0" : 0.000000,
        "4" : 100.000000,
        "8" : 0.000000,
        "16" : 0.000000,
        "32" : 0.000000,
        "64" : 0.000000,
        ">=64" : 0.000000
      },
      "latency_ns" : {
        "2" : 0.000000,
        "4" : 0.000000,
        "10" : 0.000000,
        "20" : 0.000000,
        "50" : 0.000000,
        "100" : 0.000000,
        "250" : 0.000000,
        "500" : 0.000000,
        "750" : 0.000000,
        "1000" : 0.000000
      },
      "latency_us" : {
        "2" : 0.000000,
        "4" : 0.000000,
        "10" : 0.000000,
        "20" : 0.000000,
        "50" : 0.000000,
        "100" : 3.882509,
        "250" : 96.076870,
        "500" : 0.038412,
        "750" : 0.010000,
        "1000" : 0.010000
      },
      "latency_ms" : {
        "2" : 0.010000,
        "4" : 0.000000,
        "10" : 0.000000,
        "20" : 0.000000,
        "50" : 0.000000,
        "100" : 0.000000,
        "250" : 0.000000,
        "500" : 0.000000,
        "750" : 0.000000,
        "1000" : 0.000000,
        "2000" : 0.000000,
        ">=2000" : 0.000000
      },
      "latency_depth" : 1,
      "latency_target" : 0,
      "latency_percentile" : 100.000000,
      "latency_window" : 0
    }
  ],
  "disk_util" : [
    {
      "name" : "sda",
      "read_ios" : 6,
      "write_ios" : 6585,
      "read_sectors" : 248,
      "write_sectors" : 4041864,
      "read_merges" : 25,
      "write_merges" : 5107,
      "read_ticks" : 1,
      "write_ticks" : 25571,
      "in_queue" : 25691,
      "util" : 1.216038
    }
  ]
}
