{
    "iodepth": [
        "1",
        "2",
        "4",
        "8",
        "16",
        "24",
        "32",
        "40",
        "52",
        "64"
    ],
    "iops": [
        6187.216043,
        11153.296156,
        15447.831841,
        19065.353115,
        22897.717008,
        25217.165219,
        26981.836727,
        27546.96302,
        29736.468424,
        28345.081033
    ],
    "total_ios": [
        1856171,
        3346000,
        4634365,
        5719625,
        6869338,
        7565200,
        8094578,
        8264144,
        8921000,
        8503581
    ],
    "clat_ms": [
        0.157011372105,
        0.174990133627,
        0.25458045426,
        0.415202188418,
        0.6941974219289999,
        0.9467903878330001,
        1.180946099347,
        1.446372885447,
        1.7426745191420001,
        2.251239177464
    ],
    "clat_stdev": [
        0.032167757712,
        0.041487034779,
        0.07442340354600001,
        0.14652971390800001,
        0.248826997587,
        0.32577950928300003,
        0.373984316266,
        0.46169585067999996,
        0.531418758002,
        0.593497409872
    ],
    "usr_cpu": [
        3.372667,
        5.329,
        7.285333,
        9.272667,
        11.342333,
        12.418959,
        12.547333,
        13.820621,
        14.01762,
        13.310956
    ],
    "sys_cpu": [
        3.407,
        5.553333,
        6.806667,
        7.502333,
        7.751667,
        8.239306,
        8.739333,
        8.391972,
        8.558305,
        8.058973
    ],
    "OSD_cpu": [
        0.0,
        0.0,
        0.0,
        0.0,
        0.0,
        0.0,
        0.0,
        0.0,
        0.0,
        142.37,
        177.8133333333333,
        185.34666666666664,
        185.18999999999994,
        184.54333333333338,
        184.90666666666667,
        187.47333333333327,
        187.63,
        190.3033333333333,
        188.02333333333328
    ],
    "OSD_mem": [
        0.0,
        0.0,
        0.0,
        0.0,
        0.0,
        0.0,
        0.0,
        0.0,
        0.0,
        3.7566666666666766,
        4.200000000000012,
        4.200000000000012,
        4.200000000000012,
        4.200000000000012,
        4.200000000000012,
        4.200000000000012,
        4.200000000000012,
        4.200000000000012,
        4.200000000000012
    ],
    "FIO_cpu": [
        0.0,
        0.0,
        0.0,
        0.0,
        0.0,
        0.0,
        0.0,
        0.0,
        0.0,
        44.97666666666666,
        77.5533333333333,
        96.84666666666675,
        113.06000000000003,
        128.1,
        129.0633333333333,
        130.87666666666667,
        130.8633333333333,
        134.49333333333334,
        131.72333333333333
    ],
    "FIO_mem": [
        0.0,
        0.0,
        0.0,
        0.0,
        0.0,
        0.0,
        0.0,
        0.0,
        0.0,
        0.10666666666666672,
        0.9600000000000046,
        1.173333333333341,
        1.2800000000000091,
        1.3333333333333433,
        1.6533333333333482,
        1.8133333333333506,
        1.8666666666666847,
        1.973333333333353,
        1.8666666666666847
    ]
}