{
    "MSGR": {
        "perf-crimson-ms": {
            "cpu": [
                99.9,
                97.7,
                97.3,
                97.7,
                97.7,
                97.3,
                98.0,
                97.3,
                97.7,
                97.7,
                97.7,
                97.3,
                97.7,
                97.7,
                97.7,
                97.7,
                97.3,
                97.7,
                97.3,
                97.7,
                97.7
            ],
            "mem": [
                1.1,
                1.1,
                1.1,
                1.1,
                1.1,
                1.1,
                1.1,
                1.1,
                1.1,
                1.1,
                1.1,
                1.1,
                1.1,
                1.1,
                1.1,
                1.1,
                1.1,
                1.1,
                1.1,
                1.1,
                1.1
            ]
        },
        "reactor": {
            "cpu": [
                2997.900000000002,
                3023.5000000000023,
                3010.6999999999994,
                3012.0999999999985,
                3021.9000000000015,
                3011.4999999999995,
                3023.4000000000024,
                3010.7,
                3012.199999999999,
                3020.6000000000013,
                3010.5999999999985,
                3011.4999999999986,
                3021.6000000000013,
                3009.7999999999993,
                3023.400000000002,
                3012.499999999999,
                3010.8999999999987,
                3023.1000000000017,
                3010.8999999999996,
                3020.700000000001,
                3012.599999999999
            ],
            "mem": [
                69.30000000000003,
                69.30000000000003,
                69.30000000000003,
                69.30000000000003,
                69.30000000000003,
                69.30000000000003,
                69.30000000000003,
                69.30000000000003,
                69.30000000000003,
                69.30000000000003,
                69.30000000000003,
                69.30000000000003,
                69.30000000000003,
                69.30000000000003,
                69.30000000000003,
                69.30000000000003,
                69.30000000000003,
                69.30000000000003,
                69.30000000000003,
                69.30000000000003,
                69.30000000000003
            ]
        }
    }
}