{
    "MSGR": {
        "perf-crimson-ms": {
            "cpu": [
                99.9,
                97.7,
                98.0,
                97.3,
                97.7,
                97.3,
                97.7,
                98.0,
                97.3,
                97.3,
                97.3,
                97.7,
                98.0,
                97.3,
                97.7,
                97.3,
                97.7,
                97.7,
                97.7,
                97.3,
                97.7
            ],
            "mem": [
                1.0,
                1.0,
                1.0,
                1.0,
                1.0,
                1.0,
                1.0,
                1.0,
                1.0,
                1.0,
                1.0,
                1.0,
                1.0,
                1.0,
                1.0,
                1.0,
                1.0,
                1.0,
                1.0,
                1.0,
                1.0
            ]
        },
        "reactor": {
            "cpu": [
                1958.3999999999999,
                2625.7999999999993,
                2636.4000000000015,
                2629.2,
                2628.4999999999995,
                2626.8999999999996,
                2627.7,
                2636.2000000000016,
                2628.3999999999996,
                2625.5999999999995,
                2629.8,
                2625.4999999999995,
                2636.1000000000017,
                2627.8999999999996,
                2626.2999999999993,
                2628.9,
                2626.5999999999995,
                2637.800000000001,
                2625.4999999999995,
                2627.6999999999994,
                2627.7999999999997
            ],
            "mem": [
                48.0,
                55.0,
                55.0,
                55.0,
                55.0,
                55.0,
                55.0,
                55.0,
                55.0,
                55.0,
                55.0,
                55.0,
                55.0,
                55.0,
                55.0,
                55.0,
                55.0,
                55.0,
                55.0,
                55.0,
                55.0
            ]
        }
    }
}