{
  "fio version" : "fio-3.39-26-ga72fe",
  "timestamp" : 1755494446,
  "timestamp_ms" : 1755494446526,
  "time" : "Mon Aug 18 05:20:46 2025",
  "global options" : {
    "write_iops_log" : "sea_1osd_4reactor_32fio_bal_osd_rc_1procs_randread_norm",
    "write_bw_log" : "sea_1osd_4reactor_32fio_bal_osd_rc_1procs_randread_norm",
    "write_lat_log" : "sea_1osd_4reactor_32fio_bal_osd_rc_1procs_randread_norm",
    "write_hist_log" : "sea_1osd_4reactor_32fio_bal_osd_rc_1procs_randread_norm",
    "ioengine" : "rbd",
    "bs" : "4k",
    "rw" : "randread",
    "random_distribution" : "normal:0.6",
    "direct" : "1",
    "runtime" : "5m",
    "time_based" : "",
    "group_reporting" : "",
    "numjobs" : "1",
    "ramp_time" : "30s",
    "thread" : "1",
    "iodepth" : "52",
    "clientname" : "admin",
    "pool" : "rbd"
  },
  "jobs" : [
    {
      "jobname" : "fio_test_0",
      "groupid" : 0,
      "job_start" : 1755494128276,
      "error" : 0,
      "eta" : 0,
      "elapsed" : 349,
      "job options" : {
        "max_latency" : "1s",
        "rbdname" : "fio_test_0"
      },
      "read" : {
        "io_bytes" : 44594225152,
        "io_kbytes" : 43549048,
        "bw_bytes" : 148646921,
        "bw" : 145163,
        "iops" : 36290.582365,
        "runtime" : 300001,
        "total_ios" : 10887211,
        "short_ios" : 0,
        "drop_ios" : 0,
        "slat_ns" : {
          "min" : 325,
          "max" : 89268,
          "mean" : 2280.919082,
          "stddev" : 1568.883705,
          "N" : 10887211
        },
        "clat_ns" : {
          "min" : 112410,
          "max" : 14323887,
          "mean" : 1427215.323611,
          "stddev" : 528322.223521,
          "N" : 10887262,
          "percentile" : {
            "1.000000" : 444416,
            "5.000000" : 667648,
            "10.000000" : 815104,
            "20.000000" : 987136,
            "30.000000" : 1138688,
            "40.000000" : 1253376,
            "50.000000" : 1384448,
            "60.000000" : 1499136,
            "70.000000" : 1613824,
            "80.000000" : 1777664,
            "90.000000" : 2113536,
            "95.000000" : 2506752,
            "99.000000" : 2965504,
            "99.500000" : 3063808,
            "99.900000" : 3293184,
            "99.950000" : 3391488,
            "99.990000" : 3620864
          }
        },
        "lat_ns" : {
          "min" : 113898,
          "max" : 14324747,
          "mean" : 1429496.238871,
          "stddev" : 528563.568769,
          "N" : 10887262
        },
        "bw_min" : 285,
        "bw_max" : 36438,
        "bw_agg" : 2.303617,
        "bw_mean" : 3344.453416,
        "bw_dev" : 1586.431430,
        "bw_samples" : 10887262,
        "iops_min" : 1,
        "iops_max" : 1,
        "iops_mean" : 1.000000,
        "iops_stddev" : 0.000000,
        "iops_samples" : 10887262
      },
      "write" : {
        "io_bytes" : 0,
        "io_kbytes" : 0,
        "bw_bytes" : 0,
        "bw" : 0,
        "iops" : 0.000000,
        "runtime" : 0,
        "total_ios" : 0,
        "short_ios" : 0,
        "drop_ios" : 0,
        "slat_ns" : {
          "min" : 0,
          "max" : 0,
          "mean" : 0.000000,
          "stddev" : 0.000000,
          "N" : 0
        },
        "clat_ns" : {
          "min" : 0,
          "max" : 0,
          "mean" : 0.000000,
          "stddev" : 0.000000,
          "N" : 0
        },
        "lat_ns" : {
          "min" : 0,
          "max" : 0,
          "mean" : 0.000000,
          "stddev" : 0.000000,
          "N" : 0
        },
        "bw_min" : 0,
        "bw_max" : 0,
        "bw_agg" : 0.000000,
        "bw_mean" : 0.000000,
        "bw_dev" : 0.000000,
        "bw_samples" : 0,
        "iops_min" : 0,
        "iops_max" : 0,
        "iops_mean" : 0.000000,
        "iops_stddev" : 0.000000,
        "iops_samples" : 0
      },
      "trim" : {
        "io_bytes" : 0,
        "io_kbytes" : 0,
        "bw_bytes" : 0,
        "bw" : 0,
        "iops" : 0.000000,
        "runtime" : 0,
        "total_ios" : 0,
        "short_ios" : 0,
        "drop_ios" : 0,
        "slat_ns" : {
          "min" : 0,
          "max" : 0,
          "mean" : 0.000000,
          "stddev" : 0.000000,
          "N" : 0
        },
        "clat_ns" : {
          "min" : 0,
          "max" : 0,
          "mean" : 0.000000,
          "stddev" : 0.000000,
          "N" : 0
        },
        "lat_ns" : {
          "min" : 0,
          "max" : 0,
          "mean" : 0.000000,
          "stddev" : 0.000000,
          "N" : 0
        },
        "bw_min" : 0,
        "bw_max" : 0,
        "bw_agg" : 0.000000,
        "bw_mean" : 0.000000,
        "bw_dev" : 0.000000,
        "bw_samples" : 0,
        "iops_min" : 0,
        "iops_max" : 0,
        "iops_mean" : 0.000000,
        "iops_stddev" : 0.000000,
        "iops_samples" : 0
      },
      "sync" : {
        "total_ios" : 0,
        "lat_ns" : {
          "min" : 0,
          "max" : 0,
          "mean" : 0.000000,
          "stddev" : 0.000000,
          "N" : 0
        }
      },
      "job_runtime" : 300000,
      "usr_cpu" : 15.993667,
      "sys_cpu" : 9.890667,
      "ctx" : 5064523,
      "majf" : 0,
      "minf" : 22485,
      "iodepth_level" : {
        "1" : 0.100000,
        "2" : 0.100000,
        "4" : 0.100000,
        "8" : 0.100000,
        "16" : 0.100000,
        "32" : 99.994590,
        ">=64" : 0.000000
      },
      "iodepth_submit" : {
        "0" : 0.000000,
        "4" : 100.000000,
        "8" : 0.000000,
        "16" : 0.000000,
        "32" : 0.000000,
        "64" : 0.000000,
        ">=64" : 0.000000
      },
      "iodepth_complete" : {
        "0" : 0.000000,
        "4" : 99.999995,
        "8" : 0.000000,
        "16" : 0.000000,
        "32" : 0.000000,
        "64" : 0.100000,
        ">=64" : 0.000000
      },
      "latency_ns" : {
        "2" : 0.000000,
        "4" : 0.000000,
        "10" : 0.000000,
        "20" : 0.000000,
        "50" : 0.000000,
        "100" : 0.000000,
        "250" : 0.000000,
        "500" : 0.000000,
        "750" : 0.000000,
        "1000" : 0.000000
      },
      "latency_us" : {
        "2" : 0.000000,
        "4" : 0.000000,
        "10" : 0.000000,
        "20" : 0.000000,
        "50" : 0.000000,
        "100" : 0.000000,
        "250" : 0.092898,
        "500" : 1.527241,
        "750" : 6.048069,
        "1000" : 12.935746
      },
      "latency_ms" : {
        "2" : 66.880747,
        "4" : 12.514913,
        "10" : 0.010000,
        "20" : 0.010000,
        "50" : 0.000000,
        "100" : 0.000000,
        "250" : 0.000000,
        "500" : 0.000000,
        "750" : 0.000000,
        "1000" : 0.000000,
        "2000" : 0.000000,
        ">=2000" : 0.000000
      },
      "latency_depth" : 52,
      "latency_target" : 0,
      "latency_percentile" : 100.000000,
      "latency_window" : 0
    }
  ],
  "disk_util" : [
    {
      "name" : "sda",
      "read_ios" : 0,
      "write_ios" : 6569,
      "read_sectors" : 0,
      "write_sectors" : 4733872,
      "read_merges" : 0,
      "write_merges" : 5380,
      "read_ticks" : 0,
      "write_ticks" : 29764,
      "in_queue" : 29897,
      "util" : 1.362247
    }
  ]
}
