{
    "iodepth": [
        "1",
        "2",
        "4",
        "8",
        "16",
        "24",
        "32",
        "40",
        "52",
        "64"
    ],
    "iops": [
        6282.512392,
        12078.989737,
        18662.801124,
        23687.337709,
        27290.749031,
        28610.774631,
        31198.318678,
        33295.934694,
        36290.582365,
        38499.453337
    ],
    "total_ios": [
        1884760,
        3623709,
        5598859,
        7106225,
        8187252,
        8583261,
        9359558,
        9988847,
        10887211,
        11549913
    ],
    "clat_ms": [
        0.154260522317,
        0.16131857258899998,
        0.21029036994800002,
        0.333909850086,
        0.5819085684090001,
        0.834151559945,
        1.020831598471,
        1.196201939207,
        1.4272153236110001,
        1.6562739100500001
    ],
    "clat_stdev": [
        0.033775418848,
        0.040261537379,
        0.061461506842000004,
        0.116227034757,
        0.220786857039,
        0.335568171421,
        0.388591653913,
        0.45165823722299997,
        0.528322223521,
        0.519306399786
    ],
    "usr_cpu": [
        3.570333,
        5.648667,
        8.192,
        9.813,
        12.547667,
        12.992,
        14.090286,
        14.810617,
        15.993667,
        15.695948
    ],
    "sys_cpu": [
        3.642667,
        5.916333,
        7.621333,
        7.981667,
        8.924,
        9.076333,
        9.159969,
        9.300636,
        9.890667,
        9.673301
    ],
    "OSD_cpu": [
        201.34333333333322,
        278.3833333333334,
        321.13333333333327,
        339.30666666666673,
        326.1599999999999,
        305.91333333333324,
        306.6633333333333,
        315.03333333333325,
        313.8466666666667,
        328.15333333333336
    ],
    "OSD_mem": [
        10.409999999999991,
        10.799999999999981,
        10.799999999999981,
        10.799999999999981,
        10.799999999999981,
        10.799999999999981,
        10.799999999999981,
        10.799999999999981,
        10.799999999999981,
        10.799999999999981
    ],
    "FIO_cpu": [
        49.91999999999996,
        83.28666666666659,
        107.82000000000009,
        120.67666666666668,
        135.70333333333343,
        135.86000000000004,
        140.79333333333332,
        145.23999999999998,
        151.58999999999995,
        152.75000000000006
    ],
    "FIO_mem": [
        0.2133333333333331,
        1.0133333333333387,
        1.2800000000000091,
        1.5466666666666797,
        1.8666666666666842,
        1.9200000000000184,
        2.0800000000000196,
        2.133333333333353,
        2.240000000000019,
        2.346666666666687
    ]
}