{
    "MSGR": {
        "perf-crimson-ms": {
            "cpu": [
                99.9,
                97.3,
                97.0,
                97.7,
                97.3,
                97.3,
                97.7,
                97.7,
                97.7,
                97.3,
                97.7,
                97.3,
                97.7,
                97.7,
                97.3,
                97.0,
                98.0,
                97.7,
                97.3,
                98.0,
                97.3
            ],
            "mem": [
                0.8,
                0.8,
                0.8,
                0.8,
                0.8,
                0.8,
                0.8,
                0.8,
                0.8,
                0.8,
                0.8,
                0.8,
                0.8,
                0.8,
                0.8,
                0.8,
                0.8,
                0.8,
                0.8,
                0.8,
                0.8
            ]
        },
        "reactor": {
            "cpu": [
                5421.900000000003,
                5341.999999999999,
                5323.1999999999925,
                5340.5999999999985,
                5341.299999999998,
                5338.699999999998,
                5337.5999999999985,
                5338.4,
                5338.899999999999,
                5340.5999999999985,
                5340.799999999998,
                5341.899999999999,
                5342.0999999999985,
                5338.699999999999,
                5342.499999999999,
                5321.199999999993,
                5338.299999999998,
                5339.099999999998,
                5341.499999999998,
                5340.499999999998,
                5338.5999999999985
            ],
            "mem": [
                88.79999999999981,
                88.79999999999981,
                88.79999999999981,
                88.79999999999981,
                88.79999999999981,
                88.79999999999981,
                88.79999999999981,
                88.79999999999981,
                88.79999999999981,
                88.79999999999981,
                88.79999999999981,
                88.79999999999981,
                88.79999999999981,
                88.79999999999981,
                88.79999999999981,
                88.79999999999981,
                88.79999999999981,
                88.79999999999981,
                88.79999999999981,
                88.79999999999981,
                88.79999999999981
            ]
        }
    }
}