{
  "fio version" : "fio-3.39-26-ga72fe",
  "timestamp" : 1755471976,
  "timestamp_ms" : 1755471976341,
  "time" : "Sun Aug 17 23:06:16 2025",
  "global options" : {
    "write_iops_log" : "sea_1osd_1reactor_32fio_bal_osd_rc_1procs_randread_zipf",
    "write_bw_log" : "sea_1osd_1reactor_32fio_bal_osd_rc_1procs_randread_zipf",
    "write_lat_log" : "sea_1osd_1reactor_32fio_bal_osd_rc_1procs_randread_zipf",
    "write_hist_log" : "sea_1osd_1reactor_32fio_bal_osd_rc_1procs_randread_zipf",
    "ioengine" : "rbd",
    "bs" : "4k",
    "rw" : "randread",
    "random_distribution" : "zipf:0.76878",
    "direct" : "1",
    "runtime" : "5m",
    "time_based" : "",
    "group_reporting" : "",
    "numjobs" : "1",
    "ramp_time" : "30s",
    "thread" : "1",
    "iodepth" : "16",
    "clientname" : "admin",
    "pool" : "rbd"
  },
  "jobs" : [
    {
      "jobname" : "fio_test_0",
      "groupid" : 0,
      "job_start" : 1755471665341,
      "error" : 0,
      "eta" : 0,
      "elapsed" : 342,
      "job options" : {
        "max_latency" : "1s",
        "rbdname" : "fio_test_0"
      },
      "read" : {
        "io_bytes" : 26485276672,
        "io_kbytes" : 25864528,
        "bw_bytes" : 88283961,
        "bw" : 86214,
        "iops" : 21553.651488,
        "runtime" : 300001,
        "total_ios" : 6466117,
        "short_ios" : 0,
        "drop_ios" : 0,
        "slat_ns" : {
          "min" : 320,
          "max" : 1293373,
          "mean" : 2872.826496,
          "stddev" : 1857.826520,
          "N" : 6466117
        },
        "clat_ns" : {
          "min" : 113186,
          "max" : 2744627,
          "mean" : 737453.841288,
          "stddev" : 267539.676918,
          "N" : 6466132,
          "percentile" : {
            "1.000000" : 252928,
            "5.000000" : 358400,
            "10.000000" : 415744,
            "20.000000" : 489472,
            "30.000000" : 552960,
            "40.000000" : 618496,
            "50.000000" : 708608,
            "60.000000" : 798720,
            "70.000000" : 897024,
            "80.000000" : 987136,
            "90.000000" : 1089536,
            "95.000000" : 1187840,
            "99.000000" : 1384448,
            "99.500000" : 1449984,
            "99.900000" : 1597440,
            "99.950000" : 1712128,
            "99.990000" : 2056192
          }
        },
        "lat_ns" : {
          "min" : 114898,
          "max" : 2747004,
          "mean" : 740326.667475,
          "stddev" : 267531.354915,
          "N" : 6466132
        },
        "bw_min" : 1492,
        "bw_max" : 36188,
        "bw_agg" : 7.478994,
        "bw_mean" : 6448.697917,
        "bw_dev" : 2814.868843,
        "bw_samples" : 6466132,
        "iops_min" : 1,
        "iops_max" : 1,
        "iops_mean" : 1.000000,
        "iops_stddev" : 0.000000,
        "iops_samples" : 6466132
      },
      "write" : {
        "io_bytes" : 0,
        "io_kbytes" : 0,
        "bw_bytes" : 0,
        "bw" : 0,
        "iops" : 0.000000,
        "runtime" : 0,
        "total_ios" : 0,
        "short_ios" : 0,
        "drop_ios" : 0,
        "slat_ns" : {
          "min" : 0,
          "max" : 0,
          "mean" : 0.000000,
          "stddev" : 0.000000,
          "N" : 0
        },
        "clat_ns" : {
          "min" : 0,
          "max" : 0,
          "mean" : 0.000000,
          "stddev" : 0.000000,
          "N" : 0
        },
        "lat_ns" : {
          "min" : 0,
          "max" : 0,
          "mean" : 0.000000,
          "stddev" : 0.000000,
          "N" : 0
        },
        "bw_min" : 0,
        "bw_max" : 0,
        "bw_agg" : 0.000000,
        "bw_mean" : 0.000000,
        "bw_dev" : 0.000000,
        "bw_samples" : 0,
        "iops_min" : 0,
        "iops_max" : 0,
        "iops_mean" : 0.000000,
        "iops_stddev" : 0.000000,
        "iops_samples" : 0
      },
      "trim" : {
        "io_bytes" : 0,
        "io_kbytes" : 0,
        "bw_bytes" : 0,
        "bw" : 0,
        "iops" : 0.000000,
        "runtime" : 0,
        "total_ios" : 0,
        "short_ios" : 0,
        "drop_ios" : 0,
        "slat_ns" : {
          "min" : 0,
          "max" : 0,
          "mean" : 0.000000,
          "stddev" : 0.000000,
          "N" : 0
        },
        "clat_ns" : {
          "min" : 0,
          "max" : 0,
          "mean" : 0.000000,
          "stddev" : 0.000000,
          "N" : 0
        },
        "lat_ns" : {
          "min" : 0,
          "max" : 0,
          "mean" : 0.000000,
          "stddev" : 0.000000,
          "N" : 0
        },
        "bw_min" : 0,
        "bw_max" : 0,
        "bw_agg" : 0.000000,
        "bw_mean" : 0.000000,
        "bw_dev" : 0.000000,
        "bw_samples" : 0,
        "iops_min" : 0,
        "iops_max" : 0,
        "iops_mean" : 0.000000,
        "iops_stddev" : 0.000000,
        "iops_samples" : 0
      },
      "sync" : {
        "total_ios" : 0,
        "lat_ns" : {
          "min" : 0,
          "max" : 0,
          "mean" : 0.000000,
          "stddev" : 0.000000,
          "N" : 0
        }
      },
      "job_runtime" : 300000,
      "usr_cpu" : 11.047667,
      "sys_cpu" : 8.001333,
      "ctx" : 3298550,
      "majf" : 0,
      "minf" : 36650,
      "iodepth_level" : {
        "1" : 0.100000,
        "2" : 0.100000,
        "4" : 0.100000,
        "8" : 0.100000,
        "16" : 99.996520,
        "32" : 0.000000,
        ">=64" : 0.000000
      },
      "iodepth_submit" : {
        "0" : 0.000000,
        "4" : 100.000000,
        "8" : 0.000000,
        "16" : 0.000000,
        "32" : 0.000000,
        "64" : 0.000000,
        ">=64" : 0.000000
      },
      "iodepth_complete" : {
        "0" : 0.000000,
        "4" : 99.999992,
        "8" : 0.000000,
        "16" : 0.100000,
        "32" : 0.000000,
        "64" : 0.000000,
        ">=64" : 0.000000
      },
      "latency_ns" : {
        "2" : 0.000000,
        "4" : 0.000000,
        "10" : 0.000000,
        "20" : 0.000000,
        "50" : 0.000000,
        "100" : 0.000000,
        "250" : 0.000000,
        "500" : 0.000000,
        "750" : 0.000000,
        "1000" : 0.000000
      },
      "latency_us" : {
        "2" : 0.000000,
        "4" : 0.000000,
        "10" : 0.000000,
        "20" : 0.000000,
        "50" : 0.000000,
        "100" : 0.000000,
        "250" : 0.934162,
        "500" : 20.626398,
        "750" : 33.358274,
        "1000" : 26.490566
      },
      "latency_ms" : {
        "2" : 18.577672,
        "4" : 0.013161,
        "10" : 0.000000,
        "20" : 0.000000,
        "50" : 0.000000,
        "100" : 0.000000,
        "250" : 0.000000,
        "500" : 0.000000,
        "750" : 0.000000,
        "1000" : 0.000000,
        "2000" : 0.000000,
        ">=2000" : 0.000000
      },
      "latency_depth" : 16,
      "latency_target" : 0,
      "latency_percentile" : 100.000000,
      "latency_window" : 0
    }
  ],
  "disk_util" : [
    {
      "name" : "sda",
      "read_ios" : 0,
      "write_ios" : 5878,
      "read_sectors" : 0,
      "write_sectors" : 2830296,
      "read_merges" : 0,
      "write_merges" : 5663,
      "read_ticks" : 0,
      "write_ticks" : 17185,
      "in_queue" : 17226,
      "util" : 0.846313
    }
  ]
}
