{
  "fio version" : "fio-3.39-26-ga72fe",
  "timestamp" : 1755473009,
  "timestamp_ms" : 1755473009884,
  "time" : "Sun Aug 17 23:23:29 2025",
  "global options" : {
    "write_iops_log" : "sea_1osd_1reactor_32fio_bal_osd_rc_1procs_randread_zipf",
    "write_bw_log" : "sea_1osd_1reactor_32fio_bal_osd_rc_1procs_randread_zipf",
    "write_lat_log" : "sea_1osd_1reactor_32fio_bal_osd_rc_1procs_randread_zipf",
    "write_hist_log" : "sea_1osd_1reactor_32fio_bal_osd_rc_1procs_randread_zipf",
    "ioengine" : "rbd",
    "bs" : "4k",
    "rw" : "randread",
    "random_distribution" : "zipf:0.76878",
    "direct" : "1",
    "runtime" : "5m",
    "time_based" : "",
    "group_reporting" : "",
    "numjobs" : "1",
    "ramp_time" : "30s",
    "thread" : "1",
    "iodepth" : "40",
    "clientname" : "admin",
    "pool" : "rbd"
  },
  "jobs" : [
    {
      "jobname" : "fio_test_0",
      "groupid" : 0,
      "job_start" : 1755472696884,
      "error" : 0,
      "eta" : 0,
      "elapsed" : 344,
      "job options" : {
        "max_latency" : "1s",
        "rbdname" : "fio_test_0"
      },
      "read" : {
        "io_bytes" : 31357050880,
        "io_kbytes" : 30622120,
        "bw_bytes" : 104522806,
        "bw" : 102073,
        "iops" : 25518.133212,
        "runtime" : 300002,
        "total_ios" : 7655491,
        "short_ios" : 0,
        "drop_ios" : 0,
        "slat_ns" : {
          "min" : 333,
          "max" : 104638,
          "mean" : 2472.509477,
          "stddev" : 1598.846769,
          "N" : 7655491
        },
        "clat_ns" : {
          "min" : 168595,
          "max" : 4963776,
          "mean" : 1561934.456503,
          "stddev" : 495128.465559,
          "N" : 7655530,
          "percentile" : {
            "1.000000" : 700416,
            "5.000000" : 897024,
            "10.000000" : 970752,
            "20.000000" : 1073152,
            "30.000000" : 1204224,
            "40.000000" : 1351680,
            "50.000000" : 1499136,
            "60.000000" : 1662976,
            "70.000000" : 1875968,
            "80.000000" : 2039808,
            "90.000000" : 2244608,
            "95.000000" : 2408448,
            "99.000000" : 2703360,
            "99.500000" : 2801664,
            "99.900000" : 3063808,
            "99.950000" : 3162112,
            "99.990000" : 3522560
          }
        },
        "lat_ns" : {
          "min" : 169688,
          "max" : 4965374,
          "mean" : 1564406.969375,
          "stddev" : 495046.044334,
          "N" : 7655530
        },
        "bw_min" : 825,
        "bw_max" : 24294,
        "bw_agg" : 2.856777,
        "bw_mean" : 2916.520962,
        "bw_dev" : 1000.963068,
        "bw_samples" : 7655530,
        "iops_min" : 1,
        "iops_max" : 1,
        "iops_mean" : 1.000000,
        "iops_stddev" : 0.000000,
        "iops_samples" : 7655530
      },
      "write" : {
        "io_bytes" : 0,
        "io_kbytes" : 0,
        "bw_bytes" : 0,
        "bw" : 0,
        "iops" : 0.000000,
        "runtime" : 0,
        "total_ios" : 0,
        "short_ios" : 0,
        "drop_ios" : 0,
        "slat_ns" : {
          "min" : 0,
          "max" : 0,
          "mean" : 0.000000,
          "stddev" : 0.000000,
          "N" : 0
        },
        "clat_ns" : {
          "min" : 0,
          "max" : 0,
          "mean" : 0.000000,
          "stddev" : 0.000000,
          "N" : 0
        },
        "lat_ns" : {
          "min" : 0,
          "max" : 0,
          "mean" : 0.000000,
          "stddev" : 0.000000,
          "N" : 0
        },
        "bw_min" : 0,
        "bw_max" : 0,
        "bw_agg" : 0.000000,
        "bw_mean" : 0.000000,
        "bw_dev" : 0.000000,
        "bw_samples" : 0,
        "iops_min" : 0,
        "iops_max" : 0,
        "iops_mean" : 0.000000,
        "iops_stddev" : 0.000000,
        "iops_samples" : 0
      },
      "trim" : {
        "io_bytes" : 0,
        "io_kbytes" : 0,
        "bw_bytes" : 0,
        "bw" : 0,
        "iops" : 0.000000,
        "runtime" : 0,
        "total_ios" : 0,
        "short_ios" : 0,
        "drop_ios" : 0,
        "slat_ns" : {
          "min" : 0,
          "max" : 0,
          "mean" : 0.000000,
          "stddev" : 0.000000,
          "N" : 0
        },
        "clat_ns" : {
          "min" : 0,
          "max" : 0,
          "mean" : 0.000000,
          "stddev" : 0.000000,
          "N" : 0
        },
        "lat_ns" : {
          "min" : 0,
          "max" : 0,
          "mean" : 0.000000,
          "stddev" : 0.000000,
          "N" : 0
        },
        "bw_min" : 0,
        "bw_max" : 0,
        "bw_agg" : 0.000000,
        "bw_mean" : 0.000000,
        "bw_dev" : 0.000000,
        "bw_samples" : 0,
        "iops_min" : 0,
        "iops_max" : 0,
        "iops_mean" : 0.000000,
        "iops_stddev" : 0.000000,
        "iops_samples" : 0
      },
      "sync" : {
        "total_ios" : 0,
        "lat_ns" : {
          "min" : 0,
          "max" : 0,
          "mean" : 0.000000,
          "stddev" : 0.000000,
          "N" : 0
        }
      },
      "job_runtime" : 300001,
      "usr_cpu" : 12.204293,
      "sys_cpu" : 8.120306,
      "ctx" : 3661507,
      "majf" : 0,
      "minf" : 32927,
      "iodepth_level" : {
        "1" : 0.100000,
        "2" : 0.100000,
        "4" : 0.100000,
        "8" : 0.100000,
        "16" : 0.100000,
        "32" : 99.993521,
        ">=64" : 0.000000
      },
      "iodepth_submit" : {
        "0" : 0.000000,
        "4" : 100.000000,
        "8" : 0.000000,
        "16" : 0.000000,
        "32" : 0.000000,
        "64" : 0.000000,
        ">=64" : 0.000000
      },
      "iodepth_complete" : {
        "0" : 0.000000,
        "4" : 99.999993,
        "8" : 0.000000,
        "16" : 0.000000,
        "32" : 0.000000,
        "64" : 0.100000,
        ">=64" : 0.000000
      },
      "latency_ns" : {
        "2" : 0.000000,
        "4" : 0.000000,
        "10" : 0.000000,
        "20" : 0.000000,
        "50" : 0.000000,
        "100" : 0.000000,
        "250" : 0.000000,
        "500" : 0.000000,
        "750" : 0.000000,
        "1000" : 0.000000
      },
      "latency_us" : {
        "2" : 0.000000,
        "4" : 0.000000,
        "10" : 0.000000,
        "20" : 0.000000,
        "50" : 0.000000,
        "100" : 0.000000,
        "250" : 0.010000,
        "500" : 0.116361,
        "750" : 1.423370,
        "1000" : 10.969159
      },
      "latency_ms" : {
        "2" : 65.157597,
        "4" : 22.333029,
        "10" : 0.010000,
        "20" : 0.000000,
        "50" : 0.000000,
        "100" : 0.000000,
        "250" : 0.000000,
        "500" : 0.000000,
        "750" : 0.000000,
        "1000" : 0.000000,
        "2000" : 0.000000,
        ">=2000" : 0.000000
      },
      "latency_depth" : 40,
      "latency_target" : 0,
      "latency_percentile" : 100.000000,
      "latency_window" : 0
    }
  ],
  "disk_util" : [
    {
      "name" : "sda",
      "read_ios" : 0,
      "write_ios" : 5781,
      "read_sectors" : 0,
      "write_sectors" : 3130480,
      "read_merges" : 0,
      "write_merges" : 5426,
      "read_ticks" : 0,
      "write_ticks" : 19552,
      "in_queue" : 19621,
      "util" : 0.926931
    }
  ]
}
