{
  "fio version" : "fio-3.39-26-ga72fe",
  "timestamp" : 1755473355,
  "timestamp_ms" : 1755473355562,
  "time" : "Sun Aug 17 23:29:15 2025",
  "global options" : {
    "write_iops_log" : "sea_1osd_1reactor_32fio_bal_osd_rc_1procs_randread_zipf",
    "write_bw_log" : "sea_1osd_1reactor_32fio_bal_osd_rc_1procs_randread_zipf",
    "write_lat_log" : "sea_1osd_1reactor_32fio_bal_osd_rc_1procs_randread_zipf",
    "write_hist_log" : "sea_1osd_1reactor_32fio_bal_osd_rc_1procs_randread_zipf",
    "ioengine" : "rbd",
    "bs" : "4k",
    "rw" : "randread",
    "random_distribution" : "zipf:0.76878",
    "direct" : "1",
    "runtime" : "5m",
    "time_based" : "",
    "group_reporting" : "",
    "numjobs" : "1",
    "ramp_time" : "30s",
    "thread" : "1",
    "iodepth" : "52",
    "clientname" : "admin",
    "pool" : "rbd"
  },
  "jobs" : [
    {
      "jobname" : "fio_test_0",
      "groupid" : 0,
      "job_start" : 1755473041562,
      "error" : 0,
      "eta" : 0,
      "elapsed" : 345,
      "job options" : {
        "max_latency" : "1s",
        "rbdname" : "fio_test_0"
      },
      "read" : {
        "io_bytes" : 34100723712,
        "io_kbytes" : 33301488,
        "bw_bytes" : 113668321,
        "bw" : 111004,
        "iops" : 27750.884994,
        "runtime" : 300002,
        "total_ios" : 8325321,
        "short_ios" : 0,
        "drop_ios" : 0,
        "slat_ns" : {
          "min" : 331,
          "max" : 821324,
          "mean" : 2435.613129,
          "stddev" : 1611.861070,
          "N" : 8325321
        },
        "clat_ns" : {
          "min" : 133878,
          "max" : 9651509,
          "mean" : 1867914.490138,
          "stddev" : 585606.366963,
          "N" : 8325372,
          "percentile" : {
            "1.000000" : 806912,
            "5.000000" : 995328,
            "10.000000" : 1089536,
            "20.000000" : 1302528,
            "30.000000" : 1466368,
            "40.000000" : 1630208,
            "50.000000" : 1892352,
            "60.000000" : 2072576,
            "70.000000" : 2244608,
            "80.000000" : 2408448,
            "90.000000" : 2605056,
            "95.000000" : 2801664,
            "99.000000" : 3162112,
            "99.500000" : 3358720,
            "99.900000" : 3948544,
            "99.950000" : 4227072,
            "99.990000" : 4882432
          }
        },
        "lat_ns" : {
          "min" : 135208,
          "max" : 9653219,
          "mean" : 1870350.101745,
          "stddev" : 585516.188898,
          "N" : 8325372
        },
        "bw_min" : 424,
        "bw_max" : 30595,
        "bw_agg" : 2.208024,
        "bw_mean" : 2451.771174,
        "bw_dev" : 895.815242,
        "bw_samples" : 8325372,
        "iops_min" : 1,
        "iops_max" : 1,
        "iops_mean" : 1.000000,
        "iops_stddev" : 0.000000,
        "iops_samples" : 8325372
      },
      "write" : {
        "io_bytes" : 0,
        "io_kbytes" : 0,
        "bw_bytes" : 0,
        "bw" : 0,
        "iops" : 0.000000,
        "runtime" : 0,
        "total_ios" : 0,
        "short_ios" : 0,
        "drop_ios" : 0,
        "slat_ns" : {
          "min" : 0,
          "max" : 0,
          "mean" : 0.000000,
          "stddev" : 0.000000,
          "N" : 0
        },
        "clat_ns" : {
          "min" : 0,
          "max" : 0,
          "mean" : 0.000000,
          "stddev" : 0.000000,
          "N" : 0
        },
        "lat_ns" : {
          "min" : 0,
          "max" : 0,
          "mean" : 0.000000,
          "stddev" : 0.000000,
          "N" : 0
        },
        "bw_min" : 0,
        "bw_max" : 0,
        "bw_agg" : 0.000000,
        "bw_mean" : 0.000000,
        "bw_dev" : 0.000000,
        "bw_samples" : 0,
        "iops_min" : 0,
        "iops_max" : 0,
        "iops_mean" : 0.000000,
        "iops_stddev" : 0.000000,
        "iops_samples" : 0
      },
      "trim" : {
        "io_bytes" : 0,
        "io_kbytes" : 0,
        "bw_bytes" : 0,
        "bw" : 0,
        "iops" : 0.000000,
        "runtime" : 0,
        "total_ios" : 0,
        "short_ios" : 0,
        "drop_ios" : 0,
        "slat_ns" : {
          "min" : 0,
          "max" : 0,
          "mean" : 0.000000,
          "stddev" : 0.000000,
          "N" : 0
        },
        "clat_ns" : {
          "min" : 0,
          "max" : 0,
          "mean" : 0.000000,
          "stddev" : 0.000000,
          "N" : 0
        },
        "lat_ns" : {
          "min" : 0,
          "max" : 0,
          "mean" : 0.000000,
          "stddev" : 0.000000,
          "N" : 0
        },
        "bw_min" : 0,
        "bw_max" : 0,
        "bw_agg" : 0.000000,
        "bw_mean" : 0.000000,
        "bw_dev" : 0.000000,
        "bw_samples" : 0,
        "iops_min" : 0,
        "iops_max" : 0,
        "iops_mean" : 0.000000,
        "iops_stddev" : 0.000000,
        "iops_samples" : 0
      },
      "sync" : {
        "total_ios" : 0,
        "lat_ns" : {
          "min" : 0,
          "max" : 0,
          "mean" : 0.000000,
          "stddev" : 0.000000,
          "N" : 0
        }
      },
      "job_runtime" : 300001,
      "usr_cpu" : 12.969290,
      "sys_cpu" : 8.437305,
      "ctx" : 3888391,
      "majf" : 0,
      "minf" : 34112,
      "iodepth_level" : {
        "1" : 0.100000,
        "2" : 0.100000,
        "4" : 0.100000,
        "8" : 0.100000,
        "16" : 0.100000,
        "32" : 99.994042,
        ">=64" : 0.000000
      },
      "iodepth_submit" : {
        "0" : 0.000000,
        "4" : 100.000000,
        "8" : 0.000000,
        "16" : 0.000000,
        "32" : 0.000000,
        "64" : 0.000000,
        ">=64" : 0.000000
      },
      "iodepth_complete" : {
        "0" : 0.000000,
        "4" : 99.999994,
        "8" : 0.000000,
        "16" : 0.000000,
        "32" : 0.000000,
        "64" : 0.100000,
        ">=64" : 0.000000
      },
      "latency_ns" : {
        "2" : 0.000000,
        "4" : 0.000000,
        "10" : 0.000000,
        "20" : 0.000000,
        "50" : 0.000000,
        "100" : 0.000000,
        "250" : 0.000000,
        "500" : 0.000000,
        "750" : 0.000000,
        "1000" : 0.000000
      },
      "latency_us" : {
        "2" : 0.000000,
        "4" : 0.000000,
        "10" : 0.000000,
        "20" : 0.000000,
        "50" : 0.000000,
        "100" : 0.000000,
        "250" : 0.010000,
        "500" : 0.042281,
        "750" : 0.606175,
        "1000" : 4.730376
      },
      "latency_ms" : {
        "2" : 50.607226,
        "4" : 43.929069,
        "10" : 0.085306,
        "20" : 0.000000,
        "50" : 0.000000,
        "100" : 0.000000,
        "250" : 0.000000,
        "500" : 0.000000,
        "750" : 0.000000,
        "1000" : 0.000000,
        "2000" : 0.000000,
        ">=2000" : 0.000000
      },
      "latency_depth" : 52,
      "latency_target" : 0,
      "latency_percentile" : 100.000000,
      "latency_window" : 0
    }
  ],
  "disk_util" : [
    {
      "name" : "sda",
      "read_ios" : 0,
      "write_ios" : 5769,
      "read_sectors" : 0,
      "write_sectors" : 3196200,
      "read_merges" : 0,
      "write_merges" : 5579,
      "read_ticks" : 0,
      "write_ticks" : 20131,
      "in_queue" : 20193,
      "util" : 0.951297
    }
  ]
}
