{
  "fio version" : "fio-3.39-26-ga72fe",
  "timestamp" : 1755472320,
  "timestamp_ms" : 1755472320019,
  "time" : "Sun Aug 17 23:12:00 2025",
  "global options" : {
    "write_iops_log" : "sea_1osd_1reactor_32fio_bal_osd_rc_1procs_randread_zipf",
    "write_bw_log" : "sea_1osd_1reactor_32fio_bal_osd_rc_1procs_randread_zipf",
    "write_lat_log" : "sea_1osd_1reactor_32fio_bal_osd_rc_1procs_randread_zipf",
    "write_hist_log" : "sea_1osd_1reactor_32fio_bal_osd_rc_1procs_randread_zipf",
    "ioengine" : "rbd",
    "bs" : "4k",
    "rw" : "randread",
    "random_distribution" : "zipf:0.76878",
    "direct" : "1",
    "runtime" : "5m",
    "time_based" : "",
    "group_reporting" : "",
    "numjobs" : "1",
    "ramp_time" : "30s",
    "thread" : "1",
    "iodepth" : "24",
    "clientname" : "admin",
    "pool" : "rbd"
  },
  "jobs" : [
    {
      "jobname" : "fio_test_0",
      "groupid" : 0,
      "job_start" : 1755472008019,
      "error" : 0,
      "eta" : 0,
      "elapsed" : 343,
      "job options" : {
        "max_latency" : "1s",
        "rbdname" : "fio_test_0"
      },
      "read" : {
        "io_bytes" : 29113552896,
        "io_kbytes" : 28431204,
        "bw_bytes" : 97044852,
        "bw" : 94770,
        "iops" : 23692.514358,
        "runtime" : 300001,
        "total_ios" : 7107778,
        "short_ios" : 0,
        "drop_ios" : 0,
        "slat_ns" : {
          "min" : 355,
          "max" : 983593,
          "mean" : 2624.987522,
          "stddev" : 1672.798408,
          "N" : 7107778
        },
        "clat_ns" : {
          "min" : 65984,
          "max" : 4003101,
          "mean" : 1008135.253742,
          "stddev" : 345379.912159,
          "N" : 7107801,
          "percentile" : {
            "1.000000" : 391168,
            "5.000000" : 497664,
            "10.000000" : 577536,
            "20.000000" : 692224,
            "30.000000" : 782336,
            "40.000000" : 872448,
            "50.000000" : 970752,
            "60.000000" : 1089536,
            "70.000000" : 1204224,
            "80.000000" : 1318912,
            "90.000000" : 1482752,
            "95.000000" : 1597440,
            "99.000000" : 1826816,
            "99.500000" : 1908736,
            "99.900000" : 2113536,
            "99.950000" : 2277376,
            "99.990000" : 2605056
          }
        },
        "lat_ns" : {
          "min" : 118603,
          "max" : 4005161,
          "mean" : 1010760.239917,
          "stddev" : 345323.745368,
          "N" : 7107801
        },
        "bw_min" : 1023,
        "bw_max" : 62075,
        "bw_agg" : 4.885494,
        "bw_mean" : 4630.738327,
        "bw_dev" : 1843.723955,
        "bw_samples" : 7107801,
        "iops_min" : 1,
        "iops_max" : 1,
        "iops_mean" : 1.000000,
        "iops_stddev" : 0.000000,
        "iops_samples" : 7107801
      },
      "write" : {
        "io_bytes" : 0,
        "io_kbytes" : 0,
        "bw_bytes" : 0,
        "bw" : 0,
        "iops" : 0.000000,
        "runtime" : 0,
        "total_ios" : 0,
        "short_ios" : 0,
        "drop_ios" : 0,
        "slat_ns" : {
          "min" : 0,
          "max" : 0,
          "mean" : 0.000000,
          "stddev" : 0.000000,
          "N" : 0
        },
        "clat_ns" : {
          "min" : 0,
          "max" : 0,
          "mean" : 0.000000,
          "stddev" : 0.000000,
          "N" : 0
        },
        "lat_ns" : {
          "min" : 0,
          "max" : 0,
          "mean" : 0.000000,
          "stddev" : 0.000000,
          "N" : 0
        },
        "bw_min" : 0,
        "bw_max" : 0,
        "bw_agg" : 0.000000,
        "bw_mean" : 0.000000,
        "bw_dev" : 0.000000,
        "bw_samples" : 0,
        "iops_min" : 0,
        "iops_max" : 0,
        "iops_mean" : 0.000000,
        "iops_stddev" : 0.000000,
        "iops_samples" : 0
      },
      "trim" : {
        "io_bytes" : 0,
        "io_kbytes" : 0,
        "bw_bytes" : 0,
        "bw" : 0,
        "iops" : 0.000000,
        "runtime" : 0,
        "total_ios" : 0,
        "short_ios" : 0,
        "drop_ios" : 0,
        "slat_ns" : {
          "min" : 0,
          "max" : 0,
          "mean" : 0.000000,
          "stddev" : 0.000000,
          "N" : 0
        },
        "clat_ns" : {
          "min" : 0,
          "max" : 0,
          "mean" : 0.000000,
          "stddev" : 0.000000,
          "N" : 0
        },
        "lat_ns" : {
          "min" : 0,
          "max" : 0,
          "mean" : 0.000000,
          "stddev" : 0.000000,
          "N" : 0
        },
        "bw_min" : 0,
        "bw_max" : 0,
        "bw_agg" : 0.000000,
        "bw_mean" : 0.000000,
        "bw_dev" : 0.000000,
        "bw_samples" : 0,
        "iops_min" : 0,
        "iops_max" : 0,
        "iops_mean" : 0.000000,
        "iops_stddev" : 0.000000,
        "iops_samples" : 0
      },
      "sync" : {
        "total_ios" : 0,
        "lat_ns" : {
          "min" : 0,
          "max" : 0,
          "mean" : 0.000000,
          "stddev" : 0.000000,
          "N" : 0
        }
      },
      "job_runtime" : 300000,
      "usr_cpu" : 11.649000,
      "sys_cpu" : 7.965333,
      "ctx" : 3432244,
      "majf" : 0,
      "minf" : 22469,
      "iodepth_level" : {
        "1" : 0.100000,
        "2" : 0.100000,
        "4" : 0.100000,
        "8" : 0.100000,
        "16" : 99.996834,
        "32" : 0.000000,
        ">=64" : 0.000000
      },
      "iodepth_submit" : {
        "0" : 0.000000,
        "4" : 100.000000,
        "8" : 0.000000,
        "16" : 0.000000,
        "32" : 0.000000,
        "64" : 0.000000,
        ">=64" : 0.000000
      },
      "iodepth_complete" : {
        "0" : 0.000000,
        "4" : 99.999993,
        "8" : 0.000000,
        "16" : 0.000000,
        "32" : 0.100000,
        "64" : 0.000000,
        ">=64" : 0.000000
      },
      "latency_ns" : {
        "2" : 0.000000,
        "4" : 0.000000,
        "10" : 0.000000,
        "20" : 0.000000,
        "50" : 0.000000,
        "100" : 0.000000,
        "250" : 0.000000,
        "500" : 0.000000,
        "750" : 0.000000,
        "1000" : 0.000000
      },
      "latency_us" : {
        "2" : 0.000000,
        "4" : 0.000000,
        "10" : 0.000000,
        "20" : 0.000000,
        "50" : 0.000000,
        "100" : 0.010000,
        "250" : 0.054644,
        "500" : 5.022357,
        "750" : 21.499687,
        "1000" : 26.210034
      },
      "latency_ms" : {
        "2" : 46.995475,
        "4" : 0.218099,
        "10" : 0.010000,
        "20" : 0.000000,
        "50" : 0.000000,
        "100" : 0.000000,
        "250" : 0.000000,
        "500" : 0.000000,
        "750" : 0.000000,
        "1000" : 0.000000,
        "2000" : 0.000000,
        ">=2000" : 0.000000
      },
      "latency_depth" : 24,
      "latency_target" : 0,
      "latency_percentile" : 100.000000,
      "latency_window" : 0
    }
  ],
  "disk_util" : [
    {
      "name" : "sda",
      "read_ios" : 0,
      "write_ios" : 5683,
      "read_sectors" : 0,
      "write_sectors" : 2905488,
      "read_merges" : 0,
      "write_merges" : 5538,
      "read_ticks" : 0,
      "write_ticks" : 17602,
      "in_queue" : 17641,
      "util" : 0.874327
    }
  ]
}
