{
    "iodepth": [
        "1",
        "2",
        "4",
        "8",
        "16",
        "24",
        "32",
        "40",
        "52",
        "64"
    ],
    "iops": [
        5588.388039,
        10504.344986,
        14707.870974,
        18129.596235,
        21553.651488,
        23692.514358,
        26284.654769,
        25518.133212,
        27750.884994,
        25990.410096
    ],
    "total_ios": [
        1676522,
        3151314,
        4412376,
        5438897,
        6466117,
        7107778,
        7885449,
        7655491,
        8325321,
        7797201
    ],
    "clat_ms": [
        0.173701932783,
        0.18593579999,
        0.267526080853,
        0.436794536036,
        0.737453841288,
        1.008135253742,
        1.212233517464,
        1.561934456503,
        1.867914490138,
        2.455909661512
    ],
    "clat_stdev": [
        0.035963287580999995,
        0.042008530176,
        0.079890631196,
        0.156655055012,
        0.26753967691799996,
        0.345379912159,
        0.419802342081,
        0.495128465559,
        0.5856063669630001,
        0.632502439704
    ],
    "usr_cpu": [
        3.368,
        5.165667,
        6.997667,
        8.902333,
        11.047667,
        11.649,
        12.604291,
        12.204293,
        12.96929,
        12.191919
    ],
    "sys_cpu": [
        3.356333,
        5.423333,
        6.547333,
        7.101,
        8.001333,
        7.965333,
        8.506972,
        8.120306,
        8.437305,
        8.196612
    ],
    "OSD_cpu": [
        152.29000000000002,
        181.85333333333332,
        185.3633333333333,
        185.48999999999992,
        185.90999999999994,
        187.33666666666662,
        191.00999999999996,
        187.57666666666663,
        191.6133333333333,
        187.74999999999997
    ],
    "OSD_mem": [
        6.959999999999981,
        7.199999999999979,
        7.780000000000025,
        7.800000000000025,
        7.800000000000025,
        7.800000000000025,
        7.800000000000025,
        7.800000000000025,
        7.800000000000025,
        7.800000000000025
    ],
    "FIO_cpu": [
        48.46999999999995,
        76.82,
        94.94000000000001,
        107.05333333333334,
        119.80000000000008,
        124.63000000000002,
        129.74999999999997,
        126.49000000000008,
        129.98333333333332,
        123.83000000000006
    ],
    "FIO_mem": [
        0.0,
        0.9066666666666705,
        1.120000000000007,
        1.226666666666675,
        1.3333333333333433,
        1.6000000000000136,
        1.760000000000016,
        1.7066666666666819,
        1.8666666666666842,
        1.7066666666666819
    ]
}