{
    "MSGR": {
        "perf-crimson-ms": {
            "cpu": [
                99.9,
                97.3,
                97.3,
                97.7,
                97.3,
                97.0,
                97.7,
                97.3,
                97.7,
                97.0,
                98.0,
                97.0,
                97.7,
                97.0,
                97.3,
                97.3,
                97.7,
                97.3,
                97.3,
                97.3,
                97.7
            ],
            "mem": [
                0.6,
                0.6,
                0.6,
                0.6,
                0.6,
                0.6,
                0.6,
                0.6,
                0.6,
                0.6,
                0.6,
                0.6,
                0.6,
                0.6,
                0.6,
                0.6,
                0.6,
                0.6,
                0.6,
                0.6,
                0.6
            ]
        },
        "reactor": {
            "cpu": [
                1259.0999999999997,
                1454.4,
                1458.8999999999999,
                1454.6000000000001,
                1458.6,
                1455.0,
                1457.2,
                1455.0000000000002,
                1459.6999999999998,
                1453.4,
                1459.6999999999998,
                1452.9000000000003,
                1459.1999999999998,
                1454.5000000000002,
                1459.4999999999998,
                1453.8000000000002,
                1459.8999999999996,
                1453.1000000000001,
                1458.1,
                1455.0000000000002,
                1458.8999999999999
            ],
            "mem": [
                17.4,
                18.6,
                18.6,
                18.6,
                18.6,
                18.6,
                18.6,
                18.6,
                18.6,
                18.6,
                18.6,
                18.6,
                18.6,
                18.6,
                18.6,
                18.6,
                18.6,
                18.6,
                18.6,
                18.6,
                18.6
            ]
        }
    }
}