{
    "iodepth": [
        "1",
        "2",
        "4",
        "8",
        "16",
        "24",
        "32",
        "40",
        "52",
        "64"
    ],
    "iops": [
        2404.515318,
        3436.05188,
        4267.839107,
        4840.197199,
        5064.769568,
        4785.832378,
        4492.443636,
        4240.077732,
        4072.61473,
        4019.00924
    ],
    "total_ios": [
        721357,
        1030819,
        1280356,
        1452064,
        1519441,
        1435788,
        1347787,
        1272053,
        1221817,
        1205751
    ],
    "clat_ms": [
        0.408087532882,
        0.573099900746,
        0.929451246914,
        1.6449798308749999,
        3.150663080247,
        5.005551266673,
        7.11261509056,
        9.422189830401999,
        12.7545387312,
        15.908819979462999
    ],
    "clat_stdev": [
        0.16779638951599998,
        0.306895283948,
        0.5185602467939999,
        0.9796450544249999,
        2.288374259907,
        4.981699120866,
        8.80848733392,
        13.734773835124,
        22.642940804951998,
        32.653289979428
    ],
    "usr_cpu": [
        2.200333,
        3.383667,
        3.591,
        4.051333,
        4.178653,
        3.975907,
        3.764195,
        3.577583,
        3.590583,
        3.507871
    ],
    "sys_cpu": [
        1.733,
        2.412333,
        2.674667,
        2.534667,
        2.483658,
        2.191949,
        2.236251,
        2.051285,
        1.894956,
        1.851599
    ],
    "OSD_cpu": [
        143.6166666666667,
        165.02333333333337,
        177.23000000000002,
        179.89000000000001,
        185.88666666666668,
        185.3,
        186.45999999999998,
        180.9833333333333,
        179.66999999999996,
        178.8766666666667
    ],
    "OSD_mem": [
        5.489999999999999,
        6.57999999999998,
        6.599999999999979,
        7.179999999999979,
        7.199999999999979,
        7.199999999999979,
        7.199999999999979,
        7.199999999999979,
        7.199999999999979,
        7.199999999999979
    ],
    "FIO_cpu": [
        25.963333333333328,
        36.986666666666686,
        41.33666666666661,
        42.346666666666614,
        42.32333333333331,
        39.54999999999997,
        37.729999999999976,
        35.666666666666664,
        34.753333333333316,
        34.38999999999999
    ],
    "FIO_mem": [
        0.0,
        0.0,
        0.0,
        0.0,
        0.0,
        0.0,
        0.0,
        0.0,
        0.0,
        0.0
    ]
}