{
  "fio version" : "fio-3.39-26-ga72fe",
  "timestamp" : 1755291057,
  "timestamp_ms" : 1755291057785,
  "time" : "Fri Aug 15 20:50:57 2025",
  "global options" : {
    "write_iops_log" : "sea_1osd_1reactor_32fio_bal_osd_rc_1procs_randread_zipf",
    "write_bw_log" : "sea_1osd_1reactor_32fio_bal_osd_rc_1procs_randread_zipf",
    "write_lat_log" : "sea_1osd_1reactor_32fio_bal_osd_rc_1procs_randread_zipf",
    "write_hist_log" : "sea_1osd_1reactor_32fio_bal_osd_rc_1procs_randread_zipf",
    "ioengine" : "rbd",
    "bs" : "4k",
    "rw" : "randread",
    "random_distribution" : "zipf:0.76878",
    "direct" : "1",
    "runtime" : "5m",
    "time_based" : "",
    "group_reporting" : "",
    "numjobs" : "1",
    "ramp_time" : "30s",
    "thread" : "1",
    "iodepth" : "16",
    "clientname" : "admin",
    "pool" : "rbd"
  },
  "jobs" : [
    {
      "jobname" : "fio_test_0",
      "groupid" : 0,
      "job_start" : 1755290746535,
      "error" : 0,
      "eta" : 0,
      "elapsed" : 342,
      "job options" : {
        "max_latency" : "1s",
        "rbdname" : "fio_test_0"
      },
      "read" : {
        "io_bytes" : 27012546560,
        "io_kbytes" : 26379440,
        "bw_bytes" : 90041521,
        "bw" : 87931,
        "iops" : 21982.743391,
        "runtime" : 300001,
        "total_ios" : 6594845,
        "short_ios" : 0,
        "drop_ios" : 0,
        "slat_ns" : {
          "min" : 360,
          "max" : 1227363,
          "mean" : 2937.274986,
          "stddev" : 1920.775876,
          "N" : 6594845
        },
        "clat_ns" : {
          "min" : 108030,
          "max" : 2891036,
          "mean" : 722877.560728,
          "stddev" : 271886.511243,
          "N" : 6594860,
          "percentile" : {
            "1.000000" : 214016,
            "5.000000" : 317440,
            "10.000000" : 382976,
            "20.000000" : 468992,
            "30.000000" : 536576,
            "40.000000" : 618496,
            "50.000000" : 708608,
            "60.000000" : 798720,
            "70.000000" : 880640,
            "80.000000" : 970752,
            "90.000000" : 1089536,
            "95.000000" : 1171456,
            "99.000000" : 1351680,
            "99.500000" : 1417216,
            "99.900000" : 1597440,
            "99.950000" : 1744896,
            "99.990000" : 2056192
          }
        },
        "lat_ns" : {
          "min" : 112311,
          "max" : 2895318,
          "mean" : 725814.831661,
          "stddev" : 271911.737784,
          "N" : 6594860
        },
        "bw_min" : 1416,
        "bw_max" : 37915,
        "bw_agg" : 7.663949,
        "bw_mean" : 6739.456953,
        "bw_dev" : 3331.866039,
        "bw_samples" : 6594860,
        "iops_min" : 1,
        "iops_max" : 1,
        "iops_mean" : 1.000000,
        "iops_stddev" : 0.000000,
        "iops_samples" : 6594860
      },
      "write" : {
        "io_bytes" : 0,
        "io_kbytes" : 0,
        "bw_bytes" : 0,
        "bw" : 0,
        "iops" : 0.000000,
        "runtime" : 0,
        "total_ios" : 0,
        "short_ios" : 0,
        "drop_ios" : 0,
        "slat_ns" : {
          "min" : 0,
          "max" : 0,
          "mean" : 0.000000,
          "stddev" : 0.000000,
          "N" : 0
        },
        "clat_ns" : {
          "min" : 0,
          "max" : 0,
          "mean" : 0.000000,
          "stddev" : 0.000000,
          "N" : 0
        },
        "lat_ns" : {
          "min" : 0,
          "max" : 0,
          "mean" : 0.000000,
          "stddev" : 0.000000,
          "N" : 0
        },
        "bw_min" : 0,
        "bw_max" : 0,
        "bw_agg" : 0.000000,
        "bw_mean" : 0.000000,
        "bw_dev" : 0.000000,
        "bw_samples" : 0,
        "iops_min" : 0,
        "iops_max" : 0,
        "iops_mean" : 0.000000,
        "iops_stddev" : 0.000000,
        "iops_samples" : 0
      },
      "trim" : {
        "io_bytes" : 0,
        "io_kbytes" : 0,
        "bw_bytes" : 0,
        "bw" : 0,
        "iops" : 0.000000,
        "runtime" : 0,
        "total_ios" : 0,
        "short_ios" : 0,
        "drop_ios" : 0,
        "slat_ns" : {
          "min" : 0,
          "max" : 0,
          "mean" : 0.000000,
          "stddev" : 0.000000,
          "N" : 0
        },
        "clat_ns" : {
          "min" : 0,
          "max" : 0,
          "mean" : 0.000000,
          "stddev" : 0.000000,
          "N" : 0
        },
        "lat_ns" : {
          "min" : 0,
          "max" : 0,
          "mean" : 0.000000,
          "stddev" : 0.000000,
          "N" : 0
        },
        "bw_min" : 0,
        "bw_max" : 0,
        "bw_agg" : 0.000000,
        "bw_mean" : 0.000000,
        "bw_dev" : 0.000000,
        "bw_samples" : 0,
        "iops_min" : 0,
        "iops_max" : 0,
        "iops_mean" : 0.000000,
        "iops_stddev" : 0.000000,
        "iops_samples" : 0
      },
      "sync" : {
        "total_ios" : 0,
        "lat_ns" : {
          "min" : 0,
          "max" : 0,
          "mean" : 0.000000,
          "stddev" : 0.000000,
          "N" : 0
        }
      },
      "job_runtime" : 300000,
      "usr_cpu" : 11.480000,
      "sys_cpu" : 8.064000,
      "ctx" : 3323400,
      "majf" : 0,
      "minf" : 31113,
      "iodepth_level" : {
        "1" : 0.100000,
        "2" : 0.100000,
        "4" : 0.100000,
        "8" : 0.100000,
        "16" : 99.996588,
        "32" : 0.000000,
        ">=64" : 0.000000
      },
      "iodepth_submit" : {
        "0" : 0.000000,
        "4" : 100.000000,
        "8" : 0.000000,
        "16" : 0.000000,
        "32" : 0.000000,
        "64" : 0.000000,
        ">=64" : 0.000000
      },
      "iodepth_complete" : {
        "0" : 0.000000,
        "4" : 99.999992,
        "8" : 0.000000,
        "16" : 0.100000,
        "32" : 0.000000,
        "64" : 0.000000,
        ">=64" : 0.000000
      },
      "latency_ns" : {
        "2" : 0.000000,
        "4" : 0.000000,
        "10" : 0.000000,
        "20" : 0.000000,
        "50" : 0.000000,
        "100" : 0.000000,
        "250" : 0.000000,
        "500" : 0.000000,
        "750" : 0.000000,
        "1000" : 0.000000
      },
      "latency_us" : {
        "2" : 0.000000,
        "4" : 0.000000,
        "10" : 0.000000,
        "20" : 0.000000,
        "50" : 0.000000,
        "100" : 0.000000,
        "250" : 1.941334,
        "500" : 22.530916,
        "750" : 30.358166,
        "1000" : 27.938822
      },
      "latency_ms" : {
        "2" : 17.216614,
        "4" : 0.014375,
        "10" : 0.000000,
        "20" : 0.000000,
        "50" : 0.000000,
        "100" : 0.000000,
        "250" : 0.000000,
        "500" : 0.000000,
        "750" : 0.000000,
        "1000" : 0.000000,
        "2000" : 0.000000,
        ">=2000" : 0.000000
      },
      "latency_depth" : 16,
      "latency_target" : 0,
      "latency_percentile" : 100.000000,
      "latency_window" : 0
    }
  ],
  "disk_util" : [
    {
      "name" : "sda",
      "read_ios" : 0,
      "write_ios" : 5316,
      "read_sectors" : 0,
      "write_sectors" : 2925328,
      "read_merges" : 0,
      "write_merges" : 5400,
      "read_ticks" : 0,
      "write_ticks" : 17786,
      "in_queue" : 17849,
      "util" : 0.889738
    }
  ]
}
