{
  "fio version" : "fio-3.39-26-ga72fe",
  "timestamp" : 1755462742,
  "timestamp_ms" : 1755462742733,
  "time" : "Sun Aug 17 20:32:22 2025",
  "global options" : {
    "write_iops_log" : "sea_1osd_1reactor_32fio_bal_osd_rc_1procs_randread_norm",
    "write_bw_log" : "sea_1osd_1reactor_32fio_bal_osd_rc_1procs_randread_norm",
    "write_lat_log" : "sea_1osd_1reactor_32fio_bal_osd_rc_1procs_randread_norm",
    "write_hist_log" : "sea_1osd_1reactor_32fio_bal_osd_rc_1procs_randread_norm",
    "ioengine" : "rbd",
    "bs" : "4k",
    "rw" : "randread",
    "random_distribution" : "normal:0.6",
    "direct" : "1",
    "runtime" : "5m",
    "time_based" : "",
    "group_reporting" : "",
    "numjobs" : "1",
    "ramp_time" : "30s",
    "thread" : "1",
    "iodepth" : "32",
    "clientname" : "admin",
    "pool" : "rbd"
  },
  "jobs" : [
    {
      "jobname" : "fio_test_0",
      "groupid" : 0,
      "job_start" : 1755462428483,
      "error" : 0,
      "eta" : 0,
      "elapsed" : 345,
      "job options" : {
        "max_latency" : "1s",
        "rbdname" : "fio_test_0"
      },
      "read" : {
        "io_bytes" : 34425933824,
        "io_kbytes" : 33619076,
        "bw_bytes" : 114752730,
        "bw" : 112063,
        "iops" : 28015.696614,
        "runtime" : 300001,
        "total_ios" : 8404737,
        "short_ios" : 0,
        "drop_ios" : 0,
        "slat_ns" : {
          "min" : 331,
          "max" : 424300,
          "mean" : 2531.739815,
          "stddev" : 1670.540799,
          "N" : 8404738
        },
        "clat_ns" : {
          "min" : 114549,
          "max" : 4481870,
          "mean" : 1136891.883825,
          "stddev" : 387049.563499,
          "N" : 8404768,
          "percentile" : {
            "1.000000" : 419840,
            "5.000000" : 552960,
            "10.000000" : 643072,
            "20.000000" : 765952,
            "30.000000" : 880640,
            "40.000000" : 995328,
            "50.000000" : 1122304,
            "60.000000" : 1253376,
            "70.000000" : 1368064,
            "80.000000" : 1482752,
            "90.000000" : 1630208,
            "95.000000" : 1761280,
            "99.000000" : 2039808,
            "99.500000" : 2146304,
            "99.900000" : 2506752,
            "99.950000" : 2703360,
            "99.990000" : 3031040
          }
        },
        "lat_ns" : {
          "min" : 115660,
          "max" : 4483329,
          "mean" : 1139423.625440,
          "stddev" : 386993.787694,
          "N" : 8404768
        },
        "bw_min" : 913,
        "bw_max" : 35757,
        "bw_agg" : 3.680958,
        "bw_mean" : 4125.264477,
        "bw_dev" : 1714.106139,
        "bw_samples" : 8404768,
        "iops_min" : 1,
        "iops_max" : 1,
        "iops_mean" : 1.000000,
        "iops_stddev" : 0.000000,
        "iops_samples" : 8404768
      },
      "write" : {
        "io_bytes" : 0,
        "io_kbytes" : 0,
        "bw_bytes" : 0,
        "bw" : 0,
        "iops" : 0.000000,
        "runtime" : 0,
        "total_ios" : 0,
        "short_ios" : 0,
        "drop_ios" : 0,
        "slat_ns" : {
          "min" : 0,
          "max" : 0,
          "mean" : 0.000000,
          "stddev" : 0.000000,
          "N" : 0
        },
        "clat_ns" : {
          "min" : 0,
          "max" : 0,
          "mean" : 0.000000,
          "stddev" : 0.000000,
          "N" : 0
        },
        "lat_ns" : {
          "min" : 0,
          "max" : 0,
          "mean" : 0.000000,
          "stddev" : 0.000000,
          "N" : 0
        },
        "bw_min" : 0,
        "bw_max" : 0,
        "bw_agg" : 0.000000,
        "bw_mean" : 0.000000,
        "bw_dev" : 0.000000,
        "bw_samples" : 0,
        "iops_min" : 0,
        "iops_max" : 0,
        "iops_mean" : 0.000000,
        "iops_stddev" : 0.000000,
        "iops_samples" : 0
      },
      "trim" : {
        "io_bytes" : 0,
        "io_kbytes" : 0,
        "bw_bytes" : 0,
        "bw" : 0,
        "iops" : 0.000000,
        "runtime" : 0,
        "total_ios" : 0,
        "short_ios" : 0,
        "drop_ios" : 0,
        "slat_ns" : {
          "min" : 0,
          "max" : 0,
          "mean" : 0.000000,
          "stddev" : 0.000000,
          "N" : 0
        },
        "clat_ns" : {
          "min" : 0,
          "max" : 0,
          "mean" : 0.000000,
          "stddev" : 0.000000,
          "N" : 0
        },
        "lat_ns" : {
          "min" : 0,
          "max" : 0,
          "mean" : 0.000000,
          "stddev" : 0.000000,
          "N" : 0
        },
        "bw_min" : 0,
        "bw_max" : 0,
        "bw_agg" : 0.000000,
        "bw_mean" : 0.000000,
        "bw_dev" : 0.000000,
        "bw_samples" : 0,
        "iops_min" : 0,
        "iops_max" : 0,
        "iops_mean" : 0.000000,
        "iops_stddev" : 0.000000,
        "iops_samples" : 0
      },
      "sync" : {
        "total_ios" : 0,
        "lat_ns" : {
          "min" : 0,
          "max" : 0,
          "mean" : 0.000000,
          "stddev" : 0.000000,
          "N" : 0
        }
      },
      "job_runtime" : 300000,
      "usr_cpu" : 13.472000,
      "sys_cpu" : 8.840667,
      "ctx" : 4005765,
      "majf" : 0,
      "minf" : 35280,
      "iodepth_level" : {
        "1" : 0.100000,
        "2" : 0.100000,
        "4" : 0.100000,
        "8" : 0.100000,
        "16" : 0.100000,
        "32" : 99.993730,
        ">=64" : 0.000000
      },
      "iodepth_submit" : {
        "0" : 0.000000,
        "4" : 100.000000,
        "8" : 0.000000,
        "16" : 0.000000,
        "32" : 0.000000,
        "64" : 0.000000,
        ">=64" : 0.000000
      },
      "iodepth_complete" : {
        "0" : 0.000000,
        "4" : 99.999994,
        "8" : 0.000000,
        "16" : 0.000000,
        "32" : 0.100000,
        "64" : 0.000000,
        ">=64" : 0.000000
      },
      "latency_ns" : {
        "2" : 0.000000,
        "4" : 0.000000,
        "10" : 0.000000,
        "20" : 0.000000,
        "50" : 0.000000,
        "100" : 0.000000,
        "250" : 0.000000,
        "500" : 0.000000,
        "750" : 0.000000,
        "1000" : 0.000000
      },
      "latency_us" : {
        "2" : 0.000000,
        "4" : 0.000000,
        "10" : 0.000000,
        "20" : 0.000000,
        "50" : 0.000000,
        "100" : 0.000000,
        "250" : 0.035278,
        "500" : 2.982806,
        "750" : 15.314864,
        "1000" : 22.201456
      },
      "latency_ms" : {
        "2" : 58.192315,
        "4" : 1.273615,
        "10" : 0.010000,
        "20" : 0.000000,
        "50" : 0.000000,
        "100" : 0.000000,
        "250" : 0.000000,
        "500" : 0.000000,
        "750" : 0.000000,
        "1000" : 0.000000,
        "2000" : 0.000000,
        ">=2000" : 0.000000
      },
      "latency_depth" : 32,
      "latency_target" : 0,
      "latency_percentile" : 100.000000,
      "latency_window" : 0
    }
  ],
  "disk_util" : [
    {
      "name" : "sda",
      "read_ios" : 0,
      "write_ios" : 6292,
      "read_sectors" : 0,
      "write_sectors" : 3253880,
      "read_merges" : 0,
      "write_merges" : 5507,
      "read_ticks" : 0,
      "write_ticks" : 20418,
      "in_queue" : 20510,
      "util" : 0.957881
    }
  ]
}
