{
    "iodepth": [
        "1",
        "2",
        "4",
        "8",
        "16",
        "24",
        "32",
        "40",
        "52",
        "64"
    ],
    "iops": [
        6052.893157,
        11032.976557,
        15561.858127,
        19117.01961,
        23478.365072,
        25072.596425,
        28015.696614,
        27427.95048,
        29881.724122,
        28171.072193
    ],
    "total_ios": [
        1815874,
        3309904,
        4668573,
        5735125,
        7043533,
        7521804,
        8404737,
        8228440,
        8964577,
        8451378
    ],
    "clat_ms": [
        0.159209661131,
        0.17690045774000002,
        0.252610185364,
        0.41403825837200003,
        0.676823671602,
        0.952277384238,
        1.136891883825,
        1.453041937514,
        1.734407583914,
        2.2652301353409996
    ],
    "clat_stdev": [
        0.033437762116,
        0.041473667724,
        0.073939860578,
        0.146457774574,
        0.25197826349499997,
        0.32567801363399995,
        0.387049563499,
        0.459862566899,
        0.534098125997,
        0.594753808667
    ],
    "usr_cpu": [
        4.302333,
        5.3,
        7.509667,
        9.483,
        11.604667,
        12.175333,
        13.472,
        12.976957,
        13.507288,
        12.783957
    ],
    "sys_cpu": [
        3.449667,
        5.569333,
        6.798333,
        7.232,
        8.405333,
        8.484667,
        8.840667,
        8.312639,
        8.750304,
        8.283972
    ],
    "OSD_cpu": [
        158.33666666666667,
        182.69666666666657,
        187.69333333333324,
        185.94666666666663,
        185.9,
        185.55666666666664,
        189.48333333333338,
        187.57999999999996,
        190.83666666666662,
        186.88666666666666
    ],
    "OSD_mem": [
        4.036666666666678,
        4.200000000000012,
        4.200000000000012,
        4.200000000000012,
        4.200000000000012,
        4.200000000000012,
        4.200000000000012,
        4.200000000000012,
        4.200000000000012,
        4.200000000000012
    ],
    "FIO_cpu": [
        48.60666666666661,
        78.26999999999995,
        99.02666666666667,
        110.6700000000001,
        126.83333333333339,
        130.65333333333342,
        134.96666666666664,
        132.17666666666676,
        138.45333333333338,
        129.29333333333338
    ],
    "FIO_mem": [
        0.15999999999999998,
        0.9066666666666705,
        1.173333333333341,
        1.2800000000000091,
        1.4933333333333456,
        1.6533333333333478,
        1.8666666666666842,
        1.8666666666666842,
        1.9733333333333514,
        1.8666666666666842
    ]
}