{
  "fio version" : "fio-3.39-26-ga72fe",
  "timestamp" : 1755348015,
  "timestamp_ms" : 1755348015472,
  "time" : "Sat Aug 16 12:40:15 2025",
  "global options" : {
    "write_iops_log" : "sea_1osd_8reactor_32fio_bal_osd_rc_1procs_randread_norm",
    "write_bw_log" : "sea_1osd_8reactor_32fio_bal_osd_rc_1procs_randread_norm",
    "write_lat_log" : "sea_1osd_8reactor_32fio_bal_osd_rc_1procs_randread_norm",
    "write_hist_log" : "sea_1osd_8reactor_32fio_bal_osd_rc_1procs_randread_norm",
    "ioengine" : "rbd",
    "bs" : "4k",
    "rw" : "randread",
    "random_distribution" : "normal:0.6",
    "direct" : "1",
    "runtime" : "5m",
    "time_based" : "",
    "group_reporting" : "",
    "numjobs" : "1",
    "ramp_time" : "30s",
    "thread" : "1",
    "iodepth" : "32",
    "clientname" : "admin",
    "pool" : "rbd"
  },
  "jobs" : [
    {
      "jobname" : "fio_test_0",
      "groupid" : 0,
      "job_start" : 1755347698221,
      "error" : 0,
      "eta" : 0,
      "elapsed" : 348,
      "job options" : {
        "max_latency" : "1s",
        "rbdname" : "fio_test_0"
      },
      "read" : {
        "io_bytes" : 41431318528,
        "io_kbytes" : 40460272,
        "bw_bytes" : 138103474,
        "bw" : 134866,
        "iops" : 33716.565223,
        "runtime" : 300002,
        "total_ios" : 10115037,
        "short_ios" : 0,
        "drop_ios" : 0,
        "slat_ns" : {
          "min" : 295,
          "max" : 762177,
          "mean" : 2555.025235,
          "stddev" : 1858.304155,
          "N" : 10115037
        },
        "clat_ns" : {
          "min" : 101159,
          "max" : 3630558,
          "mean" : 943979.576993,
          "stddev" : 409365.517582,
          "N" : 10115068,
          "percentile" : {
            "1.000000" : 268288,
            "5.000000" : 411648,
            "10.000000" : 493568,
            "20.000000" : 602112,
            "30.000000" : 692224,
            "40.000000" : 782336,
            "50.000000" : 872448,
            "60.000000" : 970752,
            "70.000000" : 1089536,
            "80.000000" : 1236992,
            "90.000000" : 1515520,
            "95.000000" : 1794048,
            "99.000000" : 2146304,
            "99.500000" : 2244608,
            "99.900000" : 2375680,
            "99.950000" : 2441216,
            "99.990000" : 2539520
          }
        },
        "lat_ns" : {
          "min" : 102685,
          "max" : 3632558,
          "mean" : 946534.598561,
          "stddev" : 409810.618315,
          "N" : 10115068
        },
        "bw_min" : 1128,
        "bw_max" : 40490,
        "bw_agg" : 3.916460,
        "bw_mean" : 5282.844794,
        "bw_dev" : 2747.839985,
        "bw_samples" : 10115068,
        "iops_min" : 1,
        "iops_max" : 1,
        "iops_mean" : 1.000000,
        "iops_stddev" : 0.000000,
        "iops_samples" : 10115068
      },
      "write" : {
        "io_bytes" : 0,
        "io_kbytes" : 0,
        "bw_bytes" : 0,
        "bw" : 0,
        "iops" : 0.000000,
        "runtime" : 0,
        "total_ios" : 0,
        "short_ios" : 0,
        "drop_ios" : 0,
        "slat_ns" : {
          "min" : 0,
          "max" : 0,
          "mean" : 0.000000,
          "stddev" : 0.000000,
          "N" : 0
        },
        "clat_ns" : {
          "min" : 0,
          "max" : 0,
          "mean" : 0.000000,
          "stddev" : 0.000000,
          "N" : 0
        },
        "lat_ns" : {
          "min" : 0,
          "max" : 0,
          "mean" : 0.000000,
          "stddev" : 0.000000,
          "N" : 0
        },
        "bw_min" : 0,
        "bw_max" : 0,
        "bw_agg" : 0.000000,
        "bw_mean" : 0.000000,
        "bw_dev" : 0.000000,
        "bw_samples" : 0,
        "iops_min" : 0,
        "iops_max" : 0,
        "iops_mean" : 0.000000,
        "iops_stddev" : 0.000000,
        "iops_samples" : 0
      },
      "trim" : {
        "io_bytes" : 0,
        "io_kbytes" : 0,
        "bw_bytes" : 0,
        "bw" : 0,
        "iops" : 0.000000,
        "runtime" : 0,
        "total_ios" : 0,
        "short_ios" : 0,
        "drop_ios" : 0,
        "slat_ns" : {
          "min" : 0,
          "max" : 0,
          "mean" : 0.000000,
          "stddev" : 0.000000,
          "N" : 0
        },
        "clat_ns" : {
          "min" : 0,
          "max" : 0,
          "mean" : 0.000000,
          "stddev" : 0.000000,
          "N" : 0
        },
        "lat_ns" : {
          "min" : 0,
          "max" : 0,
          "mean" : 0.000000,
          "stddev" : 0.000000,
          "N" : 0
        },
        "bw_min" : 0,
        "bw_max" : 0,
        "bw_agg" : 0.000000,
        "bw_mean" : 0.000000,
        "bw_dev" : 0.000000,
        "bw_samples" : 0,
        "iops_min" : 0,
        "iops_max" : 0,
        "iops_mean" : 0.000000,
        "iops_stddev" : 0.000000,
        "iops_samples" : 0
      },
      "sync" : {
        "total_ios" : 0,
        "lat_ns" : {
          "min" : 0,
          "max" : 0,
          "mean" : 0.000000,
          "stddev" : 0.000000,
          "N" : 0
        }
      },
      "job_runtime" : 300001,
      "usr_cpu" : 16.026280,
      "sys_cpu" : 9.309969,
      "ctx" : 4552310,
      "majf" : 0,
      "minf" : 32827,
      "iodepth_level" : {
        "1" : 0.100000,
        "2" : 0.100000,
        "4" : 0.100000,
        "8" : 0.100000,
        "16" : 0.100000,
        "32" : 99.994483,
        ">=64" : 0.000000
      },
      "iodepth_submit" : {
        "0" : 0.000000,
        "4" : 100.000000,
        "8" : 0.000000,
        "16" : 0.000000,
        "32" : 0.000000,
        "64" : 0.000000,
        ">=64" : 0.000000
      },
      "iodepth_complete" : {
        "0" : 0.000000,
        "4" : 99.999995,
        "8" : 0.000000,
        "16" : 0.000000,
        "32" : 0.100000,
        "64" : 0.000000,
        ">=64" : 0.000000
      },
      "latency_ns" : {
        "2" : 0.000000,
        "4" : 0.000000,
        "10" : 0.000000,
        "20" : 0.000000,
        "50" : 0.000000,
        "100" : 0.000000,
        "250" : 0.000000,
        "500" : 0.000000,
        "750" : 0.000000,
        "1000" : 0.000000
      },
      "latency_us" : {
        "2" : 0.000000,
        "4" : 0.000000,
        "10" : 0.000000,
        "20" : 0.000000,
        "50" : 0.000000,
        "100" : 0.000000,
        "250" : 0.776023,
        "500" : 9.777720,
        "750" : 25.637593,
        "1000" : 26.512815
      },
      "latency_ms" : {
        "2" : 34.961345,
        "4" : 2.334811,
        "10" : 0.000000,
        "20" : 0.000000,
        "50" : 0.000000,
        "100" : 0.000000,
        "250" : 0.000000,
        "500" : 0.000000,
        "750" : 0.000000,
        "1000" : 0.000000,
        "2000" : 0.000000,
        ">=2000" : 0.000000
      },
      "latency_depth" : 32,
      "latency_target" : 0,
      "latency_percentile" : 100.000000,
      "latency_window" : 0
    }
  ],
  "disk_util" : [
    {
      "name" : "sda",
      "read_ios" : 0,
      "write_ios" : 7592,
      "read_sectors" : 0,
      "write_sectors" : 6271920,
      "read_merges" : 0,
      "write_merges" : 5604,
      "read_ticks" : 0,
      "write_ticks" : 39294,
      "in_queue" : 39485,
      "util" : 1.789403
    }
  ]
}
