{
    "iodepth": [
        "1",
        "2",
        "4",
        "8",
        "16",
        "24",
        "32",
        "40",
        "52",
        "64"
    ],
    "iops": [
        6313.298956,
        12808.697304,
        21720.304266,
        28948.030173,
        32656.241146,
        33065.903114,
        33716.565223,
        36793.074023,
        36802.970657,
        40535.0631
    ],
    "total_ios": [
        1893996,
        3842622,
        6516113,
        8684438,
        9796905,
        9919804,
        10115037,
        11037959,
        11040928,
        12160600
    ],
    "clat_ms": [
        0.153953583587,
        0.152067038121,
        0.180427551214,
        0.272789821095,
        0.485929407282,
        0.721375523294,
        0.943979576993,
        1.082338637966,
        1.40751383356,
        1.572889606893
    ],
    "clat_stdev": [
        0.039012585084999996,
        0.042082850004,
        0.052288111268,
        0.09384223592799999,
        0.181503927574,
        0.320040023507,
        0.409365517582,
        0.442764979765,
        0.539621144713,
        0.539843956895
    ],
    "usr_cpu": [
        3.285333,
        5.594333,
        8.685,
        10.873,
        13.431,
        14.27,
        16.02628,
        15.041333,
        15.409,
        16.525612
    ],
    "sys_cpu": [
        3.476667,
        5.925,
        8.081333,
        8.833667,
        9.723,
        9.889667,
        9.309969,
        9.781,
        9.783,
        10.034967
    ],
    "OSD_cpu": [
        228.76333333333335,
        346.08999999999986,
        471.79666666666697,
        558.3499999999996,
        560.7599999999996,
        528.713333333333,
        510.2566666666663,
        512.9599999999998,
        503.7499999999997,
        519.6033333333335
    ],
    "OSD_mem": [
        32.43333333333297,
        33.59999999999962,
        33.59999999999962,
        33.59999999999962,
        35.919999999999995,
        36.0,
        36.0,
        36.0,
        36.0,
        36.0
    ],
    "FIO_cpu": [
        48.19999999999998,
        82.96666666666665,
        113.59333333333339,
        129.41666666666663,
        145.93000000000004,
        148.71000000000004,
        145.74333333333342,
        149.22666666666672,
        150.73333333333338,
        156.25333333333336
    ],
    "FIO_mem": [
        0.2666666666666663,
        1.0666666666666729,
        1.3333333333333433,
        1.9200000000000184,
        2.133333333333353,
        2.186666666666686,
        2.186666666666686,
        2.346666666666687,
        2.346666666666687,
        2.4000000000000203
    ]
}