{
    "iodepth": [
        "1",
        "2",
        "4",
        "8",
        "16",
        "24",
        "32",
        "40",
        "52",
        "64"
    ],
    "iops": [
        28788.242823,
        39690.085165,
        49872.143836,
        55122.220963,
        55191.092758,
        55207.697357,
        47451.824496,
        30915.647229,
        47518.638136,
        55500.659846
    ],
    "total_ios": [
        8636588,
        11907224,
        14962092,
        16537438,
        16559977,
        16569431,
        14236876,
        9274756,
        14257017,
        16654083
    ],
    "clat_ms": [
        1.10512719635,
        1.606748777667,
        2.560834634722,
        4.635952499362,
        9.221262011328001,
        13.78679389456,
        4.8964385343979995,
        1.372495346007,
        4.419169952433,
        10.950303031433
    ],
    "clat_stdev": [
        0.914655464447,
        1.625635595982,
        2.757209813422,
        8.18495704567,
        40.254258735662,
        65.834961312638,
        22.581071396705003,
        8.31519321372,
        17.435549141275,
        46.191785519278
    ],
    "usr_cpu": [
        0.651416,
        0.768882,
        0.888446,
        0.975158,
        0.988407,
        0.986497,
        3.337067,
        15.254914,
        5.887721,
        2.769254
    ],
    "sys_cpu": [
        0.478916,
        0.576987,
        0.664408,
        0.707729,
        0.698725,
        0.689111,
        2.222799,
        7.952503,
        3.50422,
        1.914137
    ],
    "OSD_cpu": [
        0.0,
        0.0,
        0.0,
        0.0,
        0.0,
        0.0,
        0.0,
        0.0,
        0.0,
        0.0
    ],
    "OSD_mem": [
        0.0,
        0.0,
        0.0,
        0.0,
        0.0,
        0.0,
        0.0,
        0.0,
        0.0,
        0.0
    ],
    "FIO_cpu": [
        220.8733333333359,
        273.5633333333363,
        335.0166666666697,
        358.28000000000213,
        356.81000000000137,
        353.87666666666826,
        282.1466666666678,
        151.75000000000006,
        239.3366666666672,
        302.8600000000014
    ],
    "FIO_mem": [
        52.50000000000453,
        79.50000000000735,
        91.50000000001121,
        99.00000000001137,
        102.00000000001607,
        99.00000000001761,
        26.973333333335443,
        2.90666666666668,
        8.419999999999849,
        30.159999999997886
    ]
}