{
  "fio version" : "fio-3.39-26-ga72fe",
  "timestamp" : 1755480632,
  "timestamp_ms" : 1755480632582,
  "time" : "Mon Aug 18 01:30:32 2025",
  "global options" : {
    "write_iops_log" : "sea_1osd_1reactor_32fio_bal_osd_rc_1procs_randread_zoned",
    "write_bw_log" : "sea_1osd_1reactor_32fio_bal_osd_rc_1procs_randread_zoned",
    "write_lat_log" : "sea_1osd_1reactor_32fio_bal_osd_rc_1procs_randread_zoned",
    "write_hist_log" : "sea_1osd_1reactor_32fio_bal_osd_rc_1procs_randread_zoned",
    "ioengine" : "rbd",
    "bs" : "4k",
    "rw" : "randread",
    "random_distribution" : "zoned:60/10:30/20:8/30:2/40",
    "direct" : "1",
    "runtime" : "5m",
    "time_based" : "",
    "group_reporting" : "",
    "numjobs" : "1",
    "ramp_time" : "30s",
    "thread" : "1",
    "iodepth" : "1",
    "clientname" : "admin",
    "pool" : "rbd"
  },
  "jobs" : [
    {
      "jobname" : "fio_test_0",
      "groupid" : 0,
      "job_start" : 1755480330082,
      "error" : 0,
      "eta" : 0,
      "elapsed" : 333,
      "job options" : {
        "max_latency" : "1s",
        "rbdname" : "fio_test_0"
      },
      "read" : {
        "io_bytes" : 7053742080,
        "io_kbytes" : 6888420,
        "bw_bytes" : 23512395,
        "bw" : 22961,
        "iops" : 5740.330866,
        "runtime" : 300001,
        "total_ios" : 1722105,
        "short_ios" : 0,
        "drop_ios" : 0,
        "slat_ns" : {
          "min" : 1348,
          "max" : 131858,
          "mean" : 3566.103076,
          "stddev" : 1653.858508,
          "N" : 1722105
        },
        "clat_ns" : {
          "min" : 91665,
          "max" : 10199939,
          "mean" : 169433.072586,
          "stddev" : 34283.707476,
          "N" : 1722105,
          "percentile" : {
            "1.000000" : 97792,
            "5.000000" : 111104,
            "10.000000" : 119296,
            "20.000000" : 138240,
            "30.000000" : 158720,
            "40.000000" : 166912,
            "50.000000" : 177152,
            "60.000000" : 181248,
            "70.000000" : 187392,
            "80.000000" : 195584,
            "90.000000" : 201728,
            "95.000000" : 207872,
            "99.000000" : 264192,
            "99.500000" : 292864,
            "99.900000" : 333824,
            "99.950000" : 342016,
            "99.990000" : 436224
          }
        },
        "lat_ns" : {
          "min" : 93109,
          "max" : 10206185,
          "mean" : 172999.175662,
          "stddev" : 35069.694367,
          "N" : 1722105
        },
        "bw_min" : 401,
        "bw_max" : 44684,
        "bw_agg" : 100.000000,
        "bw_mean" : 25235.213756,
        "bw_dev" : 5641.575351,
        "bw_samples" : 1722105,
        "iops_min" : 1,
        "iops_max" : 1,
        "iops_mean" : 1.000000,
        "iops_stddev" : 0.000000,
        "iops_samples" : 1722105
      },
      "write" : {
        "io_bytes" : 0,
        "io_kbytes" : 0,
        "bw_bytes" : 0,
        "bw" : 0,
        "iops" : 0.000000,
        "runtime" : 0,
        "total_ios" : 0,
        "short_ios" : 0,
        "drop_ios" : 0,
        "slat_ns" : {
          "min" : 0,
          "max" : 0,
          "mean" : 0.000000,
          "stddev" : 0.000000,
          "N" : 0
        },
        "clat_ns" : {
          "min" : 0,
          "max" : 0,
          "mean" : 0.000000,
          "stddev" : 0.000000,
          "N" : 0
        },
        "lat_ns" : {
          "min" : 0,
          "max" : 0,
          "mean" : 0.000000,
          "stddev" : 0.000000,
          "N" : 0
        },
        "bw_min" : 0,
        "bw_max" : 0,
        "bw_agg" : 0.000000,
        "bw_mean" : 0.000000,
        "bw_dev" : 0.000000,
        "bw_samples" : 0,
        "iops_min" : 0,
        "iops_max" : 0,
        "iops_mean" : 0.000000,
        "iops_stddev" : 0.000000,
        "iops_samples" : 0
      },
      "trim" : {
        "io_bytes" : 0,
        "io_kbytes" : 0,
        "bw_bytes" : 0,
        "bw" : 0,
        "iops" : 0.000000,
        "runtime" : 0,
        "total_ios" : 0,
        "short_ios" : 0,
        "drop_ios" : 0,
        "slat_ns" : {
          "min" : 0,
          "max" : 0,
          "mean" : 0.000000,
          "stddev" : 0.000000,
          "N" : 0
        },
        "clat_ns" : {
          "min" : 0,
          "max" : 0,
          "mean" : 0.000000,
          "stddev" : 0.000000,
          "N" : 0
        },
        "lat_ns" : {
          "min" : 0,
          "max" : 0,
          "mean" : 0.000000,
          "stddev" : 0.000000,
          "N" : 0
        },
        "bw_min" : 0,
        "bw_max" : 0,
        "bw_agg" : 0.000000,
        "bw_mean" : 0.000000,
        "bw_dev" : 0.000000,
        "bw_samples" : 0,
        "iops_min" : 0,
        "iops_max" : 0,
        "iops_mean" : 0.000000,
        "iops_stddev" : 0.000000,
        "iops_samples" : 0
      },
      "sync" : {
        "total_ios" : 0,
        "lat_ns" : {
          "min" : 0,
          "max" : 0,
          "mean" : 0.000000,
          "stddev" : 0.000000,
          "N" : 0
        }
      },
      "job_runtime" : 300000,
      "usr_cpu" : 3.226333,
      "sys_cpu" : 3.461000,
      "ctx" : 1722118,
      "majf" : 0,
      "minf" : 17951,
      "iodepth_level" : {
        "1" : 100.000000,
        "2" : 0.000000,
        "4" : 0.000000,
        "8" : 0.000000,
        "16" : 0.000000,
        "32" : 0.000000,
        ">=64" : 0.000000
      },
      "iodepth_submit" : {
        "0" : 0.000000,
        "4" : 100.000000,
        "8" : 0.000000,
        "16" : 0.000000,
        "32" : 0.000000,
        "64" : 0.000000,
        ">=64" : 0.000000
      },
      "iodepth_complete" : {
        "0" : 0.000000,
        "4" : 100.000000,
        "8" : 0.000000,
        "16" : 0.000000,
        "32" : 0.000000,
        "64" : 0.000000,
        ">=64" : 0.000000
      },
      "latency_ns" : {
        "2" : 0.000000,
        "4" : 0.000000,
        "10" : 0.000000,
        "20" : 0.000000,
        "50" : 0.000000,
        "100" : 0.000000,
        "250" : 0.000000,
        "500" : 0.000000,
        "750" : 0.000000,
        "1000" : 0.000000
      },
      "latency_us" : {
        "2" : 0.000000,
        "4" : 0.000000,
        "10" : 0.000000,
        "20" : 0.000000,
        "50" : 0.000000,
        "100" : 1.898258,
        "250" : 96.945308,
        "500" : 1.147956,
        "750" : 0.010000,
        "1000" : 0.010000
      },
      "latency_ms" : {
        "2" : 0.010000,
        "4" : 0.000000,
        "10" : 0.000000,
        "20" : 0.010000,
        "50" : 0.000000,
        "100" : 0.000000,
        "250" : 0.000000,
        "500" : 0.000000,
        "750" : 0.000000,
        "1000" : 0.000000,
        "2000" : 0.000000,
        ">=2000" : 0.000000
      },
      "latency_depth" : 1,
      "latency_target" : 0,
      "latency_percentile" : 100.000000,
      "latency_window" : 0
    }
  ],
  "disk_util" : [
    {
      "name" : "sda",
      "read_ios" : 0,
      "write_ios" : 4971,
      "read_sectors" : 0,
      "write_sectors" : 1349048,
      "read_merges" : 0,
      "write_merges" : 5143,
      "read_ticks" : 0,
      "write_ticks" : 8077,
      "in_queue" : 8120,
      "util" : 0.447878
    }
  ]
}
