{
  "fio version" : "fio-3.39-26-ga72fe",
  "timestamp" : 1755483027,
  "timestamp_ms" : 1755483027423,
  "time" : "Mon Aug 18 02:10:27 2025",
  "global options" : {
    "write_iops_log" : "sea_1osd_1reactor_32fio_bal_osd_rc_1procs_randread_zoned",
    "write_bw_log" : "sea_1osd_1reactor_32fio_bal_osd_rc_1procs_randread_zoned",
    "write_lat_log" : "sea_1osd_1reactor_32fio_bal_osd_rc_1procs_randread_zoned",
    "write_hist_log" : "sea_1osd_1reactor_32fio_bal_osd_rc_1procs_randread_zoned",
    "ioengine" : "rbd",
    "bs" : "4k",
    "rw" : "randread",
    "random_distribution" : "zoned:60/10:30/20:8/30:2/40",
    "direct" : "1",
    "runtime" : "5m",
    "time_based" : "",
    "group_reporting" : "",
    "numjobs" : "1",
    "ramp_time" : "30s",
    "thread" : "1",
    "iodepth" : "40",
    "clientname" : "admin",
    "pool" : "rbd"
  },
  "jobs" : [
    {
      "jobname" : "fio_test_0",
      "groupid" : 0,
      "job_start" : 1755482713923,
      "error" : 0,
      "eta" : 0,
      "elapsed" : 344,
      "job options" : {
        "max_latency" : "1s",
        "rbdname" : "fio_test_0"
      },
      "read" : {
        "io_bytes" : 32735903744,
        "io_kbytes" : 31968656,
        "bw_bytes" : 109118951,
        "bw" : 106561,
        "iops" : 26640.239065,
        "runtime" : 300002,
        "total_ios" : 7992125,
        "short_ios" : 0,
        "drop_ios" : 0,
        "slat_ns" : {
          "min" : 305,
          "max" : 890336,
          "mean" : 2538.543328,
          "stddev" : 1759.704363,
          "N" : 7992125
        },
        "clat_ns" : {
          "min" : 112940,
          "max" : 14423168,
          "mean" : 1496100.260304,
          "stddev" : 497007.503202,
          "N" : 7992164,
          "percentile" : {
            "1.000000" : 577536,
            "5.000000" : 790528,
            "10.000000" : 905216,
            "20.000000" : 1019904,
            "30.000000" : 1122304,
            "40.000000" : 1286144,
            "50.000000" : 1466368,
            "60.000000" : 1630208,
            "70.000000" : 1810432,
            "80.000000" : 1957888,
            "90.000000" : 2146304,
            "95.000000" : 2310144,
            "99.000000" : 2605056,
            "99.500000" : 2768896,
            "99.900000" : 3162112,
            "99.950000" : 3391488,
            "99.990000" : 3784704
          }
        },
        "lat_ns" : {
          "min" : 113612,
          "max" : 14424446,
          "mean" : 1498638.804244,
          "stddev" : 496909.332189,
          "N" : 7992164
        },
        "bw_min" : 283,
        "bw_max" : 36267,
        "bw_agg" : 2.905365,
        "bw_mean" : 3096.608673,
        "bw_dev" : 1189.541172,
        "bw_samples" : 7992164,
        "iops_min" : 1,
        "iops_max" : 1,
        "iops_mean" : 1.000000,
        "iops_stddev" : 0.000000,
        "iops_samples" : 7992164
      },
      "write" : {
        "io_bytes" : 0,
        "io_kbytes" : 0,
        "bw_bytes" : 0,
        "bw" : 0,
        "iops" : 0.000000,
        "runtime" : 0,
        "total_ios" : 0,
        "short_ios" : 0,
        "drop_ios" : 0,
        "slat_ns" : {
          "min" : 0,
          "max" : 0,
          "mean" : 0.000000,
          "stddev" : 0.000000,
          "N" : 0
        },
        "clat_ns" : {
          "min" : 0,
          "max" : 0,
          "mean" : 0.000000,
          "stddev" : 0.000000,
          "N" : 0
        },
        "lat_ns" : {
          "min" : 0,
          "max" : 0,
          "mean" : 0.000000,
          "stddev" : 0.000000,
          "N" : 0
        },
        "bw_min" : 0,
        "bw_max" : 0,
        "bw_agg" : 0.000000,
        "bw_mean" : 0.000000,
        "bw_dev" : 0.000000,
        "bw_samples" : 0,
        "iops_min" : 0,
        "iops_max" : 0,
        "iops_mean" : 0.000000,
        "iops_stddev" : 0.000000,
        "iops_samples" : 0
      },
      "trim" : {
        "io_bytes" : 0,
        "io_kbytes" : 0,
        "bw_bytes" : 0,
        "bw" : 0,
        "iops" : 0.000000,
        "runtime" : 0,
        "total_ios" : 0,
        "short_ios" : 0,
        "drop_ios" : 0,
        "slat_ns" : {
          "min" : 0,
          "max" : 0,
          "mean" : 0.000000,
          "stddev" : 0.000000,
          "N" : 0
        },
        "clat_ns" : {
          "min" : 0,
          "max" : 0,
          "mean" : 0.000000,
          "stddev" : 0.000000,
          "N" : 0
        },
        "lat_ns" : {
          "min" : 0,
          "max" : 0,
          "mean" : 0.000000,
          "stddev" : 0.000000,
          "N" : 0
        },
        "bw_min" : 0,
        "bw_max" : 0,
        "bw_agg" : 0.000000,
        "bw_mean" : 0.000000,
        "bw_dev" : 0.000000,
        "bw_samples" : 0,
        "iops_min" : 0,
        "iops_max" : 0,
        "iops_mean" : 0.000000,
        "iops_stddev" : 0.000000,
        "iops_samples" : 0
      },
      "sync" : {
        "total_ios" : 0,
        "lat_ns" : {
          "min" : 0,
          "max" : 0,
          "mean" : 0.000000,
          "stddev" : 0.000000,
          "N" : 0
        }
      },
      "job_runtime" : 300001,
      "usr_cpu" : 12.370292,
      "sys_cpu" : 8.245306,
      "ctx" : 3787405,
      "majf" : 0,
      "minf" : 34091,
      "iodepth_level" : {
        "1" : 0.100000,
        "2" : 0.100000,
        "4" : 0.100000,
        "8" : 0.100000,
        "16" : 0.100000,
        "32" : 99.993794,
        ">=64" : 0.000000
      },
      "iodepth_submit" : {
        "0" : 0.000000,
        "4" : 100.000000,
        "8" : 0.000000,
        "16" : 0.000000,
        "32" : 0.000000,
        "64" : 0.000000,
        ">=64" : 0.000000
      },
      "iodepth_complete" : {
        "0" : 0.000000,
        "4" : 99.999994,
        "8" : 0.000000,
        "16" : 0.000000,
        "32" : 0.000000,
        "64" : 0.100000,
        ">=64" : 0.000000
      },
      "latency_ns" : {
        "2" : 0.000000,
        "4" : 0.000000,
        "10" : 0.000000,
        "20" : 0.000000,
        "50" : 0.000000,
        "100" : 0.000000,
        "250" : 0.000000,
        "500" : 0.000000,
        "750" : 0.000000,
        "1000" : 0.000000
      },
      "latency_us" : {
        "2" : 0.000000,
        "4" : 0.000000,
        "10" : 0.000000,
        "20" : 0.000000,
        "50" : 0.000000,
        "100" : 0.000000,
        "250" : 0.010000,
        "500" : 0.380174,
        "750" : 3.571228,
        "1000" : 14.316243
      },
      "latency_ms" : {
        "2" : 63.972848,
        "4" : 17.753864,
        "10" : 0.010000,
        "20" : 0.010000,
        "50" : 0.000000,
        "100" : 0.000000,
        "250" : 0.000000,
        "500" : 0.000000,
        "750" : 0.000000,
        "1000" : 0.000000,
        "2000" : 0.000000,
        ">=2000" : 0.000000
      },
      "latency_depth" : 40,
      "latency_target" : 0,
      "latency_percentile" : 100.000000,
      "latency_window" : 0
    }
  ],
  "disk_util" : [
    {
      "name" : "sda",
      "read_ios" : 0,
      "write_ios" : 5967,
      "read_sectors" : 0,
      "write_sectors" : 3148472,
      "read_merges" : 0,
      "write_merges" : 5637,
      "read_ticks" : 0,
      "write_ticks" : 19819,
      "in_queue" : 19895,
      "util" : 0.942503
    }
  ]
}
