{
    "iodepth": [
        "1",
        "2",
        "4",
        "8",
        "16",
        "24",
        "32",
        "40",
        "52",
        "64"
    ],
    "iops": [
        2388.418705,
        4006.186646,
        5587.438042,
        6790.910697,
        7138.757225,
        6714.014766,
        6230.945635,
        5971.585796,
        5614.976524,
        5184.633922
    ],
    "total_ios": [
        716528,
        1201860,
        1676237,
        2037280,
        2141670,
        2014238,
        1869346,
        1791631,
        303759,
        73150
    ],
    "clat_ms": [
        0.40967168319299996,
        0.491777181137,
        0.70837150243,
        1.170912154842,
        2.2335359305730003,
        3.566533528271,
        5.1264374124,
        6.6881448557350005,
        9.24605210496,
        12.273514194364001
    ],
    "clat_stdev": [
        0.225712002099,
        0.307127047092,
        0.520889887066,
        1.0716312925799998,
        3.077280023687,
        6.899617696377,
        12.339778265777,
        17.064821263379997,
        26.747497118201,
        40.426652236342996
    ],
    "usr_cpu": [
        2.48,
        3.329667,
        4.608667,
        5.24,
        5.314911,
        5.038599,
        4.799523,
        4.708941,
        4.222046,
        3.77091
    ],
    "sys_cpu": [
        1.922333,
        2.806667,
        3.424667,
        3.607,
        3.563941,
        3.257957,
        3.152572,
        2.966419,
        2.839344,
        2.431245
    ],
    "OSD_cpu": [
        172.1866666666666,
        230.55999999999992,
        277.43333333333334,
        311.46666666666647,
        329.6833333333334,
        329.63333333333327,
        320.9333333333332,
        322.6533333333333,
        317.2266666666668,
        113.3533333333334,
        146.24666666666684,
        159.42000000000002,
        19.923333333333304,
        71.37999999999998,
        22.53333333333332
    ],
    "OSD_mem": [
        16.393333333333278,
        18.0,
        19.160000000000128,
        19.200000000000127,
        19.200000000000127,
        19.200000000000127,
        19.200000000000127,
        19.200000000000127,
        19.200000000000127,
        19.200000000000127,
        19.200000000000127,
        19.200000000000127,
        19.200000000000127,
        19.200000000000127,
        19.200000000000127
    ],
    "FIO_cpu": [
        26.86333333333332,
        39.72999999999998,
        50.82666666666665,
        56.7833333333333,
        57.32666666666662,
        56.45999999999995,
        51.233333333333285,
        51.71666666666661,
        48.74999999999996,
        15.526666666666673,
        20.643333333333334,
        23.056666666666665,
        0.44666666666666666,
        9.286666666666667,
        1.3433333333333333
    ],
    "FIO_mem": [
        0.0,
        0.0,
        0.053333333333333344,
        0.3733333333333325,
        0.4799999999999988,
        0.3733333333333325,
        0.2666666666666663,
        0.2666666666666663,
        0.2133333333333331,
        0.053333333333333344,
        0.0,
        0.0,
        0.0,
        0.0,
        0.0
    ]
}