{
    "iodepth": [
        "1",
        "2",
        "4",
        "8",
        "16",
        "24",
        "32",
        "40",
        "52",
        "64"
    ],
    "iops": [
        26913.658106,
        38782.019409,
        47131.84403,
        55309.005336,
        55444.978389,
        55646.506281,
        56612.698984,
        16345.454545,
        15594.715965,
        8685.920578
    ],
    "total_ios": [
        8074232,
        11637243,
        14139836,
        16593310,
        16637541,
        16700073,
        16988735,
        6293,
        2410023,
        2406
    ],
    "clat_ms": [
        1.18232020695,
        1.644120080013,
        2.709927428486,
        4.620346297632,
        9.183681005798999,
        13.656720254216001,
        10.363543568284,
        190.777203947487,
        3.911005429075,
        327.565169490728
    ],
    "clat_stdev": [
        1.228275912359,
        2.017992250724,
        4.643315073200999,
        6.814510405012,
        35.992433896977,
        66.180738167945,
        53.64177363964,
        506.520673020826,
        337.431417176122,
        441.042177409519
    ],
    "usr_cpu": [
        0.633488,
        0.765726,
        0.862417,
        0.987758,
        0.992122,
        0.998666,
        1.525503,
        0.201765,
        8.081638,
        0.25289
    ],
    "sys_cpu": [
        0.468218,
        0.577083,
        0.641399,
        0.704702,
        0.703753,
        0.702002,
        1.143522,
        0.277427,
        3.778258,
        0.060212
    ],
    "OSD_cpu": [
        3494.346666666696,
        4049.750000000017,
        4662.549999999986,
        4703.709999999975,
        4824.539999999967,
        4690.909999999968,
        4687.599999999981,
        381.2166666666645,
        2217.483333333332,
        1.4866666666666655
    ],
    "OSD_mem": [
        3905.999999999977,
        5192.88000000049,
        5858.16,
        6204.8,
        6216.0,
        6216.0,
        6216.0,
        6216.0,
        6216.0,
        207.2
    ],
    "FIO_cpu": [
        214.936666666671,
        287.1366666666687,
        328.70666666666756,
        359.3200000000013,
        357.29666666666986,
        352.62666666666905,
        335.2400000000013,
        24.089999999999975,
        139.17333333333337,
        10.786666666666656
    ],
    "FIO_mem": [
        49.50000000000514,
        79.50000000000735,
        88.50000000000996,
        103.50000000001127,
        100.50000000001913,
        99.00000000001364,
        63.90000000000324,
        3.2000000000000095,
        1.7066666666666819,
        1.6066666666666805
    ]
}