{
    "MSGR": {
        "perf-crimson-ms": {
            "cpu": [
                99.9,
                99.0,
                99.3,
                99.7,
                99.3,
                99.3,
                99.3,
                99.7,
                99.3,
                99.3,
                99.7,
                99.0,
                99.7,
                99.3,
                99.7,
                99.3,
                99.7,
                99.0,
                99.7,
                99.3,
                99.3
            ],
            "mem": [
                1.1,
                1.1,
                1.1,
                1.1,
                1.1,
                1.1,
                1.1,
                1.1,
                1.1,
                1.1,
                1.1,
                1.1,
                1.1,
                1.1,
                1.1,
                1.1,
                1.1,
                1.1,
                1.1,
                1.1,
                1.1
            ]
        },
        "reactor": {
            "cpu": [
                3070.500000000002,
                3077.5,
                3077.2,
                3087.4000000000015,
                3076.7,
                3087.700000000002,
                3076.2999999999997,
                3088.500000000002,
                3077.3999999999996,
                3075.6999999999994,
                3091.099999999999,
                3074.7999999999993,
                3089.100000000001,
                3074.0999999999995,
                3088.700000000001,
                3078.4000000000005,
                3086.7000000000025,
                3078.1000000000004,
                3075.9999999999995,
                3088.900000000001,
                3075.7999999999993
            ],
            "mem": [
                69.30000000000003,
                69.30000000000003,
                69.30000000000003,
                69.30000000000003,
                69.30000000000003,
                69.30000000000003,
                69.30000000000003,
                69.30000000000003,
                69.30000000000003,
                69.30000000000003,
                69.30000000000003,
                69.30000000000003,
                69.30000000000003,
                69.30000000000003,
                69.30000000000003,
                69.30000000000003,
                69.30000000000003,
                69.30000000000003,
                69.30000000000003,
                69.30000000000003,
                69.30000000000003
            ]
        }
    }
}