{
    "iodepth": [
        "1",
        "2",
        "4",
        "8",
        "16",
        "24",
        "32",
        "40",
        "52",
        "64"
    ],
    "iops": [
        2402.625325,
        4427.705241,
        7008.129973,
        9482.555058,
        10684.36649,
        10758.770687,
        10365.256028,
        9824.960918,
        9561.476079,
        9055.088605
    ],
    "total_ios": [
        720790,
        1328316,
        2102446,
        2844776,
        3205342,
        3227685,
        3109639,
        2947616,
        2868548,
        695956
    ],
    "clat_ms": [
        0.408286906206,
        0.44433033682899997,
        0.563841035322,
        0.836956491342,
        1.490250608669,
        2.222820452987,
        3.0790494804039996,
        4.062363496136,
        5.427845955538,
        7.053067688142
    ],
    "clat_stdev": [
        0.176237194302,
        0.28520045866399996,
        0.453633579333,
        0.903943882091,
        2.555084546357,
        5.154664777139,
        8.816373217099,
        13.883054525976,
        19.453960736718,
        27.450877116287998
    ],
    "usr_cpu": [
        2.211,
        3.658667,
        5.310667,
        6.734333,
        7.540616,
        7.602232,
        7.245879,
        7.108716,
        6.719109,
        6.401499
    ],
    "sys_cpu": [
        1.807667,
        3.079667,
        3.986667,
        4.776333,
        4.865634,
        4.78527,
        4.691588,
        4.628148,
        4.316189,
        3.823985
    ],
    "OSD_cpu": [
        191.49666666666675,
        277.5399999999999,
        375.07999999999987,
        470.6366666666661,
        536.8999999999995,
        553.6199999999995,
        550.3866666666664,
        538.1266666666662,
        532.4699999999998,
        22.606666666666605,
        83.70666666666696,
        395.3699999999997
    ],
    "OSD_mem": [
        37.54666666666719,
        43.11999999999942,
        43.19999999999941,
        43.19999999999941,
        43.19999999999941,
        43.19999999999941,
        43.19999999999941,
        43.19999999999941,
        43.19999999999941,
        43.19999999999941,
        43.19999999999941,
        43.19999999999941
    ],
    "FIO_cpu": [
        27.15666666666666,
        44.69666666666663,
        59.77666666666658,
        72.81333333333332,
        78.79999999999997,
        78.07333333333332,
        75.28333333333332,
        73.57666666666663,
        69.5733333333333,
        2.4433333333333334,
        8.473333333333334,
        50.96999999999996
    ],
    "FIO_mem": [
        0.0,
        0.0,
        0.3733333333333325,
        0.8000000000000024,
        0.9066666666666705,
        0.9066666666666705,
        0.8533333333333365,
        0.8000000000000024,
        0.8000000000000024,
        0.053333333333333344,
        0.0,
        0.3733333333333325
    ]
}