{
    "0": {
        "reactor_utilization": 3.9330828970356917
    },
    "1": {
        "reactor_utilization": 3.6031323864672746
    },
    "2": {
        "reactor_utilization": 4.920029964747822
    },
    "3": {
        "reactor_utilization": 4.521709681435613
    },
    "4": {
        "reactor_utilization": 3.7574000864982566
    },
    "5": {
        "reactor_utilization": 5.146099932230152
    },
    "6": {
        "reactor_utilization": 4.649041067435532
    },
    "7": {
        "reactor_utilization": 4.726437065372947
    },
    "8": {
        "reactor_utilization": 4.427948839575595
    },
    "9": {
        "reactor_utilization": 4.357769519285549
    },
    "10": {
        "reactor_utilization": 4.685292362569701
    },
    "11": {
        "reactor_utilization": 4.084171142201879
    },
    "12": {
        "reactor_utilization": 4.8590817644952065
    },
    "13": {
        "reactor_utilization": 4.7816690297417646
    },
    "14": {
        "reactor_utilization": 4.341520570549072
    },
    "15": {
        "reactor_utilization": 4.83272179861222
    },
    "16": {
        "reactor_utilization": 4.2770259389115335
    },
    "17": {
        "reactor_utilization": 4.3863214973690665
    },
    "18": {
        "reactor_utilization": 3.694220802486115
    },
    "19": {
        "reactor_utilization": 3.7325429537201464
    },
    "20": {
        "reactor_utilization": 3.26981642542947
    },
    "21": {
        "reactor_utilization": 3.3996765438439773
    },
    "22": {
        "reactor_utilization": 3.675720841918034
    },
    "23": {
        "reactor_utilization": 3.59646843306336
    },
    "24": {
        "reactor_utilization": 3.2354992838694
    },
    "25": {
        "reactor_utilization": 3.7210213651588084
    },
    "26": {
        "reactor_utilization": 2.999724378259921
    },
    "27": {
        "reactor_utilization": 3.288265482789966
    }
}