{
  "fio version" : "fio-3.39-26-ga72fe",
  "timestamp" : 1755360753,
  "timestamp_ms" : 1755360753123,
  "time" : "Sat Aug 16 16:12:33 2025",
  "global options" : {
    "write_iops_log" : "sea_1osd_8reactor_32fio_bal_osd_rc_1procs_randread_zipf",
    "write_bw_log" : "sea_1osd_8reactor_32fio_bal_osd_rc_1procs_randread_zipf",
    "write_lat_log" : "sea_1osd_8reactor_32fio_bal_osd_rc_1procs_randread_zipf",
    "write_hist_log" : "sea_1osd_8reactor_32fio_bal_osd_rc_1procs_randread_zipf",
    "ioengine" : "rbd",
    "bs" : "4k",
    "rw" : "randread",
    "random_distribution" : "zipf:0.76878",
    "direct" : "1",
    "runtime" : "5m",
    "time_based" : "",
    "group_reporting" : "",
    "numjobs" : "1",
    "ramp_time" : "30s",
    "thread" : "1",
    "iodepth" : "24",
    "clientname" : "admin",
    "pool" : "rbd"
  },
  "jobs" : [
    {
      "jobname" : "fio_test_0",
      "groupid" : 0,
      "job_start" : 1755360437123,
      "error" : 0,
      "eta" : 0,
      "elapsed" : 347,
      "job options" : {
        "max_latency" : "1s",
        "rbdname" : "fio_test_0"
      },
      "read" : {
        "io_bytes" : 38781890560,
        "io_kbytes" : 37872940,
        "bw_bytes" : 129272537,
        "bw" : 126242,
        "iops" : 31560.601465,
        "runtime" : 300001,
        "total_ios" : 9468212,
        "short_ios" : 0,
        "drop_ios" : 0,
        "slat_ns" : {
          "min" : 355,
          "max" : 112043,
          "mean" : 2390.631843,
          "stddev" : 1583.833609,
          "N" : 9468212
        },
        "clat_ns" : {
          "min" : 100882,
          "max" : 4012528,
          "mean" : 755860.053907,
          "stddev" : 319751.764787,
          "N" : 9468235,
          "percentile" : {
            "1.000000" : 228352,
            "5.000000" : 337920,
            "10.000000" : 407552,
            "20.000000" : 489472,
            "30.000000" : 561152,
            "40.000000" : 634880,
            "50.000000" : 708608,
            "60.000000" : 790528,
            "70.000000" : 880640,
            "80.000000" : 987136,
            "90.000000" : 1155072,
            "95.000000" : 1335296,
            "99.000000" : 1859584,
            "99.500000" : 1974272,
            "99.900000" : 2146304,
            "99.950000" : 2211840,
            "99.990000" : 2310144
          }
        },
        "lat_ns" : {
          "min" : 102359,
          "max" : 4016977,
          "mean" : 758250.682811,
          "stddev" : 320114.012318,
          "N" : 9468235
        },
        "bw_min" : 1020,
        "bw_max" : 40601,
        "bw_agg" : 5.144059,
        "bw_mean" : 6494.696165,
        "bw_dev" : 3115.563647,
        "bw_samples" : 9468235,
        "iops_min" : 1,
        "iops_max" : 1,
        "iops_mean" : 1.000000,
        "iops_stddev" : 0.000000,
        "iops_samples" : 9468235
      },
      "write" : {
        "io_bytes" : 0,
        "io_kbytes" : 0,
        "bw_bytes" : 0,
        "bw" : 0,
        "iops" : 0.000000,
        "runtime" : 0,
        "total_ios" : 0,
        "short_ios" : 0,
        "drop_ios" : 0,
        "slat_ns" : {
          "min" : 0,
          "max" : 0,
          "mean" : 0.000000,
          "stddev" : 0.000000,
          "N" : 0
        },
        "clat_ns" : {
          "min" : 0,
          "max" : 0,
          "mean" : 0.000000,
          "stddev" : 0.000000,
          "N" : 0
        },
        "lat_ns" : {
          "min" : 0,
          "max" : 0,
          "mean" : 0.000000,
          "stddev" : 0.000000,
          "N" : 0
        },
        "bw_min" : 0,
        "bw_max" : 0,
        "bw_agg" : 0.000000,
        "bw_mean" : 0.000000,
        "bw_dev" : 0.000000,
        "bw_samples" : 0,
        "iops_min" : 0,
        "iops_max" : 0,
        "iops_mean" : 0.000000,
        "iops_stddev" : 0.000000,
        "iops_samples" : 0
      },
      "trim" : {
        "io_bytes" : 0,
        "io_kbytes" : 0,
        "bw_bytes" : 0,
        "bw" : 0,
        "iops" : 0.000000,
        "runtime" : 0,
        "total_ios" : 0,
        "short_ios" : 0,
        "drop_ios" : 0,
        "slat_ns" : {
          "min" : 0,
          "max" : 0,
          "mean" : 0.000000,
          "stddev" : 0.000000,
          "N" : 0
        },
        "clat_ns" : {
          "min" : 0,
          "max" : 0,
          "mean" : 0.000000,
          "stddev" : 0.000000,
          "N" : 0
        },
        "lat_ns" : {
          "min" : 0,
          "max" : 0,
          "mean" : 0.000000,
          "stddev" : 0.000000,
          "N" : 0
        },
        "bw_min" : 0,
        "bw_max" : 0,
        "bw_agg" : 0.000000,
        "bw_mean" : 0.000000,
        "bw_dev" : 0.000000,
        "bw_samples" : 0,
        "iops_min" : 0,
        "iops_max" : 0,
        "iops_mean" : 0.000000,
        "iops_stddev" : 0.000000,
        "iops_samples" : 0
      },
      "sync" : {
        "total_ios" : 0,
        "lat_ns" : {
          "min" : 0,
          "max" : 0,
          "mean" : 0.000000,
          "stddev" : 0.000000,
          "N" : 0
        }
      },
      "job_runtime" : 300000,
      "usr_cpu" : 14.024333,
      "sys_cpu" : 9.803667,
      "ctx" : 4752790,
      "majf" : 0,
      "minf" : 40926,
      "iodepth_level" : {
        "1" : 0.100000,
        "2" : 0.100000,
        "4" : 0.100000,
        "8" : 0.100000,
        "16" : 99.997148,
        "32" : 0.000000,
        ">=64" : 0.000000
      },
      "iodepth_submit" : {
        "0" : 0.000000,
        "4" : 100.000000,
        "8" : 0.000000,
        "16" : 0.000000,
        "32" : 0.000000,
        "64" : 0.000000,
        ">=64" : 0.000000
      },
      "iodepth_complete" : {
        "0" : 0.000000,
        "4" : 99.999995,
        "8" : 0.000000,
        "16" : 0.000000,
        "32" : 0.100000,
        "64" : 0.000000,
        ">=64" : 0.000000
      },
      "latency_ns" : {
        "2" : 0.000000,
        "4" : 0.000000,
        "10" : 0.000000,
        "20" : 0.000000,
        "50" : 0.000000,
        "100" : 0.000000,
        "250" : 0.000000,
        "500" : 0.000000,
        "750" : 0.000000,
        "1000" : 0.000000
      },
      "latency_us" : {
        "2" : 0.000000,
        "4" : 0.000000,
        "10" : 0.000000,
        "20" : 0.000000,
        "50" : 0.000000,
        "100" : 0.000000,
        "250" : 1.482730,
        "500" : 20.221674,
        "750" : 33.847278,
        "1000" : 25.246403
      },
      "latency_ms" : {
        "2" : 18.807268,
        "4" : 0.394879,
        "10" : 0.010000,
        "20" : 0.000000,
        "50" : 0.000000,
        "100" : 0.000000,
        "250" : 0.000000,
        "500" : 0.000000,
        "750" : 0.000000,
        "1000" : 0.000000,
        "2000" : 0.000000,
        ">=2000" : 0.000000
      },
      "latency_depth" : 24,
      "latency_target" : 0,
      "latency_percentile" : 100.000000,
      "latency_window" : 0
    }
  ],
  "disk_util" : [
    {
      "name" : "sda",
      "read_ios" : 0,
      "write_ios" : 7858,
      "read_sectors" : 0,
      "write_sectors" : 6418696,
      "read_merges" : 0,
      "write_merges" : 5645,
      "read_ticks" : 0,
      "write_ticks" : 40309,
      "in_queue" : 40481,
      "util" : 1.841126
    }
  ]
}
