{
  "fio version" : "fio-3.39-26-ga72fe",
  "timestamp" : 1755359370,
  "timestamp_ms" : 1755359370624,
  "time" : "Sat Aug 16 15:49:30 2025",
  "global options" : {
    "write_iops_log" : "sea_1osd_8reactor_32fio_bal_osd_rc_1procs_randread_zipf",
    "write_bw_log" : "sea_1osd_8reactor_32fio_bal_osd_rc_1procs_randread_zipf",
    "write_lat_log" : "sea_1osd_8reactor_32fio_bal_osd_rc_1procs_randread_zipf",
    "write_hist_log" : "sea_1osd_8reactor_32fio_bal_osd_rc_1procs_randread_zipf",
    "ioengine" : "rbd",
    "bs" : "4k",
    "rw" : "randread",
    "random_distribution" : "zipf:0.76878",
    "direct" : "1",
    "runtime" : "5m",
    "time_based" : "",
    "group_reporting" : "",
    "numjobs" : "1",
    "ramp_time" : "30s",
    "thread" : "1",
    "iodepth" : "2",
    "clientname" : "admin",
    "pool" : "rbd"
  },
  "jobs" : [
    {
      "jobname" : "fio_test_0",
      "groupid" : 0,
      "job_start" : 1755359064374,
      "error" : 0,
      "eta" : 0,
      "elapsed" : 337,
      "job options" : {
        "max_latency" : "1s",
        "rbdname" : "fio_test_0"
      },
      "read" : {
        "io_bytes" : 14811987968,
        "io_kbytes" : 14464832,
        "bw_bytes" : 49373128,
        "bw" : 48215,
        "iops" : 12053.983153,
        "runtime" : 300001,
        "total_ios" : 3616207,
        "short_ios" : 0,
        "drop_ios" : 0,
        "slat_ns" : {
          "min" : 551,
          "max" : 375647,
          "mean" : 3033.887545,
          "stddev" : 1681.388432,
          "N" : 3616207
        },
        "clat_ns" : {
          "min" : 4348,
          "max" : 2800835,
          "mean" : 161714.752233,
          "stddev" : 40655.659052,
          "N" : 3616208,
          "percentile" : {
            "1.000000" : 92672,
            "5.000000" : 102912,
            "10.000000" : 110080,
            "20.000000" : 122368,
            "30.000000" : 132096,
            "40.000000" : 148480,
            "50.000000" : 162816,
            "60.000000" : 175104,
            "70.000000" : 183296,
            "80.000000" : 193536,
            "90.000000" : 211968,
            "95.000000" : 228352,
            "99.000000" : 268288,
            "99.500000" : 280576,
            "99.900000" : 317440,
            "99.950000" : 342016,
            "99.990000" : 407552
          }
        },
        "lat_ns" : {
          "min" : 80661,
          "max" : 2802377,
          "mean" : 164748.639420,
          "stddev" : 41525.766256,
          "N" : 3616208
        },
        "bw_min" : 1462,
        "bw_max" : 942042,
        "bw_agg" : 55.983554,
        "bw_mean" : 26993.566521,
        "bw_dev" : 6951.026657,
        "bw_samples" : 3616208,
        "iops_min" : 1,
        "iops_max" : 1,
        "iops_mean" : 1.000000,
        "iops_stddev" : 0.000000,
        "iops_samples" : 3616208
      },
      "write" : {
        "io_bytes" : 0,
        "io_kbytes" : 0,
        "bw_bytes" : 0,
        "bw" : 0,
        "iops" : 0.000000,
        "runtime" : 0,
        "total_ios" : 0,
        "short_ios" : 0,
        "drop_ios" : 0,
        "slat_ns" : {
          "min" : 0,
          "max" : 0,
          "mean" : 0.000000,
          "stddev" : 0.000000,
          "N" : 0
        },
        "clat_ns" : {
          "min" : 0,
          "max" : 0,
          "mean" : 0.000000,
          "stddev" : 0.000000,
          "N" : 0
        },
        "lat_ns" : {
          "min" : 0,
          "max" : 0,
          "mean" : 0.000000,
          "stddev" : 0.000000,
          "N" : 0
        },
        "bw_min" : 0,
        "bw_max" : 0,
        "bw_agg" : 0.000000,
        "bw_mean" : 0.000000,
        "bw_dev" : 0.000000,
        "bw_samples" : 0,
        "iops_min" : 0,
        "iops_max" : 0,
        "iops_mean" : 0.000000,
        "iops_stddev" : 0.000000,
        "iops_samples" : 0
      },
      "trim" : {
        "io_bytes" : 0,
        "io_kbytes" : 0,
        "bw_bytes" : 0,
        "bw" : 0,
        "iops" : 0.000000,
        "runtime" : 0,
        "total_ios" : 0,
        "short_ios" : 0,
        "drop_ios" : 0,
        "slat_ns" : {
          "min" : 0,
          "max" : 0,
          "mean" : 0.000000,
          "stddev" : 0.000000,
          "N" : 0
        },
        "clat_ns" : {
          "min" : 0,
          "max" : 0,
          "mean" : 0.000000,
          "stddev" : 0.000000,
          "N" : 0
        },
        "lat_ns" : {
          "min" : 0,
          "max" : 0,
          "mean" : 0.000000,
          "stddev" : 0.000000,
          "N" : 0
        },
        "bw_min" : 0,
        "bw_max" : 0,
        "bw_agg" : 0.000000,
        "bw_mean" : 0.000000,
        "bw_dev" : 0.000000,
        "bw_samples" : 0,
        "iops_min" : 0,
        "iops_max" : 0,
        "iops_mean" : 0.000000,
        "iops_stddev" : 0.000000,
        "iops_samples" : 0
      },
      "sync" : {
        "total_ios" : 0,
        "lat_ns" : {
          "min" : 0,
          "max" : 0,
          "mean" : 0.000000,
          "stddev" : 0.000000,
          "N" : 0
        }
      },
      "job_runtime" : 300000,
      "usr_cpu" : 5.517667,
      "sys_cpu" : 5.954333,
      "ctx" : 3439992,
      "majf" : 0,
      "minf" : 24082,
      "iodepth_level" : {
        "1" : 0.100000,
        "2" : 99.999668,
        "4" : 0.000000,
        "8" : 0.000000,
        "16" : 0.000000,
        "32" : 0.000000,
        ">=64" : 0.000000
      },
      "iodepth_submit" : {
        "0" : 0.000000,
        "4" : 100.000000,
        "8" : 0.000000,
        "16" : 0.000000,
        "32" : 0.000000,
        "64" : 0.000000,
        ">=64" : 0.000000
      },
      "iodepth_complete" : {
        "0" : 0.000000,
        "4" : 100.000000,
        "8" : 0.000000,
        "16" : 0.000000,
        "32" : 0.000000,
        "64" : 0.000000,
        ">=64" : 0.000000
      },
      "latency_ns" : {
        "2" : 0.000000,
        "4" : 0.000000,
        "10" : 0.000000,
        "20" : 0.000000,
        "50" : 0.000000,
        "100" : 0.000000,
        "250" : 0.000000,
        "500" : 0.000000,
        "750" : 0.000000,
        "1000" : 0.000000
      },
      "latency_us" : {
        "2" : 0.000000,
        "4" : 0.000000,
        "10" : 0.010000,
        "20" : 0.000000,
        "50" : 0.000000,
        "100" : 3.574464,
        "250" : 94.186256,
        "500" : 2.234690,
        "750" : 0.010000,
        "1000" : 0.010000
      },
      "latency_ms" : {
        "2" : 0.010000,
        "4" : 0.010000,
        "10" : 0.000000,
        "20" : 0.000000,
        "50" : 0.000000,
        "100" : 0.000000,
        "250" : 0.000000,
        "500" : 0.000000,
        "750" : 0.000000,
        "1000" : 0.000000,
        "2000" : 0.000000,
        ">=2000" : 0.000000
      },
      "latency_depth" : 2,
      "latency_target" : 0,
      "latency_percentile" : 100.000000,
      "latency_window" : 0
    }
  ],
  "disk_util" : [
    {
      "name" : "sda",
      "read_ios" : 0,
      "write_ios" : 5390,
      "read_sectors" : 0,
      "write_sectors" : 4284584,
      "read_merges" : 0,
      "write_merges" : 5410,
      "read_ticks" : 0,
      "write_ticks" : 26630,
      "in_queue" : 26778,
      "util" : 1.270254
    }
  ]
}
