{
    "iodepth": [
        "1",
        "2",
        "4",
        "8",
        "16",
        "24",
        "32",
        "40",
        "52",
        "64"
    ],
    "iops": [
        5947.126843,
        12053.983153,
        20507.281642,
        26928.276906,
        31270.615765,
        31560.601465,
        33195.899347,
        35418.105273,
        36170.271631,
        39492.508358
    ],
    "total_ios": [
        1784144,
        3616207,
        6152205,
        8078510,
        9381216,
        9468212,
        9958803,
        10625467,
        10851190,
        11847792
    ],
    "clat_ms": [
        0.163495671334,
        0.161714752233,
        0.191254165653,
        0.293516570534,
        0.507602399312,
        0.755860053907,
        0.959272834167,
        1.124354754456,
        1.432080402038,
        1.614560846798
    ],
    "clat_stdev": [
        0.040715020726,
        0.040655659052000005,
        0.055281639324,
        0.100315740223,
        0.18991530133700002,
        0.319751764787,
        0.409707481003,
        0.451187048113,
        0.543474121137,
        0.542126084833
    ],
    "usr_cpu": [
        3.177,
        5.517667,
        8.424,
        10.352,
        13.106,
        14.024333,
        14.279,
        14.954333,
        15.151566,
        15.897667
    ],
    "sys_cpu": [
        3.447667,
        5.954333,
        7.944333,
        8.35,
        9.803,
        9.803667,
        9.72,
        9.579667,
        9.9706,
        9.974667
    ],
    "OSD_cpu": [
        223.7266666666668,
        338.41666666666674,
        462.35999999999973,
        542.8166666666664,
        554.123333333333,
        524.55,
        508.28999999999974,
        508.51000000000033,
        506.14666666666676,
        524.5633333333334
    ],
    "OSD_mem": [
        41.699999999999456,
        43.19999999999941,
        43.19999999999941,
        43.19999999999941,
        43.19999999999941,
        43.19999999999941,
        43.19999999999941,
        43.19999999999941,
        43.19999999999941,
        43.19999999999941
    ],
    "FIO_cpu": [
        47.4533333333333,
        82.33000000000001,
        111.82333333333344,
        130.66333333333338,
        144.56666666666663,
        146.16666666666666,
        143.27333333333334,
        146.72000000000008,
        149.3066666666667,
        152.48666666666665
    ],
    "FIO_mem": [
        0.15999999999999998,
        1.0133333333333387,
        1.3333333333333433,
        1.760000000000016,
        2.0800000000000196,
        2.0800000000000196,
        2.133333333333353,
        2.293333333333354,
        2.293333333333354,
        2.4000000000000203
    ]
}