{
  "fio version" : "fio-3.39-26-ga72fe",
  "timestamp" : 1751022242,
  "timestamp_ms" : 1751022242396,
  "time" : "Fri Jun 27 11:04:02 2025",
  "global options" : {
    "ioengine" : "rbd",
    "bs" : "4k",
    "rw" : "randwrite",
    "direct" : "1",
    "runtime" : "5m",
    "time_based" : "",
    "group_reporting" : "",
    "ramp_time" : "30s",
    "thread" : "1",
    "iodepth" : "2",
    "clientname" : "admin",
    "pool" : "rbd"
  },
  "jobs" : [
    {
      "jobname" : "fio_test_0",
      "groupid" : 0,
      "job_start" : 1751021942280,
      "error" : 0,
      "eta" : 0,
      "elapsed" : 331,
      "job options" : {
        "max_latency" : "1s",
        "numjobs" : "1",
        "rbdname" : "fio_test_31"
      },
      "read" : {
        "io_bytes" : 0,
        "io_kbytes" : 0,
        "bw_bytes" : 0,
        "bw" : 0,
        "iops" : 0.000000,
        "runtime" : 0,
        "total_ios" : 0,
        "short_ios" : 0,
        "drop_ios" : 0,
        "slat_ns" : {
          "min" : 0,
          "max" : 0,
          "mean" : 0.000000,
          "stddev" : 0.000000,
          "N" : 0
        },
        "clat_ns" : {
          "min" : 0,
          "max" : 0,
          "mean" : 0.000000,
          "stddev" : 0.000000,
          "N" : 0
        },
        "lat_ns" : {
          "min" : 0,
          "max" : 0,
          "mean" : 0.000000,
          "stddev" : 0.000000,
          "N" : 0
        },
        "bw_min" : 0,
        "bw_max" : 0,
        "bw_agg" : 0.000000,
        "bw_mean" : 0.000000,
        "bw_dev" : 0.000000,
        "bw_samples" : 0,
        "iops_min" : 0,
        "iops_max" : 0,
        "iops_mean" : 0.000000,
        "iops_stddev" : 0.000000,
        "iops_samples" : 0
      },
      "write" : {
        "io_bytes" : 34663866368,
        "io_kbytes" : 33851432,
        "bw_bytes" : 115542754,
        "bw" : 112834,
        "iops" : 28208.573743,
        "runtime" : 300009,
        "total_ios" : 8462826,
        "short_ios" : 0,
        "drop_ios" : 0,
        "slat_ns" : {
          "min" : 1044,
          "max" : 483033,
          "mean" : 5143.734628,
          "stddev" : 3296.691948,
          "N" : 8462826
        },
        "clat_ns" : {
          "min" : 278903,
          "max" : 75166537,
          "mean" : 2262196.145558,
          "stddev" : 2720246.081326,
          "N" : 8462858,
          "percentile" : {
            "1.000000" : 403456,
            "5.000000" : 485376,
            "10.000000" : 593920,
            "20.000000" : 774144,
            "30.000000" : 970752,
            "40.000000" : 1171456,
            "50.000000" : 1433600,
            "60.000000" : 1728512,
            "70.000000" : 2179072,
            "80.000000" : 2998272,
            "90.000000" : 4882432,
            "95.000000" : 6848512,
            "99.000000" : 12910592,
            "99.500000" : 17432576,
            "99.900000" : 30277632,
            "99.950000" : 34865152,
            "99.990000" : 43253760
          }
        },
        "lat_ns" : {
          "min" : 281182,
          "max" : 75169343,
          "mean" : 2267339.884441,
          "stddev" : 2720295.190227,
          "N" : 8462858
        },
        "bw_min" : 88957,
        "bw_max" : 135809,
        "bw_agg" : 100.000000,
        "bw_mean" : 112881.083695,
        "bw_dev" : 226.662177,
        "bw_samples" : 19181,
        "iops_min" : 22239,
        "iops_max" : 33952,
        "iops_mean" : 28218.844246,
        "iops_stddev" : 56.659174,
        "iops_samples" : 19181
      },
      "trim" : {
        "io_bytes" : 0,
        "io_kbytes" : 0,
        "bw_bytes" : 0,
        "bw" : 0,
        "iops" : 0.000000,
        "runtime" : 0,
        "total_ios" : 0,
        "short_ios" : 0,
        "drop_ios" : 0,
        "slat_ns" : {
          "min" : 0,
          "max" : 0,
          "mean" : 0.000000,
          "stddev" : 0.000000,
          "N" : 0
        },
        "clat_ns" : {
          "min" : 0,
          "max" : 0,
          "mean" : 0.000000,
          "stddev" : 0.000000,
          "N" : 0
        },
        "lat_ns" : {
          "min" : 0,
          "max" : 0,
          "mean" : 0.000000,
          "stddev" : 0.000000,
          "N" : 0
        },
        "bw_min" : 0,
        "bw_max" : 0,
        "bw_agg" : 0.000000,
        "bw_mean" : 0.000000,
        "bw_dev" : 0.000000,
        "bw_samples" : 0,
        "iops_min" : 0,
        "iops_max" : 0,
        "iops_mean" : 0.000000,
        "iops_stddev" : 0.000000,
        "iops_samples" : 0
      },
      "sync" : {
        "total_ios" : 0,
        "lat_ns" : {
          "min" : 0,
          "max" : 0,
          "mean" : 0.000000,
          "stddev" : 0.000000,
          "N" : 0
        }
      },
      "job_runtime" : 9600097,
      "usr_cpu" : 0.655858,
      "sys_cpu" : 0.493037,
      "ctx" : 8151813,
      "majf" : 0,
      "minf" : 639,
      "iodepth_level" : {
        "1" : 0.000000,
        "2" : 100.000000,
        "4" : 0.000000,
        "8" : 0.000000,
        "16" : 0.000000,
        "32" : 0.000000,
        ">=64" : 0.000000
      },
      "iodepth_submit" : {
        "0" : 0.000000,
        "4" : 100.000000,
        "8" : 0.000000,
        "16" : 0.000000,
        "32" : 0.000000,
        "64" : 0.000000,
        ">=64" : 0.000000
      },
      "iodepth_complete" : {
        "0" : 0.000000,
        "4" : 100.000000,
        "8" : 0.000000,
        "16" : 0.000000,
        "32" : 0.000000,
        "64" : 0.000000,
        ">=64" : 0.000000
      },
      "latency_ns" : {
        "2" : 0.000000,
        "4" : 0.000000,
        "10" : 0.000000,
        "20" : 0.000000,
        "50" : 0.000000,
        "100" : 0.000000,
        "250" : 0.000000,
        "500" : 0.000000,
        "750" : 0.000000,
        "1000" : 0.000000
      },
      "latency_us" : {
        "2" : 0.000000,
        "4" : 0.000000,
        "10" : 0.000000,
        "20" : 0.000000,
        "50" : 0.000000,
        "100" : 0.000000,
        "250" : 0.000000,
        "500" : 5.670139,
        "750" : 12.822643,
        "1000" : 13.139701
      },
      "latency_ms" : {
        "2" : 34.907725,
        "4" : 20.006568,
        "10" : 11.551449,
        "20" : 1.530411,
        "50" : 0.369416,
        "100" : 0.010000,
        "250" : 0.000000,
        "500" : 0.000000,
        "750" : 0.000000,
        "1000" : 0.000000,
        "2000" : 0.000000,
        ">=2000" : 0.000000
      },
      "latency_depth" : 2,
      "latency_target" : 0,
      "latency_percentile" : 100.000000,
      "latency_window" : 0
    }
  ],
  "disk_util" : [
    {
      "name" : "sda",
      "read_ios" : 1,
      "write_ios" : 3949,
      "read_sectors" : 8,
      "write_sectors" : 110776,
      "read_merges" : 0,
      "write_merges" : 5633,
      "read_ticks" : 1,
      "write_ticks" : 680,
      "in_queue" : 720,
      "util" : 0.096064
    }
  ]
}
