{
  "fio version" : "fio-3.39-26-ga72fe",
  "timestamp" : 1751025233,
  "timestamp_ms" : 1751025233907,
  "time" : "Fri Jun 27 11:53:53 2025",
  "global options" : {
    "ioengine" : "rbd",
    "bs" : "4k",
    "rw" : "randwrite",
    "direct" : "1",
    "runtime" : "5m",
    "time_based" : "",
    "group_reporting" : "",
    "ramp_time" : "30s",
    "thread" : "1",
    "iodepth" : "32",
    "clientname" : "admin",
    "pool" : "rbd"
  },
  "jobs" : [
    {
      "jobname" : "fio_test_0",
      "groupid" : 0,
      "job_start" : 1751024933651,
      "error" : 110,
      "eta" : 0,
      "elapsed" : 331,
      "job options" : {
        "max_latency" : "1s",
        "numjobs" : "1",
        "rbdname" : "fio_test_31"
      },
      "read" : {
        "io_bytes" : 0,
        "io_kbytes" : 0,
        "bw_bytes" : 0,
        "bw" : 0,
        "iops" : 0.000000,
        "runtime" : 0,
        "total_ios" : 0,
        "short_ios" : 0,
        "drop_ios" : 0,
        "slat_ns" : {
          "min" : 0,
          "max" : 0,
          "mean" : 0.000000,
          "stddev" : 0.000000,
          "N" : 0
        },
        "clat_ns" : {
          "min" : 0,
          "max" : 0,
          "mean" : 0.000000,
          "stddev" : 0.000000,
          "N" : 0
        },
        "lat_ns" : {
          "min" : 0,
          "max" : 0,
          "mean" : 0.000000,
          "stddev" : 0.000000,
          "N" : 0
        },
        "bw_min" : 0,
        "bw_max" : 0,
        "bw_agg" : 0.000000,
        "bw_mean" : 0.000000,
        "bw_dev" : 0.000000,
        "bw_samples" : 0,
        "iops_min" : 0,
        "iops_max" : 0,
        "iops_mean" : 0.000000,
        "iops_stddev" : 0.000000,
        "iops_samples" : 0
      },
      "write" : {
        "io_bytes" : 44653973504,
        "io_kbytes" : 43607396,
        "bw_bytes" : 148799458,
        "bw" : 145311,
        "iops" : 36324.687182,
        "runtime" : 300095,
        "total_ios" : 10900857,
        "short_ios" : 0,
        "drop_ios" : 0,
        "slat_ns" : {
          "min" : 1014,
          "max" : 140659,
          "mean" : 4726.614523,
          "stddev" : 3090.320737,
          "N" : 10900857
        },
        "clat_ns" : {
          "min" : 292851,
          "max" : 1716180134,
          "mean" : 18067794.085425,
          "stddev" : 53070673.007308,
          "N" : 10901849,
          "percentile" : {
            "1.000000" : 643072,
            "5.000000" : 1253376,
            "10.000000" : 1744896,
            "20.000000" : 2506752,
            "30.000000" : 3325952,
            "40.000000" : 4292608,
            "50.000000" : 5537792,
            "60.000000" : 7569408,
            "70.000000" : 10944512,
            "80.000000" : 16908288,
            "90.000000" : 32899072,
            "95.000000" : 67633152,
            "99.000000" : 217055232,
            "99.500000" : 346030080,
            "99.900000" : 750780416,
            "99.950000" : 809500672,
            "99.990000" : 935329792
          }
        },
        "lat_ns" : {
          "min" : 296450,
          "max" : 1716183106,
          "mean" : 18072520.714810,
          "stddev" : 53070680.805493,
          "N" : 10901849
        },
        "bw_min" : 72536,
        "bw_max" : 274852,
        "bw_agg" : 100.000000,
        "bw_mean" : 195233.999302,
        "bw_dev" : 1138.743619,
        "bw_samples" : 12287,
        "iops_min" : 18134,
        "iops_max" : 68713,
        "iops_mean" : 48807.955242,
        "iops_stddev" : 284.684753,
        "iops_samples" : 12287
      },
      "trim" : {
        "io_bytes" : 0,
        "io_kbytes" : 0,
        "bw_bytes" : 0,
        "bw" : 0,
        "iops" : 0.000000,
        "runtime" : 0,
        "total_ios" : 0,
        "short_ios" : 0,
        "drop_ios" : 0,
        "slat_ns" : {
          "min" : 0,
          "max" : 0,
          "mean" : 0.000000,
          "stddev" : 0.000000,
          "N" : 0
        },
        "clat_ns" : {
          "min" : 0,
          "max" : 0,
          "mean" : 0.000000,
          "stddev" : 0.000000,
          "N" : 0
        },
        "lat_ns" : {
          "min" : 0,
          "max" : 0,
          "mean" : 0.000000,
          "stddev" : 0.000000,
          "N" : 0
        },
        "bw_min" : 0,
        "bw_max" : 0,
        "bw_agg" : 0.000000,
        "bw_mean" : 0.000000,
        "bw_dev" : 0.000000,
        "bw_samples" : 0,
        "iops_min" : 0,
        "iops_max" : 0,
        "iops_mean" : 0.000000,
        "iops_stddev" : 0.000000,
        "iops_samples" : 0
      },
      "sync" : {
        "total_ios" : 0,
        "lat_ns" : {
          "min" : 0,
          "max" : 0,
          "mean" : 0.000000,
          "stddev" : 0.000000,
          "N" : 0
        }
      },
      "job_runtime" : 6151022,
      "usr_cpu" : 1.158555,
      "sys_cpu" : 0.829342,
      "ctx" : 8104524,
      "majf" : 0,
      "minf" : 1385,
      "iodepth_level" : {
        "1" : 0.000000,
        "2" : 0.000000,
        "4" : 0.000000,
        "8" : 0.000000,
        "16" : 0.000000,
        "32" : 100.000000,
        ">=64" : 0.000000
      },
      "iodepth_submit" : {
        "0" : 0.000000,
        "4" : 100.000000,
        "8" : 0.000000,
        "16" : 0.000000,
        "32" : 0.000000,
        "64" : 0.000000,
        ">=64" : 0.000000
      },
      "iodepth_complete" : {
        "0" : 0.100000,
        "4" : 99.999798,
        "8" : 0.000000,
        "16" : 0.000000,
        "32" : 0.100000,
        "64" : 0.000000,
        ">=64" : 0.000000
      },
      "latency_ns" : {
        "2" : 0.000000,
        "4" : 0.000000,
        "10" : 0.000000,
        "20" : 0.000000,
        "50" : 0.000000,
        "100" : 0.000000,
        "250" : 0.000000,
        "500" : 0.000000,
        "750" : 0.000000,
        "1000" : 0.000000
      },
      "latency_us" : {
        "2" : 0.000000,
        "4" : 0.000000,
        "10" : 0.000000,
        "20" : 0.000000,
        "50" : 0.000000,
        "100" : 0.000000,
        "250" : 0.000000,
        "500" : 0.429342,
        "750" : 1.143864,
        "1000" : 1.575794
      },
      "latency_ms" : {
        "2" : 10.214261,
        "4" : 24.141496,
        "10" : 30.272207,
        "20" : 15.431778,
        "50" : 10.167347,
        "100" : 3.362653,
        "250" : 2.473622,
        "500" : 0.442222,
        "750" : 0.252310,
        "1000" : 0.100928,
        "2000" : 0.010000,
        ">=2000" : 0.000000
      },
      "latency_depth" : 32,
      "latency_target" : 0,
      "latency_percentile" : 100.000000,
      "latency_window" : 0
    }
  ],
  "disk_util" : [
    {
      "name" : "sda",
      "read_ios" : 1,
      "write_ios" : 4088,
      "read_sectors" : 8,
      "write_sectors" : 113656,
      "read_merges" : 0,
      "write_merges" : 5633,
      "read_ticks" : 0,
      "write_ticks" : 815,
      "in_queue" : 853,
      "util" : 0.095757
    }
  ]
}
