{
  "fio version" : "fio-3.39-26-ga72fe",
  "timestamp" : 1751024236,
  "timestamp_ms" : 1751024236575,
  "time" : "Fri Jun 27 11:37:16 2025",
  "global options" : {
    "ioengine" : "rbd",
    "bs" : "4k",
    "rw" : "randwrite",
    "direct" : "1",
    "runtime" : "5m",
    "time_based" : "",
    "group_reporting" : "",
    "ramp_time" : "30s",
    "thread" : "1",
    "iodepth" : "24",
    "clientname" : "admin",
    "pool" : "rbd"
  },
  "jobs" : [
    {
      "jobname" : "fio_test_0",
      "groupid" : 0,
      "job_start" : 1751023936319,
      "error" : 110,
      "eta" : 0,
      "elapsed" : 331,
      "job options" : {
        "max_latency" : "1s",
        "numjobs" : "1",
        "rbdname" : "fio_test_31"
      },
      "read" : {
        "io_bytes" : 0,
        "io_kbytes" : 0,
        "bw_bytes" : 0,
        "bw" : 0,
        "iops" : 0.000000,
        "runtime" : 0,
        "total_ios" : 0,
        "short_ios" : 0,
        "drop_ios" : 0,
        "slat_ns" : {
          "min" : 0,
          "max" : 0,
          "mean" : 0.000000,
          "stddev" : 0.000000,
          "N" : 0
        },
        "clat_ns" : {
          "min" : 0,
          "max" : 0,
          "mean" : 0.000000,
          "stddev" : 0.000000,
          "N" : 0
        },
        "lat_ns" : {
          "min" : 0,
          "max" : 0,
          "mean" : 0.000000,
          "stddev" : 0.000000,
          "N" : 0
        },
        "bw_min" : 0,
        "bw_max" : 0,
        "bw_agg" : 0.000000,
        "bw_mean" : 0.000000,
        "bw_dev" : 0.000000,
        "bw_samples" : 0,
        "iops_min" : 0,
        "iops_max" : 0,
        "iops_mean" : 0.000000,
        "iops_stddev" : 0.000000,
        "iops_samples" : 0
      },
      "write" : {
        "io_bytes" : 44109553664,
        "io_kbytes" : 43075736,
        "bw_bytes" : 147017143,
        "bw" : 143571,
        "iops" : 35890.400960,
        "runtime" : 300030,
        "total_ios" : 10768197,
        "short_ios" : 0,
        "drop_ios" : 0,
        "slat_ns" : {
          "min" : 1029,
          "max" : 184630,
          "mean" : 4928.076264,
          "stddev" : 3208.147298,
          "N" : 10768198
        },
        "clat_ns" : {
          "min" : 279892,
          "max" : 1533848213,
          "mean" : 17434384.612833,
          "stddev" : 58636929.540340,
          "N" : 10768933,
          "percentile" : {
            "1.000000" : 561152,
            "5.000000" : 1073152,
            "10.000000" : 1515520,
            "20.000000" : 2244608,
            "30.000000" : 2965504,
            "40.000000" : 3817472,
            "50.000000" : 4947968,
            "60.000000" : 6586368,
            "70.000000" : 9371648,
            "80.000000" : 14090240,
            "90.000000" : 26607616,
            "95.000000" : 55312384,
            "99.000000" : 291504128,
            "99.500000" : 463470592,
            "99.900000" : 759169024,
            "99.950000" : 801112064,
            "99.990000" : 918552576
          }
        },
        "lat_ns" : {
          "min" : 282788,
          "max" : 1533869781,
          "mean" : 17439312.669075,
          "stddev" : 58636961.823235,
          "N" : 10768933
        },
        "bw_min" : 62400,
        "bw_max" : 303780,
        "bw_agg" : 100.000000,
        "bw_mean" : 169902.731486,
        "bw_dev" : 2217.088751,
        "bw_samples" : 15617,
        "iops_min" : 15600,
        "iops_max" : 75944,
        "iops_mean" : 42474.872927,
        "iops_stddev" : 554.256871,
        "iops_samples" : 15617
      },
      "trim" : {
        "io_bytes" : 0,
        "io_kbytes" : 0,
        "bw_bytes" : 0,
        "bw" : 0,
        "iops" : 0.000000,
        "runtime" : 0,
        "total_ios" : 0,
        "short_ios" : 0,
        "drop_ios" : 0,
        "slat_ns" : {
          "min" : 0,
          "max" : 0,
          "mean" : 0.000000,
          "stddev" : 0.000000,
          "N" : 0
        },
        "clat_ns" : {
          "min" : 0,
          "max" : 0,
          "mean" : 0.000000,
          "stddev" : 0.000000,
          "N" : 0
        },
        "lat_ns" : {
          "min" : 0,
          "max" : 0,
          "mean" : 0.000000,
          "stddev" : 0.000000,
          "N" : 0
        },
        "bw_min" : 0,
        "bw_max" : 0,
        "bw_agg" : 0.000000,
        "bw_mean" : 0.000000,
        "bw_dev" : 0.000000,
        "bw_samples" : 0,
        "iops_min" : 0,
        "iops_max" : 0,
        "iops_mean" : 0.000000,
        "iops_stddev" : 0.000000,
        "iops_samples" : 0
      },
      "sync" : {
        "total_ios" : 0,
        "lat_ns" : {
          "min" : 0,
          "max" : 0,
          "mean" : 0.000000,
          "stddev" : 0.000000,
          "N" : 0
        }
      },
      "job_runtime" : 7820079,
      "usr_cpu" : 0.945719,
      "sys_cpu" : 0.661911,
      "ctx" : 8433902,
      "majf" : 0,
      "minf" : 2220,
      "iodepth_level" : {
        "1" : 0.000000,
        "2" : 0.000000,
        "4" : 0.000000,
        "8" : 0.000000,
        "16" : 100.000000,
        "32" : 0.000000,
        ">=64" : 0.000000
      },
      "iodepth_submit" : {
        "0" : 0.000000,
        "4" : 100.000000,
        "8" : 0.000000,
        "16" : 0.000000,
        "32" : 0.000000,
        "64" : 0.000000,
        ">=64" : 0.000000
      },
      "iodepth_complete" : {
        "0" : 0.100000,
        "4" : 99.999763,
        "8" : 0.000000,
        "16" : 0.000000,
        "32" : 0.100000,
        "64" : 0.000000,
        ">=64" : 0.000000
      },
      "latency_ns" : {
        "2" : 0.000000,
        "4" : 0.000000,
        "10" : 0.000000,
        "20" : 0.000000,
        "50" : 0.000000,
        "100" : 0.000000,
        "250" : 0.000000,
        "500" : 0.000000,
        "750" : 0.000000,
        "1000" : 0.000000
      },
      "latency_us" : {
        "2" : 0.000000,
        "4" : 0.000000,
        "10" : 0.000000,
        "20" : 0.000000,
        "50" : 0.000000,
        "100" : 0.000000,
        "250" : 0.000000,
        "500" : 0.640051,
        "750" : 1.591538,
        "1000" : 2.094557
      },
      "latency_ms" : {
        "2" : 12.216010,
        "4" : 25.743325,
        "10" : 29.698119,
        "20" : 14.329363,
        "50" : 8.229549,
        "100" : 2.476246,
        "250" : 1.817222,
        "500" : 0.746374,
        "750" : 0.302623,
        "1000" : 0.120717,
        "2000" : 0.010000,
        ">=2000" : 0.000000
      },
      "latency_depth" : 24,
      "latency_target" : 0,
      "latency_percentile" : 100.000000,
      "latency_window" : 0
    }
  ],
  "disk_util" : [
    {
      "name" : "sda",
      "read_ios" : 1,
      "write_ios" : 4045,
      "read_sectors" : 8,
      "write_sectors" : 113760,
      "read_merges" : 0,
      "write_merges" : 5632,
      "read_ticks" : 0,
      "write_ticks" : 727,
      "in_queue" : 769,
      "util" : 0.103638
    }
  ]
}
