{
  "fio version" : "fio-3.39-26-ga72fe",
  "timestamp" : 1751021910,
  "timestamp_ms" : 1751021910127,
  "time" : "Fri Jun 27 10:58:30 2025",
  "global options" : {
    "ioengine" : "rbd",
    "bs" : "4k",
    "rw" : "randwrite",
    "direct" : "1",
    "runtime" : "5m",
    "time_based" : "",
    "group_reporting" : "",
    "ramp_time" : "30s",
    "thread" : "1",
    "iodepth" : "1",
    "clientname" : "admin",
    "pool" : "rbd"
  },
  "jobs" : [
    {
      "jobname" : "fio_test_0",
      "groupid" : 0,
      "job_start" : 1751021610006,
      "error" : 0,
      "eta" : 0,
      "elapsed" : 331,
      "job options" : {
        "max_latency" : "1s",
        "numjobs" : "1",
        "rbdname" : "fio_test_31"
      },
      "read" : {
        "io_bytes" : 0,
        "io_kbytes" : 0,
        "bw_bytes" : 0,
        "bw" : 0,
        "iops" : 0.000000,
        "runtime" : 0,
        "total_ios" : 0,
        "short_ios" : 0,
        "drop_ios" : 0,
        "slat_ns" : {
          "min" : 0,
          "max" : 0,
          "mean" : 0.000000,
          "stddev" : 0.000000,
          "N" : 0
        },
        "clat_ns" : {
          "min" : 0,
          "max" : 0,
          "mean" : 0.000000,
          "stddev" : 0.000000,
          "N" : 0
        },
        "lat_ns" : {
          "min" : 0,
          "max" : 0,
          "mean" : 0.000000,
          "stddev" : 0.000000,
          "N" : 0
        },
        "bw_min" : 0,
        "bw_max" : 0,
        "bw_agg" : 0.000000,
        "bw_mean" : 0.000000,
        "bw_dev" : 0.000000,
        "bw_samples" : 0,
        "iops_min" : 0,
        "iops_max" : 0,
        "iops_mean" : 0.000000,
        "iops_stddev" : 0.000000,
        "iops_samples" : 0
      },
      "write" : {
        "io_bytes" : 27169521664,
        "io_kbytes" : 26532736,
        "bw_bytes" : 90563864,
        "bw" : 88441,
        "iops" : 22110.318529,
        "runtime" : 300004,
        "total_ios" : 6633184,
        "short_ios" : 0,
        "drop_ios" : 0,
        "slat_ns" : {
          "min" : 1920,
          "max" : 449608,
          "mean" : 5558.131717,
          "stddev" : 3584.782966,
          "N" : 6633184
        },
        "clat_ns" : {
          "min" : 284954,
          "max" : 77894280,
          "mean" : 1440073.484133,
          "stddev" : 1475986.936976,
          "N" : 6633184,
          "percentile" : {
            "1.000000" : 395264,
            "5.000000" : 448512,
            "10.000000" : 501760,
            "20.000000" : 610304,
            "30.000000" : 724992,
            "40.000000" : 847872,
            "50.000000" : 987136,
            "60.000000" : 1171456,
            "70.000000" : 1417216,
            "80.000000" : 1777664,
            "90.000000" : 2801664,
            "95.000000" : 4292608,
            "99.000000" : 7307264,
            "99.500000" : 8847360,
            "99.900000" : 14221312,
            "99.950000" : 17694720,
            "99.990000" : 26083328
          }
        },
        "lat_ns" : {
          "min" : 287696,
          "max" : 77898359,
          "mean" : 1445631.615850,
          "stddev" : 1476077.865047,
          "N" : 6633184
        },
        "bw_min" : 72292,
        "bw_max" : 104260,
        "bw_agg" : 100.000000,
        "bw_mean" : 88474.942666,
        "bw_dev" : 154.711953,
        "bw_samples" : 19189,
        "iops_min" : 18073,
        "iops_max" : 26064,
        "iops_mean" : 22117.691441,
        "iops_stddev" : 38.671083,
        "iops_samples" : 19189
      },
      "trim" : {
        "io_bytes" : 0,
        "io_kbytes" : 0,
        "bw_bytes" : 0,
        "bw" : 0,
        "iops" : 0.000000,
        "runtime" : 0,
        "total_ios" : 0,
        "short_ios" : 0,
        "drop_ios" : 0,
        "slat_ns" : {
          "min" : 0,
          "max" : 0,
          "mean" : 0.000000,
          "stddev" : 0.000000,
          "N" : 0
        },
        "clat_ns" : {
          "min" : 0,
          "max" : 0,
          "mean" : 0.000000,
          "stddev" : 0.000000,
          "N" : 0
        },
        "lat_ns" : {
          "min" : 0,
          "max" : 0,
          "mean" : 0.000000,
          "stddev" : 0.000000,
          "N" : 0
        },
        "bw_min" : 0,
        "bw_max" : 0,
        "bw_agg" : 0.000000,
        "bw_mean" : 0.000000,
        "bw_dev" : 0.000000,
        "bw_samples" : 0,
        "iops_min" : 0,
        "iops_max" : 0,
        "iops_mean" : 0.000000,
        "iops_stddev" : 0.000000,
        "iops_samples" : 0
      },
      "sync" : {
        "total_ios" : 0,
        "lat_ns" : {
          "min" : 0,
          "max" : 0,
          "mean" : 0.000000,
          "stddev" : 0.000000,
          "N" : 0
        }
      },
      "job_runtime" : 9600016,
      "usr_cpu" : 0.571666,
      "sys_cpu" : 0.430781,
      "ctx" : 6634597,
      "majf" : 0,
      "minf" : 1270,
      "iodepth_level" : {
        "1" : 100.000000,
        "2" : 0.000000,
        "4" : 0.000000,
        "8" : 0.000000,
        "16" : 0.000000,
        "32" : 0.000000,
        ">=64" : 0.000000
      },
      "iodepth_submit" : {
        "0" : 0.000000,
        "4" : 100.000000,
        "8" : 0.000000,
        "16" : 0.000000,
        "32" : 0.000000,
        "64" : 0.000000,
        ">=64" : 0.000000
      },
      "iodepth_complete" : {
        "0" : 0.000000,
        "4" : 100.000000,
        "8" : 0.000000,
        "16" : 0.000000,
        "32" : 0.000000,
        "64" : 0.000000,
        ">=64" : 0.000000
      },
      "latency_ns" : {
        "2" : 0.000000,
        "4" : 0.000000,
        "10" : 0.000000,
        "20" : 0.000000,
        "50" : 0.000000,
        "100" : 0.000000,
        "250" : 0.000000,
        "500" : 0.000000,
        "750" : 0.000000,
        "1000" : 0.000000
      },
      "latency_us" : {
        "2" : 0.000000,
        "4" : 0.000000,
        "10" : 0.000000,
        "20" : 0.000000,
        "50" : 0.000000,
        "100" : 0.000000,
        "250" : 0.000000,
        "500" : 9.986381,
        "750" : 22.047692,
        "1000" : 18.632741
      },
      "latency_ms" : {
        "2" : 32.831910,
        "4" : 10.789705,
        "10" : 5.379543,
        "20" : 0.300173,
        "50" : 0.031357,
        "100" : 0.010000,
        "250" : 0.000000,
        "500" : 0.000000,
        "750" : 0.000000,
        "1000" : 0.000000,
        "2000" : 0.000000,
        ">=2000" : 0.000000
      },
      "latency_depth" : 1,
      "latency_target" : 0,
      "latency_percentile" : 100.000000,
      "latency_window" : 0
    }
  ],
  "disk_util" : [
    {
      "name" : "sda",
      "read_ios" : 2,
      "write_ios" : 4049,
      "read_sectors" : 16,
      "write_sectors" : 123352,
      "read_merges" : 0,
      "write_merges" : 5691,
      "read_ticks" : 0,
      "write_ticks" : 782,
      "in_queue" : 821,
      "util" : 0.101823
    }
  ]
}
