{
  "fio version" : "fio-3.39-26-ga72fe",
  "timestamp" : 1750948734,
  "timestamp_ms" : 1750948734710,
  "time" : "Thu Jun 26 14:38:54 2025",
  "global options" : {
    "ioengine" : "rbd",
    "bs" : "64k",
    "rw" : "write",
    "direct" : "1",
    "runtime" : "5m",
    "time_based" : "",
    "group_reporting" : "",
    "ramp_time" : "30s",
    "thread" : "1",
    "iodepth" : "2",
    "clientname" : "admin",
    "pool" : "rbd"
  },
  "jobs" : [
    {
      "jobname" : "fio_test_0",
      "groupid" : 0,
      "job_start" : 1750948434526,
      "error" : 0,
      "eta" : 0,
      "elapsed" : 331,
      "job options" : {
        "max_latency" : "1s",
        "numjobs" : "1",
        "rbdname" : "fio_test_31"
      },
      "read" : {
        "io_bytes" : 0,
        "io_kbytes" : 0,
        "bw_bytes" : 0,
        "bw" : 0,
        "iops" : 0.000000,
        "runtime" : 0,
        "total_ios" : 0,
        "short_ios" : 0,
        "drop_ios" : 0,
        "slat_ns" : {
          "min" : 0,
          "max" : 0,
          "mean" : 0.000000,
          "stddev" : 0.000000,
          "N" : 0
        },
        "clat_ns" : {
          "min" : 0,
          "max" : 0,
          "mean" : 0.000000,
          "stddev" : 0.000000,
          "N" : 0
        },
        "lat_ns" : {
          "min" : 0,
          "max" : 0,
          "mean" : 0.000000,
          "stddev" : 0.000000,
          "N" : 0
        },
        "bw_min" : 0,
        "bw_max" : 0,
        "bw_agg" : 0.000000,
        "bw_mean" : 0.000000,
        "bw_dev" : 0.000000,
        "bw_samples" : 0,
        "iops_min" : 0,
        "iops_max" : 0,
        "iops_mean" : 0.000000,
        "iops_stddev" : 0.000000,
        "iops_samples" : 0
      },
      "write" : {
        "io_bytes" : 266633084928,
        "io_kbytes" : 260383872,
        "bw_bytes" : 888759174,
        "bw" : 867928,
        "iops" : 13561.282108,
        "runtime" : 300006,
        "total_ios" : 4068466,
        "short_ios" : 0,
        "drop_ios" : 0,
        "slat_ns" : {
          "min" : 3501,
          "max" : 654453,
          "mean" : 16162.466687,
          "stddev" : 9101.881527,
          "N" : 4068466
        },
        "clat_ns" : {
          "min" : 455300,
          "max" : 380162288,
          "mean" : 4700813.745158,
          "stddev" : 3378496.135713,
          "N" : 4068498,
          "percentile" : {
            "1.000000" : 946176,
            "5.000000" : 1335296,
            "10.000000" : 1695744,
            "20.000000" : 2310144,
            "30.000000" : 2834432,
            "40.000000" : 3260416,
            "50.000000" : 3784704,
            "60.000000" : 4489216,
            "70.000000" : 5472256,
            "80.000000" : 6520832,
            "90.000000" : 8585216,
            "95.000000" : 10813440,
            "99.000000" : 16449536,
            "99.500000" : 19005440,
            "99.900000" : 26607616,
            "99.950000" : 31850496,
            "99.990000" : 54788096
          }
        },
        "lat_ns" : {
          "min" : 465990,
          "max" : 380174378,
          "mean" : 4716976.253539,
          "stddev" : 3379043.651540,
          "N" : 4068498
        },
        "bw_min" : 229888,
        "bw_max" : 1631336,
        "bw_agg" : 100.000000,
        "bw_mean" : 868375.966169,
        "bw_dev" : 7471.331768,
        "bw_samples" : 19179,
        "iops_min" : 3592,
        "iops_max" : 25486,
        "iops_mean" : 13566.492613,
        "iops_stddev" : 116.748585,
        "iops_samples" : 19179
      },
      "trim" : {
        "io_bytes" : 0,
        "io_kbytes" : 0,
        "bw_bytes" : 0,
        "bw" : 0,
        "iops" : 0.000000,
        "runtime" : 0,
        "total_ios" : 0,
        "short_ios" : 0,
        "drop_ios" : 0,
        "slat_ns" : {
          "min" : 0,
          "max" : 0,
          "mean" : 0.000000,
          "stddev" : 0.000000,
          "N" : 0
        },
        "clat_ns" : {
          "min" : 0,
          "max" : 0,
          "mean" : 0.000000,
          "stddev" : 0.000000,
          "N" : 0
        },
        "lat_ns" : {
          "min" : 0,
          "max" : 0,
          "mean" : 0.000000,
          "stddev" : 0.000000,
          "N" : 0
        },
        "bw_min" : 0,
        "bw_max" : 0,
        "bw_agg" : 0.000000,
        "bw_mean" : 0.000000,
        "bw_dev" : 0.000000,
        "bw_samples" : 0,
        "iops_min" : 0,
        "iops_max" : 0,
        "iops_mean" : 0.000000,
        "iops_stddev" : 0.000000,
        "iops_samples" : 0
      },
      "sync" : {
        "total_ios" : 0,
        "lat_ns" : {
          "min" : 0,
          "max" : 0,
          "mean" : 0.000000,
          "stddev" : 0.000000,
          "N" : 0
        }
      },
      "job_runtime" : 9600075,
      "usr_cpu" : 0.874160,
      "sys_cpu" : 0.360539,
      "ctx" : 4021549,
      "majf" : 0,
      "minf" : 16306,
      "iodepth_level" : {
        "1" : 0.000000,
        "2" : 100.000000,
        "4" : 0.000000,
        "8" : 0.000000,
        "16" : 0.000000,
        "32" : 0.000000,
        ">=64" : 0.000000
      },
      "iodepth_submit" : {
        "0" : 0.000000,
        "4" : 100.000000,
        "8" : 0.000000,
        "16" : 0.000000,
        "32" : 0.000000,
        "64" : 0.000000,
        ">=64" : 0.000000
      },
      "iodepth_complete" : {
        "0" : 0.000000,
        "4" : 100.000000,
        "8" : 0.000000,
        "16" : 0.000000,
        "32" : 0.000000,
        "64" : 0.000000,
        ">=64" : 0.000000
      },
      "latency_ns" : {
        "2" : 0.000000,
        "4" : 0.000000,
        "10" : 0.000000,
        "20" : 0.000000,
        "50" : 0.000000,
        "100" : 0.000000,
        "250" : 0.000000,
        "500" : 0.000000,
        "750" : 0.000000,
        "1000" : 0.000000
      },
      "latency_us" : {
        "2" : 0.000000,
        "4" : 0.000000,
        "10" : 0.000000,
        "20" : 0.000000,
        "50" : 0.000000,
        "100" : 0.000000,
        "250" : 0.000000,
        "500" : 0.010000,
        "750" : 0.196757,
        "1000" : 1.187278
      },
      "latency_ms" : {
        "2" : 13.229360,
        "4" : 38.843731,
        "10" : 40.185220,
        "20" : 5.957380,
        "50" : 0.385846,
        "100" : 0.012142,
        "250" : 0.010000,
        "500" : 0.010000,
        "750" : 0.000000,
        "1000" : 0.000000,
        "2000" : 0.000000,
        ">=2000" : 0.000000
      },
      "latency_depth" : 2,
      "latency_target" : 0,
      "latency_percentile" : 100.000000,
      "latency_window" : 0
    }
  ],
  "disk_util" : [
    {
      "name" : "sda",
      "read_ios" : 0,
      "write_ios" : 4165,
      "read_sectors" : 0,
      "write_sectors" : 129680,
      "read_merges" : 0,
      "write_merges" : 5147,
      "read_ticks" : 0,
      "write_ticks" : 1099,
      "in_queue" : 1143,
      "util" : 0.113057
    }
  ]
}
