{
  "fio version" : "fio-3.39-26-ga72fe",
  "timestamp" : 1750950396,
  "timestamp_ms" : 1750950396715,
  "time" : "Thu Jun 26 15:06:36 2025",
  "global options" : {
    "ioengine" : "rbd",
    "bs" : "64k",
    "rw" : "write",
    "direct" : "1",
    "runtime" : "5m",
    "time_based" : "",
    "group_reporting" : "",
    "ramp_time" : "30s",
    "thread" : "1",
    "iodepth" : "16",
    "clientname" : "admin",
    "pool" : "rbd"
  },
  "jobs" : [
    {
      "jobname" : "fio_test_0",
      "groupid" : 0,
      "job_start" : 1750950096543,
      "error" : 0,
      "eta" : 0,
      "elapsed" : 331,
      "job options" : {
        "max_latency" : "1s",
        "numjobs" : "1",
        "rbdname" : "fio_test_31"
      },
      "read" : {
        "io_bytes" : 0,
        "io_kbytes" : 0,
        "bw_bytes" : 0,
        "bw" : 0,
        "iops" : 0.000000,
        "runtime" : 0,
        "total_ios" : 0,
        "short_ios" : 0,
        "drop_ios" : 0,
        "slat_ns" : {
          "min" : 0,
          "max" : 0,
          "mean" : 0.000000,
          "stddev" : 0.000000,
          "N" : 0
        },
        "clat_ns" : {
          "min" : 0,
          "max" : 0,
          "mean" : 0.000000,
          "stddev" : 0.000000,
          "N" : 0
        },
        "lat_ns" : {
          "min" : 0,
          "max" : 0,
          "mean" : 0.000000,
          "stddev" : 0.000000,
          "N" : 0
        },
        "bw_min" : 0,
        "bw_max" : 0,
        "bw_agg" : 0.000000,
        "bw_mean" : 0.000000,
        "bw_dev" : 0.000000,
        "bw_samples" : 0,
        "iops_min" : 0,
        "iops_max" : 0,
        "iops_mean" : 0.000000,
        "iops_stddev" : 0.000000,
        "iops_samples" : 0
      },
      "write" : {
        "io_bytes" : 249037914112,
        "io_kbytes" : 243201088,
        "bw_bytes" : 830035076,
        "bw" : 810581,
        "iops" : 12663.730323,
        "runtime" : 300033,
        "total_ios" : 3799537,
        "short_ios" : 0,
        "drop_ios" : 0,
        "slat_ns" : {
          "min" : 4679,
          "max" : 397830,
          "mean" : 21896.336014,
          "stddev" : 7285.688447,
          "N" : 3799537
        },
        "clat_ns" : {
          "min" : 482515,
          "max" : 455715334,
          "mean" : 40404361.706058,
          "stddev" : 28819351.805846,
          "N" : 3800017,
          "percentile" : {
            "1.000000" : 2179072,
            "5.000000" : 5472256,
            "10.000000" : 9895936,
            "20.000000" : 18481152,
            "30.000000" : 24248320,
            "40.000000" : 29491200,
            "50.000000" : 34865152,
            "60.000000" : 40632320,
            "70.000000" : 47972352,
            "80.000000" : 56885248,
            "90.000000" : 74973184,
            "95.000000" : 95944704,
            "99.000000" : 143654912,
            "99.500000" : 162529280,
            "99.900000" : 210763776,
            "99.950000" : 231735296,
            "99.990000" : 278921216
          }
        },
        "lat_ns" : {
          "min" : 491668,
          "max" : 455736906,
          "mean" : 40426258.221140,
          "stddev" : 28820788.250485,
          "N" : 3800017
        },
        "bw_min" : 165386,
        "bw_max" : 1741676,
        "bw_agg" : 100.000000,
        "bw_mean" : 810641.942212,
        "bw_dev" : 8425.217225,
        "bw_samples" : 19173,
        "iops_min" : 2584,
        "iops_max" : 27213,
        "iops_mean" : 12665.482418,
        "iops_stddev" : 131.645603,
        "iops_samples" : 19173
      },
      "trim" : {
        "io_bytes" : 0,
        "io_kbytes" : 0,
        "bw_bytes" : 0,
        "bw" : 0,
        "iops" : 0.000000,
        "runtime" : 0,
        "total_ios" : 0,
        "short_ios" : 0,
        "drop_ios" : 0,
        "slat_ns" : {
          "min" : 0,
          "max" : 0,
          "mean" : 0.000000,
          "stddev" : 0.000000,
          "N" : 0
        },
        "clat_ns" : {
          "min" : 0,
          "max" : 0,
          "mean" : 0.000000,
          "stddev" : 0.000000,
          "N" : 0
        },
        "lat_ns" : {
          "min" : 0,
          "max" : 0,
          "mean" : 0.000000,
          "stddev" : 0.000000,
          "N" : 0
        },
        "bw_min" : 0,
        "bw_max" : 0,
        "bw_agg" : 0.000000,
        "bw_mean" : 0.000000,
        "bw_dev" : 0.000000,
        "bw_samples" : 0,
        "iops_min" : 0,
        "iops_max" : 0,
        "iops_mean" : 0.000000,
        "iops_stddev" : 0.000000,
        "iops_samples" : 0
      },
      "sync" : {
        "total_ios" : 0,
        "lat_ns" : {
          "min" : 0,
          "max" : 0,
          "mean" : 0.000000,
          "stddev" : 0.000000,
          "N" : 0
        }
      },
      "job_runtime" : 9600735,
      "usr_cpu" : 0.995080,
      "sys_cpu" : 0.227597,
      "ctx" : 3710168,
      "majf" : 0,
      "minf" : 57553,
      "iodepth_level" : {
        "1" : 0.000000,
        "2" : 0.000000,
        "4" : 0.000000,
        "8" : 0.000000,
        "16" : 100.000000,
        "32" : 0.000000,
        ">=64" : 0.000000
      },
      "iodepth_submit" : {
        "0" : 0.000000,
        "4" : 100.000000,
        "8" : 0.000000,
        "16" : 0.000000,
        "32" : 0.000000,
        "64" : 0.000000,
        ">=64" : 0.000000
      },
      "iodepth_complete" : {
        "0" : 0.000000,
        "4" : 99.999579,
        "8" : 0.000000,
        "16" : 0.100000,
        "32" : 0.000000,
        "64" : 0.000000,
        ">=64" : 0.000000
      },
      "latency_ns" : {
        "2" : 0.000000,
        "4" : 0.000000,
        "10" : 0.000000,
        "20" : 0.000000,
        "50" : 0.000000,
        "100" : 0.000000,
        "250" : 0.000000,
        "500" : 0.000000,
        "750" : 0.000000,
        "1000" : 0.000000
      },
      "latency_us" : {
        "2" : 0.000000,
        "4" : 0.000000,
        "10" : 0.000000,
        "20" : 0.000000,
        "50" : 0.000000,
        "100" : 0.000000,
        "250" : 0.000000,
        "500" : 0.010000,
        "750" : 0.052901,
        "1000" : 0.122489
      },
      "latency_ms" : {
        "2" : 0.652948,
        "4" : 2.494620,
        "10" : 6.848545,
        "20" : 12.039256,
        "50" : 50.215776,
        "100" : 23.265624,
        "250" : 4.294971,
        "500" : 0.025398,
        "750" : 0.000000,
        "1000" : 0.000000,
        "2000" : 0.000000,
        ">=2000" : 0.000000
      },
      "latency_depth" : 16,
      "latency_target" : 0,
      "latency_percentile" : 100.000000,
      "latency_window" : 0
    }
  ],
  "disk_util" : [
    {
      "name" : "sda",
      "read_ios" : 1644,
      "write_ios" : 94111,
      "read_sectors" : 29640,
      "write_sectors" : 5136312,
      "read_merges" : 13,
      "write_merges" : 8373,
      "read_ticks" : 467,
      "write_ticks" : 34891,
      "in_queue" : 35422,
      "util" : 1.929453
    }
  ]
}
