{
  "fio version" : "fio-3.39-26-ga72fe",
  "timestamp" : 1750954386,
  "timestamp_ms" : 1750954386596,
  "time" : "Thu Jun 26 16:13:06 2025",
  "global options" : {
    "ioengine" : "rbd",
    "bs" : "64k",
    "rw" : "write",
    "direct" : "1",
    "runtime" : "5m",
    "time_based" : "",
    "group_reporting" : "",
    "ramp_time" : "30s",
    "thread" : "1",
    "iodepth" : "52",
    "clientname" : "admin",
    "pool" : "rbd"
  },
  "jobs" : [
    {
      "jobname" : "fio_test_0",
      "groupid" : 0,
      "job_start" : 1750954086067,
      "error" : 110,
      "eta" : 0,
      "elapsed" : 331,
      "job options" : {
        "max_latency" : "1s",
        "numjobs" : "1",
        "rbdname" : "fio_test_31"
      },
      "read" : {
        "io_bytes" : 0,
        "io_kbytes" : 0,
        "bw_bytes" : 0,
        "bw" : 0,
        "iops" : 0.000000,
        "runtime" : 0,
        "total_ios" : 0,
        "short_ios" : 0,
        "drop_ios" : 0,
        "slat_ns" : {
          "min" : 0,
          "max" : 0,
          "mean" : 0.000000,
          "stddev" : 0.000000,
          "N" : 0
        },
        "clat_ns" : {
          "min" : 0,
          "max" : 0,
          "mean" : 0.000000,
          "stddev" : 0.000000,
          "N" : 0
        },
        "lat_ns" : {
          "min" : 0,
          "max" : 0,
          "mean" : 0.000000,
          "stddev" : 0.000000,
          "N" : 0
        },
        "bw_min" : 0,
        "bw_max" : 0,
        "bw_agg" : 0.000000,
        "bw_mean" : 0.000000,
        "bw_dev" : 0.000000,
        "bw_samples" : 0,
        "iops_min" : 0,
        "iops_max" : 0,
        "iops_mean" : 0.000000,
        "iops_stddev" : 0.000000,
        "iops_samples" : 0
      },
      "write" : {
        "io_bytes" : 505208832000,
        "io_kbytes" : 493368000,
        "bw_bytes" : 1683288792,
        "bw" : 1643836,
        "iops" : 25679.511015,
        "runtime" : 300132,
        "total_ios" : 7707243,
        "short_ios" : 0,
        "drop_ios" : 0,
        "slat_ns" : {
          "min" : 5007,
          "max" : 639428,
          "mean" : 21621.405269,
          "stddev" : 6221.747401,
          "N" : 7707243
        },
        "clat_ns" : {
          "min" : 520932,
          "max" : 1565879774,
          "mean" : 63796846.642210,
          "stddev" : 64244269.244320,
          "N" : 7708875,
          "percentile" : {
            "1.000000" : 2179072,
            "5.000000" : 5537792,
            "10.000000" : 10027008,
            "20.000000" : 18743296,
            "30.000000" : 27131904,
            "40.000000" : 35913728,
            "50.000000" : 44826624,
            "60.000000" : 56360960,
            "70.000000" : 71827456,
            "80.000000" : 94896128,
            "90.000000" : 139460608,
            "95.000000" : 187695104,
            "99.000000" : 312475648,
            "99.500000" : 375390208,
            "99.900000" : 509607936,
            "99.950000" : 566231040,
            "99.990000" : 717225984
          }
        },
        "lat_ns" : {
          "min" : 528930,
          "max" : 1565898604,
          "mean" : 63818467.953489,
          "stddev" : 64245383.893580,
          "N" : 7708875
        },
        "bw_min" : 171528,
        "bw_max" : 3705564,
        "bw_agg" : 100.000000,
        "bw_mean" : 1669945.535589,
        "bw_dev" : 18288.989392,
        "bw_samples" : 18886,
        "iops_min" : 2680,
        "iops_max" : 57897,
        "iops_mean" : 26091.733826,
        "iops_stddev" : 285.763108,
        "iops_samples" : 18886
      },
      "trim" : {
        "io_bytes" : 0,
        "io_kbytes" : 0,
        "bw_bytes" : 0,
        "bw" : 0,
        "iops" : 0.000000,
        "runtime" : 0,
        "total_ios" : 0,
        "short_ios" : 0,
        "drop_ios" : 0,
        "slat_ns" : {
          "min" : 0,
          "max" : 0,
          "mean" : 0.000000,
          "stddev" : 0.000000,
          "N" : 0
        },
        "clat_ns" : {
          "min" : 0,
          "max" : 0,
          "mean" : 0.000000,
          "stddev" : 0.000000,
          "N" : 0
        },
        "lat_ns" : {
          "min" : 0,
          "max" : 0,
          "mean" : 0.000000,
          "stddev" : 0.000000,
          "N" : 0
        },
        "bw_min" : 0,
        "bw_max" : 0,
        "bw_agg" : 0.000000,
        "bw_mean" : 0.000000,
        "bw_dev" : 0.000000,
        "bw_samples" : 0,
        "iops_min" : 0,
        "iops_max" : 0,
        "iops_mean" : 0.000000,
        "iops_stddev" : 0.000000,
        "iops_samples" : 0
      },
      "sync" : {
        "total_ios" : 0,
        "lat_ns" : {
          "min" : 0,
          "max" : 0,
          "mean" : 0.000000,
          "stddev" : 0.000000,
          "N" : 0
        }
      },
      "job_runtime" : 9458546,
      "usr_cpu" : 1.964361,
      "sys_cpu" : 0.409767,
      "ctx" : 7292067,
      "majf" : 0,
      "minf" : 164086,
      "iodepth_level" : {
        "1" : 0.000000,
        "2" : 0.000000,
        "4" : 0.000000,
        "8" : 0.000000,
        "16" : 0.000000,
        "32" : 100.000000,
        ">=64" : 0.000000
      },
      "iodepth_submit" : {
        "0" : 0.000000,
        "4" : 100.000000,
        "8" : 0.000000,
        "16" : 0.000000,
        "32" : 0.000000,
        "64" : 0.000000,
        ">=64" : 0.000000
      },
      "iodepth_complete" : {
        "0" : 0.100000,
        "4" : 99.999766,
        "8" : 0.000000,
        "16" : 0.000000,
        "32" : 0.000000,
        "64" : 0.100000,
        ">=64" : 0.000000
      },
      "latency_ns" : {
        "2" : 0.000000,
        "4" : 0.000000,
        "10" : 0.000000,
        "20" : 0.000000,
        "50" : 0.000000,
        "100" : 0.000000,
        "250" : 0.000000,
        "500" : 0.000000,
        "750" : 0.000000,
        "1000" : 0.000000
      },
      "latency_us" : {
        "2" : 0.000000,
        "4" : 0.000000,
        "10" : 0.000000,
        "20" : 0.000000,
        "50" : 0.000000,
        "100" : 0.000000,
        "250" : 0.000000,
        "500" : 0.000000,
        "750" : 0.010000,
        "1000" : 0.033683
      },
      "latency_ms" : {
        "2" : 0.741108,
        "4" : 2.463086,
        "10" : 6.788238,
        "20" : 11.453395,
        "50" : 33.192116,
        "100" : 27.089168,
        "250" : 16.053925,
        "500" : 2.086479,
        "750" : 0.107924,
        "1000" : 0.010000,
        "2000" : 0.010000,
        ">=2000" : 0.000000
      },
      "latency_depth" : 52,
      "latency_target" : 0,
      "latency_percentile" : 100.000000,
      "latency_window" : 0
    }
  ],
  "disk_util" : [
    {
      "name" : "sda",
      "read_ios" : 2,
      "write_ios" : 4129,
      "read_sectors" : 16,
      "write_sectors" : 173784,
      "read_merges" : 0,
      "write_merges" : 5062,
      "read_ticks" : 1,
      "write_ticks" : 1727,
      "in_queue" : 1774,
      "util" : 0.122671
    }
  ]
}
