{
  "fio version" : "fio-3.39-26-ga72fe",
  "timestamp" : 1750952391,
  "timestamp_ms" : 1750952391567,
  "time" : "Thu Jun 26 15:39:51 2025",
  "global options" : {
    "ioengine" : "rbd",
    "bs" : "64k",
    "rw" : "write",
    "direct" : "1",
    "runtime" : "5m",
    "time_based" : "",
    "group_reporting" : "",
    "ramp_time" : "30s",
    "thread" : "1",
    "iodepth" : "32",
    "clientname" : "admin",
    "pool" : "rbd"
  },
  "jobs" : [
    {
      "jobname" : "fio_test_0",
      "groupid" : 0,
      "job_start" : 1750952091233,
      "error" : 0,
      "eta" : 0,
      "elapsed" : 331,
      "job options" : {
        "max_latency" : "1s",
        "numjobs" : "1",
        "rbdname" : "fio_test_31"
      },
      "read" : {
        "io_bytes" : 0,
        "io_kbytes" : 0,
        "bw_bytes" : 0,
        "bw" : 0,
        "iops" : 0.000000,
        "runtime" : 0,
        "total_ios" : 0,
        "short_ios" : 0,
        "drop_ios" : 0,
        "slat_ns" : {
          "min" : 0,
          "max" : 0,
          "mean" : 0.000000,
          "stddev" : 0.000000,
          "N" : 0
        },
        "clat_ns" : {
          "min" : 0,
          "max" : 0,
          "mean" : 0.000000,
          "stddev" : 0.000000,
          "N" : 0
        },
        "lat_ns" : {
          "min" : 0,
          "max" : 0,
          "mean" : 0.000000,
          "stddev" : 0.000000,
          "N" : 0
        },
        "bw_min" : 0,
        "bw_max" : 0,
        "bw_agg" : 0.000000,
        "bw_mean" : 0.000000,
        "bw_dev" : 0.000000,
        "bw_samples" : 0,
        "iops_min" : 0,
        "iops_max" : 0,
        "iops_mean" : 0.000000,
        "iops_stddev" : 0.000000,
        "iops_samples" : 0
      },
      "write" : {
        "io_bytes" : 293894684672,
        "io_kbytes" : 287006528,
        "bw_bytes" : 979325771,
        "bw" : 956372,
        "iops" : 14940.019793,
        "runtime" : 300099,
        "total_ios" : 4483485,
        "short_ios" : 0,
        "drop_ios" : 0,
        "slat_ns" : {
          "min" : 4731,
          "max" : 699894,
          "mean" : 25099.124959,
          "stddev" : 9363.978191,
          "N" : 4483485
        },
        "clat_ns" : {
          "min" : 520981,
          "max" : 755446762,
          "mean" : 68505376.437934,
          "stddev" : 59059238.221265,
          "N" : 4484477,
          "percentile" : {
            "1.000000" : 2506752,
            "5.000000" : 6455296,
            "10.000000" : 11993088,
            "20.000000" : 22937600,
            "30.000000" : 33423360,
            "40.000000" : 43778048,
            "50.000000" : 54788096,
            "60.000000" : 66322432,
            "70.000000" : 81264640,
            "80.000000" : 101187584,
            "90.000000" : 139460608,
            "95.000000" : 183500800,
            "99.000000" : 287309824,
            "99.500000" : 333447168,
            "99.900000" : 438304768,
            "99.950000" : 488636416,
            "99.990000" : 599785472
          }
        },
        "lat_ns" : {
          "min" : 538644,
          "max" : 755478409,
          "mean" : 68530475.822269,
          "stddev" : 59060572.793847,
          "N" : 4484477
        },
        "bw_min" : 124544,
        "bw_max" : 2034176,
        "bw_agg" : 100.000000,
        "bw_mean" : 957362.764608,
        "bw_dev" : 10549.888395,
        "bw_samples" : 19168,
        "iops_min" : 1946,
        "iops_max" : 31784,
        "iops_mean" : 14958.542571,
        "iops_stddev" : 164.842748,
        "iops_samples" : 19168
      },
      "trim" : {
        "io_bytes" : 0,
        "io_kbytes" : 0,
        "bw_bytes" : 0,
        "bw" : 0,
        "iops" : 0.000000,
        "runtime" : 0,
        "total_ios" : 0,
        "short_ios" : 0,
        "drop_ios" : 0,
        "slat_ns" : {
          "min" : 0,
          "max" : 0,
          "mean" : 0.000000,
          "stddev" : 0.000000,
          "N" : 0
        },
        "clat_ns" : {
          "min" : 0,
          "max" : 0,
          "mean" : 0.000000,
          "stddev" : 0.000000,
          "N" : 0
        },
        "lat_ns" : {
          "min" : 0,
          "max" : 0,
          "mean" : 0.000000,
          "stddev" : 0.000000,
          "N" : 0
        },
        "bw_min" : 0,
        "bw_max" : 0,
        "bw_agg" : 0.000000,
        "bw_mean" : 0.000000,
        "bw_dev" : 0.000000,
        "bw_samples" : 0,
        "iops_min" : 0,
        "iops_max" : 0,
        "iops_mean" : 0.000000,
        "iops_stddev" : 0.000000,
        "iops_samples" : 0
      },
      "sync" : {
        "total_ios" : 0,
        "lat_ns" : {
          "min" : 0,
          "max" : 0,
          "mean" : 0.000000,
          "stddev" : 0.000000,
          "N" : 0
        }
      },
      "job_runtime" : 9601772,
      "usr_cpu" : 1.363113,
      "sys_cpu" : 0.355424,
      "ctx" : 4272663,
      "majf" : 0,
      "minf" : 50076,
      "iodepth_level" : {
        "1" : 0.000000,
        "2" : 0.000000,
        "4" : 0.000000,
        "8" : 0.000000,
        "16" : 0.000000,
        "32" : 100.000000,
        ">=64" : 0.000000
      },
      "iodepth_submit" : {
        "0" : 0.000000,
        "4" : 100.000000,
        "8" : 0.000000,
        "16" : 0.000000,
        "32" : 0.000000,
        "64" : 0.000000,
        ">=64" : 0.000000
      },
      "iodepth_complete" : {
        "0" : 0.000000,
        "4" : 99.999643,
        "8" : 0.000000,
        "16" : 0.000000,
        "32" : 0.100000,
        "64" : 0.000000,
        ">=64" : 0.000000
      },
      "latency_ns" : {
        "2" : 0.000000,
        "4" : 0.000000,
        "10" : 0.000000,
        "20" : 0.000000,
        "50" : 0.000000,
        "100" : 0.000000,
        "250" : 0.000000,
        "500" : 0.000000,
        "750" : 0.000000,
        "1000" : 0.000000
      },
      "latency_us" : {
        "2" : 0.000000,
        "4" : 0.000000,
        "10" : 0.000000,
        "20" : 0.000000,
        "50" : 0.000000,
        "100" : 0.000000,
        "250" : 0.000000,
        "500" : 0.000000,
        "750" : 0.021970,
        "1000" : 0.084399
      },
      "latency_ms" : {
        "2" : 0.501284,
        "4" : 1.986557,
        "10" : 5.665504,
        "20" : 9.110948,
        "50" : 28.340253,
        "100" : 33.821436,
        "250" : 18.765737,
        "500" : 1.681125,
        "750" : 0.042779,
        "1000" : 0.010000,
        "2000" : 0.000000,
        ">=2000" : 0.000000
      },
      "latency_depth" : 32,
      "latency_target" : 0,
      "latency_percentile" : 100.000000,
      "latency_window" : 0
    }
  ],
  "disk_util" : [
    {
      "name" : "sda",
      "read_ios" : 281,
      "write_ios" : 4273,
      "read_sectors" : 6416,
      "write_sectors" : 141544,
      "read_merges" : 0,
      "write_merges" : 5149,
      "read_ticks" : 54,
      "write_ticks" : 1306,
      "in_queue" : 1404,
      "util" : 0.125193
    }
  ]
}
