{
  "fio version" : "fio-3.39-26-ga72fe",
  "timestamp" : 1750955384,
  "timestamp_ms" : 1750955384359,
  "time" : "Thu Jun 26 16:29:44 2025",
  "global options" : {
    "ioengine" : "rbd",
    "bs" : "64k",
    "rw" : "write",
    "direct" : "1",
    "runtime" : "5m",
    "time_based" : "",
    "group_reporting" : "",
    "ramp_time" : "30s",
    "thread" : "1",
    "iodepth" : "64",
    "clientname" : "admin",
    "pool" : "rbd"
  },
  "jobs" : [
    {
      "jobname" : "fio_test_0",
      "groupid" : 0,
      "job_start" : 1750955083931,
      "error" : 110,
      "eta" : 0,
      "elapsed" : 331,
      "job options" : {
        "max_latency" : "1s",
        "numjobs" : "1",
        "rbdname" : "fio_test_31"
      },
      "read" : {
        "io_bytes" : 0,
        "io_kbytes" : 0,
        "bw_bytes" : 0,
        "bw" : 0,
        "iops" : 0.000000,
        "runtime" : 0,
        "total_ios" : 0,
        "short_ios" : 0,
        "drop_ios" : 0,
        "slat_ns" : {
          "min" : 0,
          "max" : 0,
          "mean" : 0.000000,
          "stddev" : 0.000000,
          "N" : 0
        },
        "clat_ns" : {
          "min" : 0,
          "max" : 0,
          "mean" : 0.000000,
          "stddev" : 0.000000,
          "N" : 0
        },
        "lat_ns" : {
          "min" : 0,
          "max" : 0,
          "mean" : 0.000000,
          "stddev" : 0.000000,
          "N" : 0
        },
        "bw_min" : 0,
        "bw_max" : 0,
        "bw_agg" : 0.000000,
        "bw_mean" : 0.000000,
        "bw_dev" : 0.000000,
        "bw_samples" : 0,
        "iops_min" : 0,
        "iops_max" : 0,
        "iops_mean" : 0.000000,
        "iops_stddev" : 0.000000,
        "iops_samples" : 0
      },
      "write" : {
        "io_bytes" : 501895659520,
        "io_kbytes" : 490132480,
        "bw_bytes" : 1672383473,
        "bw" : 1633186,
        "iops" : 25511.825743,
        "runtime" : 300108,
        "total_ios" : 7656303,
        "short_ios" : 0,
        "drop_ios" : 0,
        "slat_ns" : {
          "min" : 5069,
          "max" : 1221917,
          "mean" : 20824.814390,
          "stddev" : 6289.122035,
          "N" : 7656304
        },
        "clat_ns" : {
          "min" : 509441,
          "max" : 1425765579,
          "mean" : 54651254.894462,
          "stddev" : 57512972.182271,
          "N" : 7658319,
          "percentile" : {
            "1.000000" : 1990656,
            "5.000000" : 4947968,
            "10.000000" : 8847360,
            "20.000000" : 16449536,
            "30.000000" : 23724032,
            "40.000000" : 30801920,
            "50.000000" : 38535168,
            "60.000000" : 47972352,
            "70.000000" : 60030976,
            "80.000000" : 79167488,
            "90.000000" : 116916224,
            "95.000000" : 160432128,
            "99.000000" : 278921216,
            "99.500000" : 337641472,
            "99.900000" : 492830720,
            "99.950000" : 583008256,
            "99.990000" : 926941184
          }
        },
        "lat_ns" : {
          "min" : 527078,
          "max" : 1425790657,
          "mean" : 54672080.498867,
          "stddev" : 57514076.238872,
          "N" : 7658319
        },
        "bw_min" : 273284,
        "bw_max" : 4517105,
        "bw_agg" : 100.000000,
        "bw_mean" : 2161794.600224,
        "bw_dev" : 25568.396954,
        "bw_samples" : 13035,
        "iops_min" : 4269,
        "iops_max" : 70575,
        "iops_mean" : 33775.261333,
        "iops_stddev" : 399.499584,
        "iops_samples" : 13035
      },
      "trim" : {
        "io_bytes" : 0,
        "io_kbytes" : 0,
        "bw_bytes" : 0,
        "bw" : 0,
        "iops" : 0.000000,
        "runtime" : 0,
        "total_ios" : 0,
        "short_ios" : 0,
        "drop_ios" : 0,
        "slat_ns" : {
          "min" : 0,
          "max" : 0,
          "mean" : 0.000000,
          "stddev" : 0.000000,
          "N" : 0
        },
        "clat_ns" : {
          "min" : 0,
          "max" : 0,
          "mean" : 0.000000,
          "stddev" : 0.000000,
          "N" : 0
        },
        "lat_ns" : {
          "min" : 0,
          "max" : 0,
          "mean" : 0.000000,
          "stddev" : 0.000000,
          "N" : 0
        },
        "bw_min" : 0,
        "bw_max" : 0,
        "bw_agg" : 0.000000,
        "bw_mean" : 0.000000,
        "bw_dev" : 0.000000,
        "bw_samples" : 0,
        "iops_min" : 0,
        "iops_max" : 0,
        "iops_mean" : 0.000000,
        "iops_stddev" : 0.000000,
        "iops_samples" : 0
      },
      "sync" : {
        "total_ios" : 0,
        "lat_ns" : {
          "min" : 0,
          "max" : 0,
          "mean" : 0.000000,
          "stddev" : 0.000000,
          "N" : 0
        }
      },
      "job_runtime" : 6538519,
      "usr_cpu" : 2.704129,
      "sys_cpu" : 0.573066,
      "ctx" : 7043872,
      "majf" : 0,
      "minf" : 82945,
      "iodepth_level" : {
        "1" : 0.000000,
        "2" : 0.000000,
        "4" : 0.000000,
        "8" : 0.000000,
        "16" : 0.000000,
        "32" : 0.000000,
        ">=64" : 100.000000
      },
      "iodepth_submit" : {
        "0" : 0.000000,
        "4" : 100.000000,
        "8" : 0.000000,
        "16" : 0.000000,
        "32" : 0.000000,
        "64" : 0.000000,
        ">=64" : 0.000000
      },
      "iodepth_complete" : {
        "0" : 0.100000,
        "4" : 99.999713,
        "8" : 0.000000,
        "16" : 0.000000,
        "32" : 0.000000,
        "64" : 0.100000,
        ">=64" : 0.000000
      },
      "latency_ns" : {
        "2" : 0.000000,
        "4" : 0.000000,
        "10" : 0.000000,
        "20" : 0.000000,
        "50" : 0.000000,
        "100" : 0.000000,
        "250" : 0.000000,
        "500" : 0.000000,
        "750" : 0.000000,
        "1000" : 0.000000
      },
      "latency_us" : {
        "2" : 0.000000,
        "4" : 0.000000,
        "10" : 0.000000,
        "20" : 0.000000,
        "50" : 0.000000,
        "100" : 0.000000,
        "250" : 0.000000,
        "500" : 0.000000,
        "750" : 0.010000,
        "1000" : 0.039719
      },
      "latency_ms" : {
        "2" : 0.966367,
        "4" : 2.756187,
        "10" : 7.719535,
        "20" : 13.338043,
        "50" : 37.299908,
        "100" : 24.531866,
        "250" : 11.911937,
        "500" : 1.365463,
        "750" : 0.075454,
        "1000" : 0.010109,
        "2000" : 0.010000,
        ">=2000" : 0.000000
      },
      "latency_depth" : 64,
      "latency_target" : 0,
      "latency_percentile" : 100.000000,
      "latency_window" : 0
    }
  ],
  "disk_util" : [
    {
      "name" : "sda",
      "read_ios" : 0,
      "write_ios" : 4144,
      "read_sectors" : 0,
      "write_sectors" : 173200,
      "read_merges" : 0,
      "write_merges" : 5146,
      "read_ticks" : 0,
      "write_ticks" : 1745,
      "in_queue" : 1792,
      "util" : 0.117528
    }
  ]
}
