{
  "fio version" : "fio-3.39-26-ga72fe",
  "timestamp" : 1750949399,
  "timestamp_ms" : 1750949399395,
  "time" : "Thu Jun 26 14:49:59 2025",
  "global options" : {
    "ioengine" : "rbd",
    "bs" : "64k",
    "rw" : "write",
    "direct" : "1",
    "runtime" : "5m",
    "time_based" : "",
    "group_reporting" : "",
    "ramp_time" : "30s",
    "thread" : "1",
    "iodepth" : "8",
    "clientname" : "admin",
    "pool" : "rbd"
  },
  "jobs" : [
    {
      "jobname" : "fio_test_0",
      "groupid" : 0,
      "job_start" : 1750949099194,
      "error" : 0,
      "eta" : 0,
      "elapsed" : 331,
      "job options" : {
        "max_latency" : "1s",
        "numjobs" : "1",
        "rbdname" : "fio_test_31"
      },
      "read" : {
        "io_bytes" : 0,
        "io_kbytes" : 0,
        "bw_bytes" : 0,
        "bw" : 0,
        "iops" : 0.000000,
        "runtime" : 0,
        "total_ios" : 0,
        "short_ios" : 0,
        "drop_ios" : 0,
        "slat_ns" : {
          "min" : 0,
          "max" : 0,
          "mean" : 0.000000,
          "stddev" : 0.000000,
          "N" : 0
        },
        "clat_ns" : {
          "min" : 0,
          "max" : 0,
          "mean" : 0.000000,
          "stddev" : 0.000000,
          "N" : 0
        },
        "lat_ns" : {
          "min" : 0,
          "max" : 0,
          "mean" : 0.000000,
          "stddev" : 0.000000,
          "N" : 0
        },
        "bw_min" : 0,
        "bw_max" : 0,
        "bw_agg" : 0.000000,
        "bw_mean" : 0.000000,
        "bw_dev" : 0.000000,
        "bw_samples" : 0,
        "iops_min" : 0,
        "iops_max" : 0,
        "iops_mean" : 0.000000,
        "iops_stddev" : 0.000000,
        "iops_samples" : 0
      },
      "write" : {
        "io_bytes" : 252604514304,
        "io_kbytes" : 246684096,
        "bw_bytes" : 841939273,
        "bw" : 822206,
        "iops" : 12846.227173,
        "runtime" : 300027,
        "total_ios" : 3854215,
        "short_ios" : 0,
        "drop_ios" : 0,
        "slat_ns" : {
          "min" : 4920,
          "max" : 1780087,
          "mean" : 20184.612196,
          "stddev" : 9490.423244,
          "N" : 3854215
        },
        "clat_ns" : {
          "min" : 463885,
          "max" : 308766586,
          "mean" : 19904392.364936,
          "stddev" : 13429686.277228,
          "N" : 3854439,
          "percentile" : {
            "1.000000" : 1957888,
            "5.000000" : 4620288,
            "10.000000" : 7241728,
            "20.000000" : 10158080,
            "30.000000" : 12255232,
            "40.000000" : 14352384,
            "50.000000" : 16908288,
            "60.000000" : 19791872,
            "70.000000" : 23199744,
            "80.000000" : 27656192,
            "90.000000" : 35389440,
            "95.000000" : 45350912,
            "99.000000" : 66846720,
            "99.500000" : 77070336,
            "99.900000" : 107479040,
            "99.950000" : 126353408,
            "99.990000" : 177209344
          }
        },
        "lat_ns" : {
          "min" : 481427,
          "max" : 308786056,
          "mean" : 19924577.010935,
          "stddev" : 13431122.493426,
          "N" : 3854439
        },
        "bw_min" : 174611,
        "bw_max" : 1694809,
        "bw_agg" : 100.000000,
        "bw_mean" : 822681.103336,
        "bw_dev" : 8030.489342,
        "bw_samples" : 19174,
        "iops_min" : 2728,
        "iops_max" : 26480,
        "iops_mean" : 12853.219444,
        "iops_stddev" : 125.478908,
        "iops_samples" : 19174
      },
      "trim" : {
        "io_bytes" : 0,
        "io_kbytes" : 0,
        "bw_bytes" : 0,
        "bw" : 0,
        "iops" : 0.000000,
        "runtime" : 0,
        "total_ios" : 0,
        "short_ios" : 0,
        "drop_ios" : 0,
        "slat_ns" : {
          "min" : 0,
          "max" : 0,
          "mean" : 0.000000,
          "stddev" : 0.000000,
          "N" : 0
        },
        "clat_ns" : {
          "min" : 0,
          "max" : 0,
          "mean" : 0.000000,
          "stddev" : 0.000000,
          "N" : 0
        },
        "lat_ns" : {
          "min" : 0,
          "max" : 0,
          "mean" : 0.000000,
          "stddev" : 0.000000,
          "N" : 0
        },
        "bw_min" : 0,
        "bw_max" : 0,
        "bw_agg" : 0.000000,
        "bw_mean" : 0.000000,
        "bw_dev" : 0.000000,
        "bw_samples" : 0,
        "iops_min" : 0,
        "iops_max" : 0,
        "iops_mean" : 0.000000,
        "iops_stddev" : 0.000000,
        "iops_samples" : 0
      },
      "sync" : {
        "total_ios" : 0,
        "lat_ns" : {
          "min" : 0,
          "max" : 0,
          "mean" : 0.000000,
          "stddev" : 0.000000,
          "N" : 0
        }
      },
      "job_runtime" : 9600605,
      "usr_cpu" : 0.990948,
      "sys_cpu" : 0.338114,
      "ctx" : 3794427,
      "majf" : 0,
      "minf" : 33034,
      "iodepth_level" : {
        "1" : 0.000000,
        "2" : 0.000000,
        "4" : 0.000000,
        "8" : 100.000000,
        "16" : 0.000000,
        "32" : 0.000000,
        ">=64" : 0.000000
      },
      "iodepth_submit" : {
        "0" : 0.000000,
        "4" : 100.000000,
        "8" : 0.000000,
        "16" : 0.000000,
        "32" : 0.000000,
        "64" : 0.000000,
        ">=64" : 0.000000
      },
      "iodepth_complete" : {
        "0" : 0.000000,
        "4" : 99.999585,
        "8" : 0.100000,
        "16" : 0.000000,
        "32" : 0.000000,
        "64" : 0.000000,
        ">=64" : 0.000000
      },
      "latency_ns" : {
        "2" : 0.000000,
        "4" : 0.000000,
        "10" : 0.000000,
        "20" : 0.000000,
        "50" : 0.000000,
        "100" : 0.000000,
        "250" : 0.000000,
        "500" : 0.000000,
        "750" : 0.000000,
        "1000" : 0.000000
      },
      "latency_us" : {
        "2" : 0.000000,
        "4" : 0.000000,
        "10" : 0.000000,
        "20" : 0.000000,
        "50" : 0.000000,
        "100" : 0.000000,
        "250" : 0.000000,
        "500" : 0.010000,
        "750" : 0.049037,
        "1000" : 0.142727
      },
      "latency_ms" : {
        "2" : 0.858826,
        "4" : 3.053281,
        "10" : 15.436632,
        "20" : 41.302678,
        "50" : 35.646299,
        "100" : 3.370258,
        "250" : 0.143609,
        "500" : 0.010000,
        "750" : 0.000000,
        "1000" : 0.000000,
        "2000" : 0.000000,
        ">=2000" : 0.000000
      },
      "latency_depth" : 8,
      "latency_target" : 0,
      "latency_percentile" : 100.000000,
      "latency_window" : 0
    }
  ],
  "disk_util" : [
    {
      "name" : "sda",
      "read_ios" : 6,
      "write_ios" : 4237,
      "read_sectors" : 48,
      "write_sectors" : 128248,
      "read_merges" : 0,
      "write_merges" : 5155,
      "read_ticks" : 1,
      "write_ticks" : 1093,
      "in_queue" : 1138,
      "util" : 0.114883
    }
  ]
}
