{
    "iodepth": [
        "1",
        "2",
        "4",
        "8",
        "16",
        "24",
        "32",
        "40",
        "52",
        "64"
    ],
    "bw": [
        832.978,
        472.061,
        394.201,
        449.064,
        913.315,
        67.983,
        973.349,
        1029.14,
        980.824,
        1035.249
    ],
    "total_ios": [
        3904640,
        736611,
        525293,
        703271,
        4281345,
        73479,
        4562861,
        4824616,
        4598264,
        4853402
    ],
    "clat_ms": [
        2.44468063053,
        8.646163608425,
        20.759374313431,
        36.445580387478,
        35.834550911708,
        719.532651070067,
        67.227739409503,
        70.17444640751401,
        93.32969235707401,
        92.569626648298
    ],
    "clat_stdev": [
        1.636997752732,
        555.638747984577,
        870.157072798054,
        1079.491015271354,
        24.599307936641,
        6760.881362816868,
        57.372689265306,
        61.395093728923996,
        85.903313931207,
        86.69559529838901
    ],
    "usr_cpu": [
        0.632488,
        0.300813,
        0.335799,
        0.470996,
        1.212876,
        0.075707,
        1.326691,
        1.539281,
        1.552548,
        1.884649
    ],
    "sys_cpu": [
        0.235958,
        0.111696,
        0.129131,
        0.156801,
        0.337393,
        0.025411,
        0.330598,
        0.375802,
        0.376641,
        0.454519
    ],
    "OSD_cpu": [
        0.0,
        0.0,
        0.0,
        0.0,
        0.0,
        0.0,
        0.0,
        0.0,
        0.0,
        0.0
    ],
    "OSD_mem": [
        0.0,
        0.0,
        0.0,
        0.0,
        0.0,
        0.0,
        0.0,
        0.0,
        0.0,
        0.0
    ],
    "FIO_cpu": [
        146.8766666666651,
        95.74666666666597,
        89.03666666666656,
        122.60000000000034,
        219.61666666666844,
        23.656666666666634,
        226.59666666666848,
        219.02333333333567,
        222.72666666666885,
        241.43333333333592
    ],
    "FIO_mem": [
        40.49999999999968,
        43.49999999999695,
        43.49999999999695,
        43.49999999999695,
        51.00000000000377,
        39.0000000000011,
        57.00000000001067,
        48.96000000000697,
        51.02666666667601,
        51.19333333334271
    ]
}