{
  "fio version" : "fio-3.39-26-ga72fe",
  "timestamp" : 1755302573,
  "timestamp_ms" : 1755302573287,
  "time" : "Sat Aug 16 00:02:53 2025",
  "global options" : {
    "write_iops_log" : "sea_1osd_1reactor_32fio_bal_osd_rc_1procs_randread_zoned",
    "write_bw_log" : "sea_1osd_1reactor_32fio_bal_osd_rc_1procs_randread_zoned",
    "write_lat_log" : "sea_1osd_1reactor_32fio_bal_osd_rc_1procs_randread_zoned",
    "write_hist_log" : "sea_1osd_1reactor_32fio_bal_osd_rc_1procs_randread_zoned",
    "ioengine" : "rbd",
    "bs" : "4k",
    "rw" : "randread",
    "random_distribution" : "zoned:60/10:30/20:8/30:2/40",
    "direct" : "1",
    "runtime" : "5m",
    "time_based" : "",
    "group_reporting" : "",
    "numjobs" : "1",
    "ramp_time" : "30s",
    "thread" : "1",
    "iodepth" : "52",
    "clientname" : "admin",
    "pool" : "rbd"
  },
  "jobs" : [
    {
      "jobname" : "fio_test_0",
      "groupid" : 0,
      "job_start" : 1755302259288,
      "error" : 0,
      "eta" : 0,
      "elapsed" : 345,
      "job options" : {
        "max_latency" : "1s",
        "rbdname" : "fio_test_0"
      },
      "read" : {
        "io_bytes" : 34020114432,
        "io_kbytes" : 33222768,
        "bw_bytes" : 113399625,
        "bw" : 110741,
        "iops" : 27685.285431,
        "runtime" : 300002,
        "total_ios" : 8305641,
        "short_ios" : 0,
        "drop_ios" : 0,
        "slat_ns" : {
          "min" : 332,
          "max" : 105433,
          "mean" : 2403.203839,
          "stddev" : 1658.226377,
          "N" : 8305641
        },
        "clat_ns" : {
          "min" : 178748,
          "max" : 8417117,
          "mean" : 1872697.195898,
          "stddev" : 591314.558646,
          "N" : 8305692,
          "percentile" : {
            "1.000000" : 806912,
            "5.000000" : 995328,
            "10.000000" : 1089536,
            "20.000000" : 1302528,
            "30.000000" : 1466368,
            "40.000000" : 1630208,
            "50.000000" : 1892352,
            "60.000000" : 2072576,
            "70.000000" : 2244608,
            "80.000000" : 2408448,
            "90.000000" : 2637824,
            "95.000000" : 2801664,
            "99.000000" : 3194880,
            "99.500000" : 3424256,
            "99.900000" : 4079616,
            "99.950000" : 4423680,
            "99.990000" : 5275648
          }
        },
        "lat_ns" : {
          "min" : 179796,
          "max" : 8419323,
          "mean" : 1875100.394696,
          "stddev" : 591217.217223,
          "N" : 8305692
        },
        "bw_min" : 486,
        "bw_max" : 22914,
        "bw_agg" : 2.208741,
        "bw_mean" : 2446.216718,
        "bw_dev" : 891.401442,
        "bw_samples" : 8305692,
        "iops_min" : 1,
        "iops_max" : 1,
        "iops_mean" : 1.000000,
        "iops_stddev" : 0.000000,
        "iops_samples" : 8305692
      },
      "write" : {
        "io_bytes" : 0,
        "io_kbytes" : 0,
        "bw_bytes" : 0,
        "bw" : 0,
        "iops" : 0.000000,
        "runtime" : 0,
        "total_ios" : 0,
        "short_ios" : 0,
        "drop_ios" : 0,
        "slat_ns" : {
          "min" : 0,
          "max" : 0,
          "mean" : 0.000000,
          "stddev" : 0.000000,
          "N" : 0
        },
        "clat_ns" : {
          "min" : 0,
          "max" : 0,
          "mean" : 0.000000,
          "stddev" : 0.000000,
          "N" : 0
        },
        "lat_ns" : {
          "min" : 0,
          "max" : 0,
          "mean" : 0.000000,
          "stddev" : 0.000000,
          "N" : 0
        },
        "bw_min" : 0,
        "bw_max" : 0,
        "bw_agg" : 0.000000,
        "bw_mean" : 0.000000,
        "bw_dev" : 0.000000,
        "bw_samples" : 0,
        "iops_min" : 0,
        "iops_max" : 0,
        "iops_mean" : 0.000000,
        "iops_stddev" : 0.000000,
        "iops_samples" : 0
      },
      "trim" : {
        "io_bytes" : 0,
        "io_kbytes" : 0,
        "bw_bytes" : 0,
        "bw" : 0,
        "iops" : 0.000000,
        "runtime" : 0,
        "total_ios" : 0,
        "short_ios" : 0,
        "drop_ios" : 0,
        "slat_ns" : {
          "min" : 0,
          "max" : 0,
          "mean" : 0.000000,
          "stddev" : 0.000000,
          "N" : 0
        },
        "clat_ns" : {
          "min" : 0,
          "max" : 0,
          "mean" : 0.000000,
          "stddev" : 0.000000,
          "N" : 0
        },
        "lat_ns" : {
          "min" : 0,
          "max" : 0,
          "mean" : 0.000000,
          "stddev" : 0.000000,
          "N" : 0
        },
        "bw_min" : 0,
        "bw_max" : 0,
        "bw_agg" : 0.000000,
        "bw_mean" : 0.000000,
        "bw_dev" : 0.000000,
        "bw_samples" : 0,
        "iops_min" : 0,
        "iops_max" : 0,
        "iops_mean" : 0.000000,
        "iops_stddev" : 0.000000,
        "iops_samples" : 0
      },
      "sync" : {
        "total_ios" : 0,
        "lat_ns" : {
          "min" : 0,
          "max" : 0,
          "mean" : 0.000000,
          "stddev" : 0.000000,
          "N" : 0
        }
      },
      "job_runtime" : 300001,
      "usr_cpu" : 12.249293,
      "sys_cpu" : 8.472638,
      "ctx" : 4077467,
      "majf" : 0,
      "minf" : 11960,
      "iodepth_level" : {
        "1" : 0.100000,
        "2" : 0.100000,
        "4" : 0.100000,
        "8" : 0.100000,
        "16" : 0.100000,
        "32" : 99.994028,
        ">=64" : 0.000000
      },
      "iodepth_submit" : {
        "0" : 0.000000,
        "4" : 100.000000,
        "8" : 0.000000,
        "16" : 0.000000,
        "32" : 0.000000,
        "64" : 0.000000,
        ">=64" : 0.000000
      },
      "iodepth_complete" : {
        "0" : 0.000000,
        "4" : 99.999994,
        "8" : 0.000000,
        "16" : 0.000000,
        "32" : 0.000000,
        "64" : 0.100000,
        ">=64" : 0.000000
      },
      "latency_ns" : {
        "2" : 0.000000,
        "4" : 0.000000,
        "10" : 0.000000,
        "20" : 0.000000,
        "50" : 0.000000,
        "100" : 0.000000,
        "250" : 0.000000,
        "500" : 0.000000,
        "750" : 0.000000,
        "1000" : 0.000000
      },
      "latency_us" : {
        "2" : 0.000000,
        "4" : 0.000000,
        "10" : 0.000000,
        "20" : 0.000000,
        "50" : 0.000000,
        "100" : 0.000000,
        "250" : 0.010000,
        "500" : 0.039792,
        "750" : 0.577150,
        "1000" : 4.635596
      },
      "latency_ms" : {
        "2" : 50.789795,
        "4" : 43.837700,
        "10" : 0.120436,
        "20" : 0.000000,
        "50" : 0.000000,
        "100" : 0.000000,
        "250" : 0.000000,
        "500" : 0.000000,
        "750" : 0.000000,
        "1000" : 0.000000,
        "2000" : 0.000000,
        ">=2000" : 0.000000
      },
      "latency_depth" : 52,
      "latency_target" : 0,
      "latency_percentile" : 100.000000,
      "latency_window" : 0
    }
  ],
  "disk_util" : [
    {
      "name" : "sda",
      "read_ios" : 0,
      "write_ios" : 5827,
      "read_sectors" : 0,
      "write_sectors" : 3367656,
      "read_merges" : 0,
      "write_merges" : 5780,
      "read_ticks" : 0,
      "write_ticks" : 20375,
      "in_queue" : 20464,
      "util" : 0.997870
    }
  ]
}
