{
    "iodepth": [
        "1",
        "2",
        "4",
        "8",
        "16",
        "24",
        "32",
        "40",
        "52",
        "64"
    ],
    "iops": [
        5757.474142,
        10433.651888,
        14707.787641,
        18018.513272,
        21547.774841,
        23802.593991,
        25133.412889,
        25612.132586,
        27685.285431,
        26213.628576
    ],
    "total_ios": [
        1727248,
        3130106,
        4412351,
        5405572,
        6464354,
        7140802,
        7540049,
        7683691,
        8305641,
        7864141
    ],
    "clat_ms": [
        0.168922027681,
        0.18724762182100002,
        0.267759104006,
        0.439706632146,
        0.737994653545,
        1.003650063766,
        1.268272901395,
        1.556315632533,
        1.8726971958979999,
        2.4348815705530003
    ],
    "clat_stdev": [
        0.031078936507999998,
        0.043347895316,
        0.079917330596,
        0.15760179556200002,
        0.270185729616,
        0.351525864996,
        0.40976773878999995,
        0.499469289933,
        0.591314558646,
        0.635390979065
    ],
    "usr_cpu": [
        3.171333,
        5.146,
        6.719667,
        8.592,
        10.307,
        11.244667,
        11.448,
        12.191626,
        12.249293,
        12.405959
    ],
    "sys_cpu": [
        3.465333,
        5.383,
        6.557333,
        7.183667,
        8.023333,
        8.158333,
        8.320667,
        8.391639,
        8.472638,
        7.960307
    ],
    "OSD_cpu": [
        151.39333333333337,
        178.17999999999995,
        185.7466666666666,
        185.05666666666664,
        185.91333333333333,
        187.60999999999999,
        188.34666666666666,
        188.40333333333328,
        191.69333333333327,
        188.17000000000002
    ],
    "OSD_mem": [
        8.65,
        9.0,
        9.0,
        9.0,
        9.0,
        9.0,
        9.0,
        9.0,
        9.0,
        9.0
    ],
    "FIO_cpu": [
        49.01666666666664,
        79.85666666666664,
        95.67333333333339,
        105.94333333333341,
        119.86000000000003,
        124.05666666666671,
        126.07333333333331,
        126.82666666666668,
        128.95333333333332,
        126.09333333333343
    ],
    "FIO_mem": [
        0.10666666666666672,
        0.8533333333333365,
        1.120000000000007,
        1.226666666666675,
        1.3333333333333433,
        1.6000000000000136,
        1.6533333333333478,
        1.7066666666666819,
        1.8666666666666842,
        1.7066666666666819
    ]
}