{
    "MSGR": {
        "perf-crimson-ms": {
            "cpu": [
                99.9,
                98.0,
                97.0,
                98.3,
                97.0,
                98.0,
                97.7,
                97.7,
                98.0,
                97.3,
                97.7,
                97.3,
                98.0,
                97.3,
                98.0,
                97.3,
                98.0,
                97.3,
                97.7,
                98.0,
                97.3
            ],
            "mem": [
                0.8,
                0.8,
                0.8,
                0.8,
                0.8,
                0.8,
                0.8,
                0.8,
                0.8,
                0.8,
                0.8,
                0.8,
                0.8,
                0.8,
                0.8,
                0.8,
                0.8,
                0.8,
                0.8,
                0.8,
                0.8
            ]
        },
        "reactor": {
            "cpu": [
                586.2,
                683.5,
                683.3999999999999,
                683.8,
                682.9999999999999,
                684.8000000000001,
                682.6999999999999,
                684.6999999999999,
                684.8000000000001,
                682.3,
                684.8000000000001,
                681.6,
                685.7,
                682.3,
                683.8,
                683.8,
                684.5,
                682.6999999999999,
                684.0999999999999,
                685.7,
                680.9000000000001
            ],
            "mem": [
                11.200000000000001,
                12.000000000000002,
                12.000000000000002,
                12.000000000000002,
                12.000000000000002,
                12.000000000000002,
                12.000000000000002,
                12.000000000000002,
                12.000000000000002,
                12.000000000000002,
                12.000000000000002,
                12.000000000000002,
                12.000000000000002,
                12.000000000000002,
                12.000000000000002,
                12.000000000000002,
                12.000000000000002,
                12.000000000000002,
                12.000000000000002,
                12.000000000000002,
                12.000000000000002
            ]
        }
    }
}