{
  "fio version" : "fio-3.39-26-ga72fe",
  "timestamp" : 1747162073,
  "timestamp_ms" : 1747162073878,
  "time" : "Tue May 13 18:47:53 2025",
  "global options" : {
    "write_iops_log" : "sea_1osd_56reactor_32fio_bal_osd_rc_1procs_seqread",
    "write_bw_log" : "sea_1osd_56reactor_32fio_bal_osd_rc_1procs_seqread",
    "write_lat_log" : "sea_1osd_56reactor_32fio_bal_osd_rc_1procs_seqread",
    "ioengine" : "rbd",
    "bs" : "64k",
    "rw" : "read",
    "direct" : "1",
    "runtime" : "5m",
    "time_based" : "",
    "group_reporting" : "",
    "ramp_time" : "30s",
    "thread" : "1",
    "iodepth" : "24",
    "clientname" : "admin",
    "pool" : "rbd"
  },
  "jobs" : [
    {
      "jobname" : "fio_test_0",
      "groupid" : 0,
      "job_start" : 1747161917876,
      "error" : 110,
      "eta" : 0,
      "elapsed" : 187,
      "job options" : {
        "max_latency" : "1s",
        "numjobs" : "1",
        "rbdname" : "fio_test_31"
      },
      "read" : {
        "io_bytes" : 194564915200,
        "io_kbytes" : 190004800,
        "bw_bytes" : 1253744934,
        "bw" : 1224360,
        "iops" : 19125.886833,
        "runtime" : 155187,
        "total_ios" : 2968089,
        "short_ios" : 0,
        "drop_ios" : 0,
        "slat_ns" : {
          "min" : 396,
          "max" : 87053,
          "mean" : 3526.126460,
          "stddev" : 2314.668503,
          "N" : 2968089
        },
        "clat_ns" : {
          "min" : 488539,
          "max" : 46548513495,
          "mean" : 40029441.161005,
          "stddev" : 713623833.520187,
          "N" : 2968825,
          "percentile" : {
            "1.000000" : 1302528,
            "5.000000" : 3031040,
            "10.000000" : 4554752,
            "20.000000" : 7897088,
            "30.000000" : 11468800,
            "40.000000" : 15007744,
            "50.000000" : 19791872,
            "60.000000" : 25296896,
            "70.000000" : 34865152,
            "80.000000" : 47972352,
            "90.000000" : 64749568,
            "95.000000" : 78118912,
            "99.000000" : 117964800,
            "99.500000" : 139460608,
            "99.900000" : 193986560,
            "99.950000" : 221249536,
            "99.990000" : 17112760320
          }
        },
        "lat_ns" : {
          "min" : 490180,
          "max" : 46548516223,
          "mean" : 40032967.821846,
          "stddev" : 713623855.410648,
          "N" : 2968825
        },
        "bw_min" : 32,
        "bw_max" : 3468600,
        "bw_agg" : 16.267434,
        "bw_mean" : 199172.211771,
        "bw_dev" : 8959.192138,
        "bw_samples" : 2968825,
        "iops_min" : 32,
        "iops_max" : 32,
        "iops_mean" : 32.000000,
        "iops_stddev" : 0.000000,
        "iops_samples" : 2968825
      },
      "write" : {
        "io_bytes" : 0,
        "io_kbytes" : 0,
        "bw_bytes" : 0,
        "bw" : 0,
        "iops" : 0.000000,
        "runtime" : 0,
        "total_ios" : 0,
        "short_ios" : 0,
        "drop_ios" : 0,
        "slat_ns" : {
          "min" : 0,
          "max" : 0,
          "mean" : 0.000000,
          "stddev" : 0.000000,
          "N" : 0
        },
        "clat_ns" : {
          "min" : 0,
          "max" : 0,
          "mean" : 0.000000,
          "stddev" : 0.000000,
          "N" : 0
        },
        "lat_ns" : {
          "min" : 0,
          "max" : 0,
          "mean" : 0.000000,
          "stddev" : 0.000000,
          "N" : 0
        },
        "bw_min" : 0,
        "bw_max" : 0,
        "bw_agg" : 0.000000,
        "bw_mean" : 0.000000,
        "bw_dev" : 0.000000,
        "bw_samples" : 0,
        "iops_min" : 0,
        "iops_max" : 0,
        "iops_mean" : 0.000000,
        "iops_stddev" : 0.000000,
        "iops_samples" : 0
      },
      "trim" : {
        "io_bytes" : 0,
        "io_kbytes" : 0,
        "bw_bytes" : 0,
        "bw" : 0,
        "iops" : 0.000000,
        "runtime" : 0,
        "total_ios" : 0,
        "short_ios" : 0,
        "drop_ios" : 0,
        "slat_ns" : {
          "min" : 0,
          "max" : 0,
          "mean" : 0.000000,
          "stddev" : 0.000000,
          "N" : 0
        },
        "clat_ns" : {
          "min" : 0,
          "max" : 0,
          "mean" : 0.000000,
          "stddev" : 0.000000,
          "N" : 0
        },
        "lat_ns" : {
          "min" : 0,
          "max" : 0,
          "mean" : 0.000000,
          "stddev" : 0.000000,
          "N" : 0
        },
        "bw_min" : 0,
        "bw_max" : 0,
        "bw_agg" : 0.000000,
        "bw_mean" : 0.000000,
        "bw_dev" : 0.000000,
        "bw_samples" : 0,
        "iops_min" : 0,
        "iops_max" : 0,
        "iops_mean" : 0.000000,
        "iops_stddev" : 0.000000,
        "iops_samples" : 0
      },
      "sync" : {
        "total_ios" : 0,
        "lat_ns" : {
          "min" : 0,
          "max" : 0,
          "mean" : 0.000000,
          "stddev" : 0.000000,
          "N" : 0
        }
      },
      "job_runtime" : 4956744,
      "usr_cpu" : 0.360660,
      "sys_cpu" : 0.304837,
      "ctx" : 2964247,
      "majf" : 0,
      "minf" : 224470,
      "iodepth_level" : {
        "1" : 0.100000,
        "2" : 0.100000,
        "4" : 0.100000,
        "8" : 0.100000,
        "16" : 99.902968,
        "32" : 0.000000,
        ">=64" : 0.000000
      },
      "iodepth_submit" : {
        "0" : 0.000000,
        "4" : 100.000000,
        "8" : 0.000000,
        "16" : 0.000000,
        "32" : 0.000000,
        "64" : 0.000000,
        ">=64" : 0.000000
      },
      "iodepth_complete" : {
        "0" : 0.100000,
        "4" : 99.998922,
        "8" : 0.000000,
        "16" : 0.000000,
        "32" : 0.100000,
        "64" : 0.000000,
        ">=64" : 0.000000
      },
      "latency_ns" : {
        "2" : 0.000000,
        "4" : 0.000000,
        "10" : 0.000000,
        "20" : 0.000000,
        "50" : 0.000000,
        "100" : 0.000000,
        "250" : 0.000000,
        "500" : 0.000000,
        "750" : 0.000000,
        "1000" : 0.000000
      },
      "latency_us" : {
        "2" : 0.000000,
        "4" : 0.000000,
        "10" : 0.000000,
        "20" : 0.000000,
        "50" : 0.000000,
        "100" : 0.000000,
        "250" : 0.000000,
        "500" : 0.010000,
        "750" : 0.077255,
        "1000" : 0.316769
      },
      "latency_ms" : {
        "2" : 1.776497,
        "4" : 5.763304,
        "10" : 18.214447,
        "20" : 24.154835,
        "50" : 30.853354,
        "100" : 16.920045,
        "250" : 1.910994,
        "500" : 0.010000,
        "750" : 0.010000,
        "1000" : 0.000000,
        "2000" : 0.000000,
        ">=2000" : 0.025875
      },
      "latency_depth" : 24,
      "latency_target" : 0,
      "latency_percentile" : 100.000000,
      "latency_window" : 0
    }
  ],
  "disk_util" : [
    {
      "name" : "sda",
      "read_ios" : 8,
      "write_ios" : 3524,
      "read_sectors" : 80,
      "write_sectors" : 1058376,
      "read_merges" : 0,
      "write_merges" : 3551,
      "read_ticks" : 4,
      "write_ticks" : 7469,
      "in_queue" : 7498,
      "util" : 0.622863
    }
  ]
}
