{
    "iodepth": [
        "1",
        "2",
        "4",
        "8",
        "16",
        "24",
        "32",
        "40",
        "52",
        "64"
    ],
    "iops": [
        2494.97835,
        4010.566631,
        5567.664774,
        6729.378471,
        7092.759382,
        6637.735698,
        6297.451076,
        5871.784879,
        5607.432987,
        5551.469623
    ],
    "total_ios": [
        748496,
        1203174,
        1670305,
        2018827,
        2127842,
        1991407,
        1889292,
        75335,
        198105,
        169231
    ],
    "clat_ms": [
        0.393096812691,
        0.49044583978,
        0.7111752342450001,
        1.18148057769,
        2.2479684487780003,
        3.6074911981890003,
        5.072015047299001,
        6.7809522111069995,
        9.262390032762001,
        11.514256950412
    ],
    "clat_stdev": [
        0.176758161723,
        0.302894646198,
        0.519952018121,
        1.068677933699,
        3.19405970693,
        7.240619958575,
        12.622343853747001,
        20.27065049896,
        27.813820283955,
        36.933420795455
    ],
    "usr_cpu": [
        2.167333,
        3.693,
        4.411,
        5.207649,
        5.341649,
        5.101796,
        4.928202,
        4.36511,
        4.472373,
        4.212184
    ],
    "sys_cpu": [
        1.87,
        2.832333,
        3.394,
        3.645321,
        3.498655,
        3.24387,
        3.194581,
        2.564502,
        2.587183,
        2.834367
    ],
    "OSD_cpu": [
        181.50666666666666,
        231.6699999999999,
        274.51333333333343,
        307.1933333333331,
        327.2866666666668,
        324.3933333333331,
        26.676666666666637,
        310.70999999999987,
        324.1099999999999,
        164.85666666666674,
        2.186666666666666,
        18.473333333333326,
        300.12000000000006,
        12.29333333333334,
        95.51666666666682,
        2.339999999999999,
        83.33000000000017,
        79.6000000000001
    ],
    "OSD_mem": [
        12.759999999999982,
        15.560000000000091,
        15.600000000000092,
        15.600000000000092,
        15.600000000000092,
        15.600000000000092,
        15.600000000000092,
        15.600000000000092,
        15.600000000000092,
        15.600000000000092,
        15.600000000000092,
        15.600000000000092,
        15.600000000000092,
        15.600000000000092,
        15.600000000000092,
        15.600000000000092,
        15.600000000000092,
        15.600000000000092
    ],
    "FIO_cpu": [
        26.79666666666667,
        40.746666666666634,
        50.7833333333333,
        56.37999999999998,
        56.416666666666615,
        53.80666666666662,
        2.6566666666666667,
        49.61333333333326,
        51.82666666666664,
        25.42666666666667,
        0.0,
        1.3366666666666667,
        46.74999999999995,
        1.5666666666666667,
        13.606666666666671,
        0.0,
        11.81333333333334,
        10.726666666666667
    ],
    "FIO_mem": [
        0.0,
        0.0,
        0.053333333333333344,
        0.3733333333333325,
        0.4799999999999988,
        0.3733333333333325,
        0.053333333333333344,
        0.2133333333333331,
        0.2666666666666663,
        0.053333333333333344,
        0.0,
        0.0,
        0.053333333333333344,
        0.053333333333333344,
        0.0,
        0.0,
        0.0,
        0.0
    ]
}