{
    "iodepth": [
        "1",
        "2",
        "4",
        "8",
        "16",
        "24",
        "32",
        "40",
        "52",
        "64"
    ],
    "iops": [
        2321.142263,
        3408.251972,
        4224.91925,
        4768.430772,
        4789.623506,
        4450.52066,
        4149.692675,
        3959.355347,
        3801.100764,
        3542.593035
    ],
    "total_ios": [
        696345,
        1022479,
        1267480,
        1430534,
        1436911,
        1335174,
        1244941,
        1029373,
        309402,
        44456
    ],
    "clat_ms": [
        0.423242231644,
        0.577608803478,
        0.9389826694010001,
        1.669874567033,
        3.332384045055,
        5.383472896033,
        7.700675236602,
        10.090750551504,
        13.658768680119,
        17.961502510118997
    ],
    "clat_stdev": [
        0.223251232002,
        0.3186477054,
        0.5365875955489999,
        1.037592265988,
        3.143928481387,
        7.1105225753450005,
        14.03853044865,
        21.42142700085,
        33.103910667886,
        44.991826770797
    ],
    "usr_cpu": [
        2.036667,
        3.576,
        3.605667,
        3.97,
        3.831282,
        3.63363,
        3.492252,
        3.427903,
        3.172107,
        3.060249
    ],
    "sys_cpu": [
        1.742333,
        2.39,
        2.744333,
        2.788,
        2.428634,
        2.142312,
        2.087951,
        2.008585,
        1.985331,
        1.745298
    ],
    "OSD_cpu": [
        144.10666666666665,
        167.11333333333334,
        176.61666666666667,
        180.95,
        185.26666666666668,
        182.98999999999998,
        184.29333333333332,
        183.37,
        183.58666666666667,
        184.2466666666667,
        184.44,
        183.02000000000004,
        83.23333333333335,
        148.80333333333337,
        1.4133333333333324,
        104.19999999999997,
        10.223333333333333
    ],
    "OSD_mem": [
        8.65,
        9.0,
        9.0,
        9.0,
        9.0,
        9.0,
        9.0,
        9.0,
        9.0,
        9.0,
        9.0,
        9.0,
        9.0,
        9.0,
        9.0,
        9.0,
        9.0
    ],
    "FIO_cpu": [
        25.97333333333334,
        36.796666666666646,
        39.883333333333304,
        42.46333333333329,
        40.529999999999966,
        37.63333333333334,
        36.14666666666666,
        37.63666666666663,
        36.08333333333332,
        35.053333333333306,
        36.943333333333314,
        35.39666666666664,
        15.026666666666674,
        26.956666666666656,
        0.0,
        18.100000000000016,
        1.3333333333333335
    ],
    "FIO_mem": [
        0.0,
        0.0,
        0.0,
        0.0,
        0.0,
        0.0,
        0.0,
        0.0,
        0.0,
        0.0,
        0.0,
        0.0,
        0.0,
        0.0,
        0.0,
        0.0,
        0.0
    ]
}