{
    "MSGR": {
        "perf-crimson-ms": {
            "cpu": [
                99.9,
                99.3,
                99.7,
                99.3,
                99.7,
                99.7,
                99.3,
                99.3,
                99.7,
                99.7,
                99.3,
                99.7,
                99.7,
                99.3,
                99.7,
                99.7,
                99.3,
                99.3,
                99.9,
                99.3,
                99.0
            ],
            "mem": [
                0.8,
                0.8,
                0.8,
                0.8,
                0.8,
                0.8,
                0.8,
                0.8,
                0.8,
                0.8,
                0.8,
                0.8,
                0.8,
                0.8,
                0.8,
                0.8,
                0.8,
                0.8,
                0.8,
                0.8,
                0.8
            ]
        },
        "reactor": {
            "cpu": [
                5461.5,
                5468.900000000005,
                5484.699999999997,
                5466.100000000005,
                5467.400000000006,
                5486.899999999996,
                5466.000000000005,
                5468.100000000006,
                5485.299999999996,
                5466.0000000000055,
                5467.800000000006,
                5468.700000000006,
                5483.499999999997,
                5464.300000000005,
                5466.200000000005,
                5486.699999999995,
                5465.900000000005,
                5469.600000000007,
                5485.699999999995,
                5463.900000000005,
                5468.200000000006
            ],
            "mem": [
                88.79999999999981,
                88.79999999999981,
                88.79999999999981,
                88.79999999999981,
                88.79999999999981,
                88.79999999999981,
                88.79999999999981,
                88.79999999999981,
                88.79999999999981,
                88.79999999999981,
                88.79999999999981,
                88.79999999999981,
                88.79999999999981,
                88.79999999999981,
                88.79999999999981,
                88.79999999999981,
                88.79999999999981,
                88.79999999999981,
                88.79999999999981,
                88.79999999999981,
                88.79999999999981
            ]
        }
    }
}