{
  "fio version" : "fio-3.39-26-ga72fe",
  "timestamp" : 1750868831,
  "timestamp_ms" : 1750868831673,
  "time" : "Wed Jun 25 16:27:11 2025",
  "global options" : {
    "ioengine" : "rbd",
    "bs" : "64k",
    "rw" : "read",
    "direct" : "1",
    "runtime" : "5m",
    "time_based" : "",
    "group_reporting" : "",
    "ramp_time" : "30s",
    "thread" : "1",
    "iodepth" : "16",
    "clientname" : "admin",
    "pool" : "rbd"
  },
  "jobs" : [
    {
      "jobname" : "fio_test_0",
      "groupid" : 0,
      "job_start" : 1750868531409,
      "error" : 0,
      "eta" : 0,
      "elapsed" : 331,
      "job options" : {
        "max_latency" : "1s",
        "numjobs" : "1",
        "rbdname" : "fio_test_31"
      },
      "read" : {
        "io_bytes" : 158532894720,
        "io_kbytes" : 154817280,
        "bw_bytes" : 528224649,
        "bw" : 515844,
        "iops" : 8058.469166,
        "runtime" : 300124,
        "total_ios" : 2418540,
        "short_ios" : 0,
        "drop_ios" : 0,
        "slat_ns" : {
          "min" : 503,
          "max" : 79467,
          "mean" : 7296.403428,
          "stddev" : 5138.435067,
          "N" : 2418540
        },
        "clat_ns" : {
          "min" : 596374,
          "max" : 618708466,
          "mean" : 63509957.913504,
          "stddev" : 53390766.793297,
          "N" : 2419020,
          "percentile" : {
            "1.000000" : 3227648,
            "5.000000" : 7110656,
            "10.000000" : 12124160,
            "20.000000" : 22413312,
            "30.000000" : 30801920,
            "40.000000" : 39059456,
            "50.000000" : 49020928,
            "60.000000" : 61079552,
            "70.000000" : 76021760,
            "80.000000" : 96993280,
            "90.000000" : 131596288,
            "95.000000" : 164626432,
            "99.000000" : 254803968,
            "99.500000" : 295698432,
            "99.900000" : 383778816,
            "99.950000" : 429916160,
            "99.990000" : 534773760
          }
        },
        "lat_ns" : {
          "min" : 604668,
          "max" : 618713513,
          "mean" : 63517254.413391,
          "stddev" : 53391245.557079,
          "N" : 2419020
        },
        "bw_min" : 62464,
        "bw_max" : 1206784,
        "bw_agg" : 100.000000,
        "bw_mean" : 516405.017766,
        "bw_dev" : 6693.773827,
        "bw_samples" : 19170,
        "iops_min" : 976,
        "iops_max" : 18856,
        "iops_mean" : 8068.192440,
        "iops_stddev" : 104.584300,
        "iops_samples" : 19170
      },
      "write" : {
        "io_bytes" : 0,
        "io_kbytes" : 0,
        "bw_bytes" : 0,
        "bw" : 0,
        "iops" : 0.000000,
        "runtime" : 0,
        "total_ios" : 0,
        "short_ios" : 0,
        "drop_ios" : 0,
        "slat_ns" : {
          "min" : 0,
          "max" : 0,
          "mean" : 0.000000,
          "stddev" : 0.000000,
          "N" : 0
        },
        "clat_ns" : {
          "min" : 0,
          "max" : 0,
          "mean" : 0.000000,
          "stddev" : 0.000000,
          "N" : 0
        },
        "lat_ns" : {
          "min" : 0,
          "max" : 0,
          "mean" : 0.000000,
          "stddev" : 0.000000,
          "N" : 0
        },
        "bw_min" : 0,
        "bw_max" : 0,
        "bw_agg" : 0.000000,
        "bw_mean" : 0.000000,
        "bw_dev" : 0.000000,
        "bw_samples" : 0,
        "iops_min" : 0,
        "iops_max" : 0,
        "iops_mean" : 0.000000,
        "iops_stddev" : 0.000000,
        "iops_samples" : 0
      },
      "trim" : {
        "io_bytes" : 0,
        "io_kbytes" : 0,
        "bw_bytes" : 0,
        "bw" : 0,
        "iops" : 0.000000,
        "runtime" : 0,
        "total_ios" : 0,
        "short_ios" : 0,
        "drop_ios" : 0,
        "slat_ns" : {
          "min" : 0,
          "max" : 0,
          "mean" : 0.000000,
          "stddev" : 0.000000,
          "N" : 0
        },
        "clat_ns" : {
          "min" : 0,
          "max" : 0,
          "mean" : 0.000000,
          "stddev" : 0.000000,
          "N" : 0
        },
        "lat_ns" : {
          "min" : 0,
          "max" : 0,
          "mean" : 0.000000,
          "stddev" : 0.000000,
          "N" : 0
        },
        "bw_min" : 0,
        "bw_max" : 0,
        "bw_agg" : 0.000000,
        "bw_mean" : 0.000000,
        "bw_dev" : 0.000000,
        "bw_samples" : 0,
        "iops_min" : 0,
        "iops_max" : 0,
        "iops_mean" : 0.000000,
        "iops_stddev" : 0.000000,
        "iops_samples" : 0
      },
      "sync" : {
        "total_ios" : 0,
        "lat_ns" : {
          "min" : 0,
          "max" : 0,
          "mean" : 0.000000,
          "stddev" : 0.000000,
          "N" : 0
        }
      },
      "job_runtime" : 9602245,
      "usr_cpu" : 0.315291,
      "sys_cpu" : 0.240465,
      "ctx" : 2402525,
      "majf" : 0,
      "minf" : 522,
      "iodepth_level" : {
        "1" : 0.000000,
        "2" : 0.000000,
        "4" : 0.000000,
        "8" : 0.000000,
        "16" : 100.000000,
        "32" : 0.000000,
        ">=64" : 0.000000
      },
      "iodepth_submit" : {
        "0" : 0.000000,
        "4" : 100.000000,
        "8" : 0.000000,
        "16" : 0.000000,
        "32" : 0.000000,
        "64" : 0.000000,
        ">=64" : 0.000000
      },
      "iodepth_complete" : {
        "0" : 0.000000,
        "4" : 99.999338,
        "8" : 0.000000,
        "16" : 0.100000,
        "32" : 0.000000,
        "64" : 0.000000,
        ">=64" : 0.000000
      },
      "latency_ns" : {
        "2" : 0.000000,
        "4" : 0.000000,
        "10" : 0.000000,
        "20" : 0.000000,
        "50" : 0.000000,
        "100" : 0.000000,
        "250" : 0.000000,
        "500" : 0.000000,
        "750" : 0.000000,
        "1000" : 0.000000
      },
      "latency_us" : {
        "2" : 0.000000,
        "4" : 0.000000,
        "10" : 0.000000,
        "20" : 0.000000,
        "50" : 0.000000,
        "100" : 0.000000,
        "250" : 0.000000,
        "500" : 0.000000,
        "750" : 0.010000,
        "1000" : 0.010000
      },
      "latency_ms" : {
        "2" : 0.116268,
        "4" : 1.653229,
        "10" : 6.112489,
        "20" : 9.762998,
        "50" : 33.261554,
        "100" : 30.276944,
        "250" : 17.739876,
        "500" : 1.078585,
        "750" : 0.016084,
        "1000" : 0.000000,
        "2000" : 0.000000,
        ">=2000" : 0.000000
      },
      "latency_depth" : 16,
      "latency_target" : 0,
      "latency_percentile" : 100.000000,
      "latency_window" : 0
    }
  ],
  "disk_util" : [
    {
      "name" : "sda",
      "read_ios" : 0,
      "write_ios" : 7982,
      "read_sectors" : 0,
      "write_sectors" : 208504,
      "read_merges" : 0,
      "write_merges" : 12025,
      "read_ticks" : 0,
      "write_ticks" : 1323,
      "in_queue" : 1407,
      "util" : 0.184023
    }
  ]
}
