{
  "fio version" : "fio-3.39-26-ga72fe",
  "timestamp" : 1750866172,
  "timestamp_ms" : 1750866172437,
  "time" : "Wed Jun 25 15:42:52 2025",
  "global options" : {
    "ioengine" : "rbd",
    "bs" : "64k",
    "rw" : "read",
    "direct" : "1",
    "runtime" : "5m",
    "time_based" : "",
    "group_reporting" : "",
    "ramp_time" : "30s",
    "thread" : "1",
    "iodepth" : "1",
    "clientname" : "admin",
    "pool" : "rbd"
  },
  "jobs" : [
    {
      "jobname" : "fio_test_0",
      "groupid" : 0,
      "job_start" : 1750865872268,
      "error" : 0,
      "eta" : 0,
      "elapsed" : 331,
      "job options" : {
        "max_latency" : "1s",
        "numjobs" : "1",
        "rbdname" : "fio_test_31"
      },
      "read" : {
        "io_bytes" : 146016305152,
        "io_kbytes" : 142594048,
        "bw_bytes" : 486711282,
        "bw" : 475303,
        "iops" : 7426.624801,
        "runtime" : 300006,
        "total_ios" : 2228032,
        "short_ios" : 0,
        "drop_ios" : 0,
        "slat_ns" : {
          "min" : 1298,
          "max" : 107308,
          "mean" : 8330.446397,
          "stddev" : 5216.859872,
          "N" : 2228032
        },
        "clat_ns" : {
          "min" : 453813,
          "max" : 18800146,
          "mean" : 4297579.213883,
          "stddev" : 2104932.596595,
          "N" : 2228032,
          "percentile" : {
            "1.000000" : 1499136,
            "5.000000" : 1974272,
            "10.000000" : 2277376,
            "20.000000" : 2670592,
            "30.000000" : 2998272,
            "40.000000" : 3325952,
            "50.000000" : 3686400,
            "60.000000" : 4177920,
            "70.000000" : 4816896,
            "80.000000" : 5734400,
            "90.000000" : 7241728,
            "95.000000" : 8585216,
            "99.000000" : 11337728,
            "99.500000" : 12386304,
            "99.900000" : 14221312,
            "99.950000" : 14876672,
            "99.990000" : 16056320
          }
        },
        "lat_ns" : {
          "min" : 458841,
          "max" : 18814799,
          "mean" : 4305909.660280,
          "stddev" : 2105082.791805,
          "N" : 2228032
        },
        "bw_min" : 187592,
        "bw_max" : 805721,
        "bw_agg" : 100.000000,
        "bw_mean" : 475555.430078,
        "bw_dev" : 3799.862657,
        "bw_samples" : 19180,
        "iops_min" : 2930,
        "iops_max" : 12586,
        "iops_mean" : 7428.986856,
        "iops_stddev" : 59.361025,
        "iops_samples" : 19180
      },
      "write" : {
        "io_bytes" : 0,
        "io_kbytes" : 0,
        "bw_bytes" : 0,
        "bw" : 0,
        "iops" : 0.000000,
        "runtime" : 0,
        "total_ios" : 0,
        "short_ios" : 0,
        "drop_ios" : 0,
        "slat_ns" : {
          "min" : 0,
          "max" : 0,
          "mean" : 0.000000,
          "stddev" : 0.000000,
          "N" : 0
        },
        "clat_ns" : {
          "min" : 0,
          "max" : 0,
          "mean" : 0.000000,
          "stddev" : 0.000000,
          "N" : 0
        },
        "lat_ns" : {
          "min" : 0,
          "max" : 0,
          "mean" : 0.000000,
          "stddev" : 0.000000,
          "N" : 0
        },
        "bw_min" : 0,
        "bw_max" : 0,
        "bw_agg" : 0.000000,
        "bw_mean" : 0.000000,
        "bw_dev" : 0.000000,
        "bw_samples" : 0,
        "iops_min" : 0,
        "iops_max" : 0,
        "iops_mean" : 0.000000,
        "iops_stddev" : 0.000000,
        "iops_samples" : 0
      },
      "trim" : {
        "io_bytes" : 0,
        "io_kbytes" : 0,
        "bw_bytes" : 0,
        "bw" : 0,
        "iops" : 0.000000,
        "runtime" : 0,
        "total_ios" : 0,
        "short_ios" : 0,
        "drop_ios" : 0,
        "slat_ns" : {
          "min" : 0,
          "max" : 0,
          "mean" : 0.000000,
          "stddev" : 0.000000,
          "N" : 0
        },
        "clat_ns" : {
          "min" : 0,
          "max" : 0,
          "mean" : 0.000000,
          "stddev" : 0.000000,
          "N" : 0
        },
        "lat_ns" : {
          "min" : 0,
          "max" : 0,
          "mean" : 0.000000,
          "stddev" : 0.000000,
          "N" : 0
        },
        "bw_min" : 0,
        "bw_max" : 0,
        "bw_agg" : 0.000000,
        "bw_mean" : 0.000000,
        "bw_dev" : 0.000000,
        "bw_samples" : 0,
        "iops_min" : 0,
        "iops_max" : 0,
        "iops_mean" : 0.000000,
        "iops_stddev" : 0.000000,
        "iops_samples" : 0
      },
      "sync" : {
        "total_ios" : 0,
        "lat_ns" : {
          "min" : 0,
          "max" : 0,
          "mean" : 0.000000,
          "stddev" : 0.000000,
          "N" : 0
        }
      },
      "job_runtime" : 9600071,
      "usr_cpu" : 0.337185,
      "sys_cpu" : 0.244186,
      "ctx" : 2228798,
      "majf" : 0,
      "minf" : 305,
      "iodepth_level" : {
        "1" : 100.000000,
        "2" : 0.000000,
        "4" : 0.000000,
        "8" : 0.000000,
        "16" : 0.000000,
        "32" : 0.000000,
        ">=64" : 0.000000
      },
      "iodepth_submit" : {
        "0" : 0.000000,
        "4" : 100.000000,
        "8" : 0.000000,
        "16" : 0.000000,
        "32" : 0.000000,
        "64" : 0.000000,
        ">=64" : 0.000000
      },
      "iodepth_complete" : {
        "0" : 0.000000,
        "4" : 100.000000,
        "8" : 0.000000,
        "16" : 0.000000,
        "32" : 0.000000,
        "64" : 0.000000,
        ">=64" : 0.000000
      },
      "latency_ns" : {
        "2" : 0.000000,
        "4" : 0.000000,
        "10" : 0.000000,
        "20" : 0.000000,
        "50" : 0.000000,
        "100" : 0.000000,
        "250" : 0.000000,
        "500" : 0.000000,
        "750" : 0.000000,
        "1000" : 0.000000
      },
      "latency_us" : {
        "2" : 0.000000,
        "4" : 0.000000,
        "10" : 0.000000,
        "20" : 0.000000,
        "50" : 0.000000,
        "100" : 0.000000,
        "250" : 0.000000,
        "500" : 0.010000,
        "750" : 0.013420,
        "1000" : 0.093491
      },
      "latency_ms" : {
        "2" : 5.311908,
        "4" : 51.081403,
        "10" : 41.184103,
        "20" : 2.315227,
        "50" : 0.000000,
        "100" : 0.000000,
        "250" : 0.000000,
        "500" : 0.000000,
        "750" : 0.000000,
        "1000" : 0.000000,
        "2000" : 0.000000,
        ">=2000" : 0.000000
      },
      "latency_depth" : 1,
      "latency_target" : 0,
      "latency_percentile" : 100.000000,
      "latency_window" : 0
    }
  ],
  "disk_util" : [
    {
      "name" : "sda",
      "read_ios" : 0,
      "write_ios" : 8088,
      "read_sectors" : 0,
      "write_sectors" : 215096,
      "read_merges" : 0,
      "write_merges" : 11960,
      "read_ticks" : 0,
      "write_ticks" : 1394,
      "in_queue" : 1481,
      "util" : 0.173974
    }
  ]
}
