{
  "fio version" : "fio-3.39-26-ga72fe",
  "timestamp" : 1750869837,
  "timestamp_ms" : 1750869837813,
  "time" : "Wed Jun 25 16:43:57 2025",
  "global options" : {
    "ioengine" : "rbd",
    "bs" : "64k",
    "rw" : "read",
    "direct" : "1",
    "runtime" : "5m",
    "time_based" : "",
    "group_reporting" : "",
    "ramp_time" : "30s",
    "thread" : "1",
    "iodepth" : "24",
    "clientname" : "admin",
    "pool" : "rbd"
  },
  "jobs" : [
    {
      "jobname" : "fio_test_0",
      "groupid" : 0,
      "job_start" : 1750869537221,
      "error" : 110,
      "eta" : 0,
      "elapsed" : 331,
      "job options" : {
        "max_latency" : "1s",
        "numjobs" : "1",
        "rbdname" : "fio_test_31"
      },
      "read" : {
        "io_bytes" : 153040388096,
        "io_kbytes" : 149453504,
        "bw_bytes" : 509699683,
        "bw" : 497753,
        "iops" : 7774.948710,
        "runtime" : 300256,
        "total_ios" : 2334475,
        "short_ios" : 0,
        "drop_ios" : 0,
        "slat_ns" : {
          "min" : 514,
          "max" : 3231667,
          "mean" : 6134.121268,
          "stddev" : 5132.353917,
          "N" : 2334475
        },
        "clat_ns" : {
          "min" : 689896,
          "max" : 1535002494,
          "mean" : 89395882.963215,
          "stddev" : 83740116.834723,
          "N" : 2335211,
          "percentile" : {
            "1.000000" : 3391488,
            "5.000000" : 7766016,
            "10.000000" : 13172736,
            "20.000000" : 24248320,
            "30.000000" : 36438016,
            "40.000000" : 49545216,
            "50.000000" : 64749568,
            "60.000000" : 83361792,
            "70.000000" : 108527616,
            "80.000000" : 141557760,
            "90.000000" : 196083712,
            "95.000000" : 248512512,
            "99.000000" : 392167424,
            "99.500000" : 459276288,
            "99.900000" : 624951296,
            "99.950000" : 692060160,
            "99.990000" : 826277888
          }
        },
        "lat_ns" : {
          "min" : 693959,
          "max" : 1535021800,
          "mean" : 89402017.754608,
          "stddev" : 83740623.193677,
          "N" : 2335211
        },
        "bw_min" : 45809,
        "bw_max" : 1302547,
        "bw_agg" : 100.000000,
        "bw_mean" : 540967.509263,
        "bw_dev" : 7469.558604,
        "bw_samples" : 17354,
        "iops_min" : 709,
        "iops_max" : 20349,
        "iops_mean" : 8450.085292,
        "iops_stddev" : 116.702306,
        "iops_samples" : 17354
      },
      "write" : {
        "io_bytes" : 0,
        "io_kbytes" : 0,
        "bw_bytes" : 0,
        "bw" : 0,
        "iops" : 0.000000,
        "runtime" : 0,
        "total_ios" : 0,
        "short_ios" : 0,
        "drop_ios" : 0,
        "slat_ns" : {
          "min" : 0,
          "max" : 0,
          "mean" : 0.000000,
          "stddev" : 0.000000,
          "N" : 0
        },
        "clat_ns" : {
          "min" : 0,
          "max" : 0,
          "mean" : 0.000000,
          "stddev" : 0.000000,
          "N" : 0
        },
        "lat_ns" : {
          "min" : 0,
          "max" : 0,
          "mean" : 0.000000,
          "stddev" : 0.000000,
          "N" : 0
        },
        "bw_min" : 0,
        "bw_max" : 0,
        "bw_agg" : 0.000000,
        "bw_mean" : 0.000000,
        "bw_dev" : 0.000000,
        "bw_samples" : 0,
        "iops_min" : 0,
        "iops_max" : 0,
        "iops_mean" : 0.000000,
        "iops_stddev" : 0.000000,
        "iops_samples" : 0
      },
      "trim" : {
        "io_bytes" : 0,
        "io_kbytes" : 0,
        "bw_bytes" : 0,
        "bw" : 0,
        "iops" : 0.000000,
        "runtime" : 0,
        "total_ios" : 0,
        "short_ios" : 0,
        "drop_ios" : 0,
        "slat_ns" : {
          "min" : 0,
          "max" : 0,
          "mean" : 0.000000,
          "stddev" : 0.000000,
          "N" : 0
        },
        "clat_ns" : {
          "min" : 0,
          "max" : 0,
          "mean" : 0.000000,
          "stddev" : 0.000000,
          "N" : 0
        },
        "lat_ns" : {
          "min" : 0,
          "max" : 0,
          "mean" : 0.000000,
          "stddev" : 0.000000,
          "N" : 0
        },
        "bw_min" : 0,
        "bw_max" : 0,
        "bw_agg" : 0.000000,
        "bw_mean" : 0.000000,
        "bw_dev" : 0.000000,
        "bw_samples" : 0,
        "iops_min" : 0,
        "iops_max" : 0,
        "iops_mean" : 0.000000,
        "iops_stddev" : 0.000000,
        "iops_samples" : 0
      },
      "sync" : {
        "total_ios" : 0,
        "lat_ns" : {
          "min" : 0,
          "max" : 0,
          "mean" : 0.000000,
          "stddev" : 0.000000,
          "N" : 0
        }
      },
      "job_runtime" : 8693724,
      "usr_cpu" : 0.278086,
      "sys_cpu" : 0.207644,
      "ctx" : 2316133,
      "majf" : 0,
      "minf" : 499,
      "iodepth_level" : {
        "1" : 0.000000,
        "2" : 0.000000,
        "4" : 0.000000,
        "8" : 0.000000,
        "16" : 100.000000,
        "32" : 0.000000,
        ">=64" : 0.000000
      },
      "iodepth_submit" : {
        "0" : 0.000000,
        "4" : 100.000000,
        "8" : 0.000000,
        "16" : 0.000000,
        "32" : 0.000000,
        "64" : 0.000000,
        ">=64" : 0.000000
      },
      "iodepth_complete" : {
        "0" : 0.100000,
        "4" : 99.999229,
        "8" : 0.000000,
        "16" : 0.000000,
        "32" : 0.100000,
        "64" : 0.000000,
        ">=64" : 0.000000
      },
      "latency_ns" : {
        "2" : 0.000000,
        "4" : 0.000000,
        "10" : 0.000000,
        "20" : 0.000000,
        "50" : 0.000000,
        "100" : 0.000000,
        "250" : 0.000000,
        "500" : 0.000000,
        "750" : 0.000000,
        "1000" : 0.000000
      },
      "latency_us" : {
        "2" : 0.000000,
        "4" : 0.000000,
        "10" : 0.000000,
        "20" : 0.000000,
        "50" : 0.000000,
        "100" : 0.000000,
        "250" : 0.000000,
        "500" : 0.000000,
        "750" : 0.010000,
        "1000" : 0.010000
      },
      "latency_ms" : {
        "2" : 0.109446,
        "4" : 1.428373,
        "10" : 5.532507,
        "20" : 9.156448,
        "50" : 24.089014,
        "100" : 26.563617,
        "250" : 28.176785,
        "500" : 4.634404,
        "750" : 0.311505,
        "1000" : 0.026002,
        "2000" : 0.010000,
        ">=2000" : 0.000000
      },
      "latency_depth" : 24,
      "latency_target" : 0,
      "latency_percentile" : 100.000000,
      "latency_window" : 0
    }
  ],
  "disk_util" : [
    {
      "name" : "sda",
      "read_ios" : 1,
      "write_ios" : 58231,
      "read_sectors" : 8,
      "write_sectors" : 54114336,
      "read_merges" : 0,
      "write_merges" : 35047,
      "read_ticks" : 3,
      "write_ticks" : 353800,
      "in_queue" : 357321,
      "util" : 15.777248
    }
  ]
}
