{
  "fio version" : "fio-3.39-26-ga72fe",
  "timestamp" : 1750866504,
  "timestamp_ms" : 1750866504783,
  "time" : "Wed Jun 25 15:48:24 2025",
  "global options" : {
    "ioengine" : "rbd",
    "bs" : "64k",
    "rw" : "read",
    "direct" : "1",
    "runtime" : "5m",
    "time_based" : "",
    "group_reporting" : "",
    "ramp_time" : "30s",
    "thread" : "1",
    "iodepth" : "2",
    "clientname" : "admin",
    "pool" : "rbd"
  },
  "jobs" : [
    {
      "jobname" : "fio_test_0",
      "groupid" : 0,
      "job_start" : 1750866204600,
      "error" : 0,
      "eta" : 0,
      "elapsed" : 331,
      "job options" : {
        "max_latency" : "1s",
        "numjobs" : "1",
        "rbdname" : "fio_test_31"
      },
      "read" : {
        "io_bytes" : 152814419968,
        "io_kbytes" : 149232832,
        "bw_bytes" : 509354234,
        "bw" : 497416,
        "iops" : 7772.022159,
        "runtime" : 300016,
        "total_ios" : 2331731,
        "short_ios" : 0,
        "drop_ios" : 0,
        "slat_ns" : {
          "min" : 515,
          "max" : 301741,
          "mean" : 7791.585505,
          "stddev" : 5125.086358,
          "N" : 2331731
        },
        "clat_ns" : {
          "min" : 579002,
          "max" : 46613789,
          "mean" : 8223824.343664,
          "stddev" : 4970092.680029,
          "N" : 2331763,
          "percentile" : {
            "1.000000" : 2310144,
            "5.000000" : 3031040,
            "10.000000" : 3555328,
            "20.000000" : 4358144,
            "30.000000" : 5013504,
            "40.000000" : 5734400,
            "50.000000" : 6717440,
            "60.000000" : 7962624,
            "70.000000" : 9502720,
            "80.000000" : 11599872,
            "90.000000" : 15007744,
            "95.000000" : 18219008,
            "99.000000" : 25296896,
            "99.500000" : 27656192,
            "99.900000" : 32899072,
            "99.950000" : 34865152,
            "99.990000" : 39059456
          }
        },
        "lat_ns" : {
          "min" : 585532,
          "max" : 46625679,
          "mean" : 8231615.899512,
          "stddev" : 4970290.283893,
          "N" : 2331763
        },
        "bw_min" : 141476,
        "bw_max" : 987766,
        "bw_agg" : 100.000000,
        "bw_mean" : 497719.776322,
        "bw_dev" : 5153.948930,
        "bw_samples" : 19175,
        "iops_min" : 2210,
        "iops_max" : 15433,
        "iops_mean" : 7775.874638,
        "iops_stddev" : 80.521283,
        "iops_samples" : 19175
      },
      "write" : {
        "io_bytes" : 0,
        "io_kbytes" : 0,
        "bw_bytes" : 0,
        "bw" : 0,
        "iops" : 0.000000,
        "runtime" : 0,
        "total_ios" : 0,
        "short_ios" : 0,
        "drop_ios" : 0,
        "slat_ns" : {
          "min" : 0,
          "max" : 0,
          "mean" : 0.000000,
          "stddev" : 0.000000,
          "N" : 0
        },
        "clat_ns" : {
          "min" : 0,
          "max" : 0,
          "mean" : 0.000000,
          "stddev" : 0.000000,
          "N" : 0
        },
        "lat_ns" : {
          "min" : 0,
          "max" : 0,
          "mean" : 0.000000,
          "stddev" : 0.000000,
          "N" : 0
        },
        "bw_min" : 0,
        "bw_max" : 0,
        "bw_agg" : 0.000000,
        "bw_mean" : 0.000000,
        "bw_dev" : 0.000000,
        "bw_samples" : 0,
        "iops_min" : 0,
        "iops_max" : 0,
        "iops_mean" : 0.000000,
        "iops_stddev" : 0.000000,
        "iops_samples" : 0
      },
      "trim" : {
        "io_bytes" : 0,
        "io_kbytes" : 0,
        "bw_bytes" : 0,
        "bw" : 0,
        "iops" : 0.000000,
        "runtime" : 0,
        "total_ios" : 0,
        "short_ios" : 0,
        "drop_ios" : 0,
        "slat_ns" : {
          "min" : 0,
          "max" : 0,
          "mean" : 0.000000,
          "stddev" : 0.000000,
          "N" : 0
        },
        "clat_ns" : {
          "min" : 0,
          "max" : 0,
          "mean" : 0.000000,
          "stddev" : 0.000000,
          "N" : 0
        },
        "lat_ns" : {
          "min" : 0,
          "max" : 0,
          "mean" : 0.000000,
          "stddev" : 0.000000,
          "N" : 0
        },
        "bw_min" : 0,
        "bw_max" : 0,
        "bw_agg" : 0.000000,
        "bw_mean" : 0.000000,
        "bw_dev" : 0.000000,
        "bw_samples" : 0,
        "iops_min" : 0,
        "iops_max" : 0,
        "iops_mean" : 0.000000,
        "iops_stddev" : 0.000000,
        "iops_samples" : 0
      },
      "sync" : {
        "total_ios" : 0,
        "lat_ns" : {
          "min" : 0,
          "max" : 0,
          "mean" : 0.000000,
          "stddev" : 0.000000,
          "N" : 0
        }
      },
      "job_runtime" : 9600210,
      "usr_cpu" : 0.327524,
      "sys_cpu" : 0.242922,
      "ctx" : 2331217,
      "majf" : 0,
      "minf" : 393,
      "iodepth_level" : {
        "1" : 0.000000,
        "2" : 100.000000,
        "4" : 0.000000,
        "8" : 0.000000,
        "16" : 0.000000,
        "32" : 0.000000,
        ">=64" : 0.000000
      },
      "iodepth_submit" : {
        "0" : 0.000000,
        "4" : 100.000000,
        "8" : 0.000000,
        "16" : 0.000000,
        "32" : 0.000000,
        "64" : 0.000000,
        ">=64" : 0.000000
      },
      "iodepth_complete" : {
        "0" : 0.000000,
        "4" : 100.000000,
        "8" : 0.000000,
        "16" : 0.000000,
        "32" : 0.000000,
        "64" : 0.000000,
        ">=64" : 0.000000
      },
      "latency_ns" : {
        "2" : 0.000000,
        "4" : 0.000000,
        "10" : 0.000000,
        "20" : 0.000000,
        "50" : 0.000000,
        "100" : 0.000000,
        "250" : 0.000000,
        "500" : 0.000000,
        "750" : 0.000000,
        "1000" : 0.000000
      },
      "latency_us" : {
        "2" : 0.000000,
        "4" : 0.000000,
        "10" : 0.000000,
        "20" : 0.000000,
        "50" : 0.000000,
        "100" : 0.000000,
        "250" : 0.000000,
        "500" : 0.000000,
        "750" : 0.010000,
        "1000" : 0.010000
      },
      "latency_ms" : {
        "2" : 0.387052,
        "4" : 15.127731,
        "10" : 57.159166,
        "20" : 23.885302,
        "50" : 3.439033,
        "100" : 0.000000,
        "250" : 0.000000,
        "500" : 0.000000,
        "750" : 0.000000,
        "1000" : 0.000000,
        "2000" : 0.000000,
        ">=2000" : 0.000000
      },
      "latency_depth" : 2,
      "latency_target" : 0,
      "latency_percentile" : 100.000000,
      "latency_window" : 0
    }
  ],
  "disk_util" : [
    {
      "name" : "sda",
      "read_ios" : 0,
      "write_ios" : 7959,
      "read_sectors" : 0,
      "write_sectors" : 200056,
      "read_merges" : 0,
      "write_merges" : 11913,
      "read_ticks" : 0,
      "write_ticks" : 1220,
      "in_queue" : 1303,
      "util" : 0.165192
    }
  ]
}
