{
  "fio version" : "fio-3.39-26-ga72fe",
  "timestamp" : 1750866837,
  "timestamp_ms" : 1750866837149,
  "time" : "Wed Jun 25 15:53:57 2025",
  "global options" : {
    "ioengine" : "rbd",
    "bs" : "64k",
    "rw" : "read",
    "direct" : "1",
    "runtime" : "5m",
    "time_based" : "",
    "group_reporting" : "",
    "ramp_time" : "30s",
    "thread" : "1",
    "iodepth" : "4",
    "clientname" : "admin",
    "pool" : "rbd"
  },
  "jobs" : [
    {
      "jobname" : "fio_test_0",
      "groupid" : 0,
      "job_start" : 1750866536938,
      "error" : 0,
      "eta" : 0,
      "elapsed" : 331,
      "job options" : {
        "max_latency" : "1s",
        "numjobs" : "1",
        "rbdname" : "fio_test_31"
      },
      "read" : {
        "io_bytes" : 153087442944,
        "io_kbytes" : 149499456,
        "bw_bytes" : 510242153,
        "bw" : 498283,
        "iops" : 7785.357415,
        "runtime" : 300029,
        "total_ios" : 2335833,
        "short_ios" : 0,
        "drop_ios" : 0,
        "slat_ns" : {
          "min" : 498,
          "max" : 303229,
          "mean" : 7747.081244,
          "stddev" : 5152.609937,
          "N" : 2335833
        },
        "clat_ns" : {
          "min" : 613921,
          "max" : 129982992,
          "mean" : 16429689.417880,
          "stddev" : 10333167.164755,
          "N" : 2335929,
          "percentile" : {
            "1.000000" : 3063808,
            "5.000000" : 5537792,
            "10.000000" : 6717440,
            "20.000000" : 8454144,
            "30.000000" : 9764864,
            "40.000000" : 11337728,
            "50.000000" : 13434880,
            "60.000000" : 15925248,
            "70.000000" : 19267584,
            "80.000000" : 23461888,
            "90.000000" : 30539776,
            "95.000000" : 36962304,
            "99.000000" : 51118080,
            "99.500000" : 57409536,
            "99.900000" : 70778880,
            "99.950000" : 76021760,
            "99.990000" : 91750400
          }
        },
        "lat_ns" : {
          "min" : 620654,
          "max" : 129996514,
          "mean" : 16437436.446402,
          "stddev" : 10333442.387768,
          "N" : 2335929
        },
        "bw_min" : 118025,
        "bw_max" : 1022345,
        "bw_agg" : 100.000000,
        "bw_mean" : 498640.372621,
        "bw_dev" : 5328.853757,
        "bw_samples" : 19171,
        "iops_min" : 1844,
        "iops_max" : 15973,
        "iops_mean" : 7790.624560,
        "iops_stddev" : 83.258124,
        "iops_samples" : 19171
      },
      "write" : {
        "io_bytes" : 0,
        "io_kbytes" : 0,
        "bw_bytes" : 0,
        "bw" : 0,
        "iops" : 0.000000,
        "runtime" : 0,
        "total_ios" : 0,
        "short_ios" : 0,
        "drop_ios" : 0,
        "slat_ns" : {
          "min" : 0,
          "max" : 0,
          "mean" : 0.000000,
          "stddev" : 0.000000,
          "N" : 0
        },
        "clat_ns" : {
          "min" : 0,
          "max" : 0,
          "mean" : 0.000000,
          "stddev" : 0.000000,
          "N" : 0
        },
        "lat_ns" : {
          "min" : 0,
          "max" : 0,
          "mean" : 0.000000,
          "stddev" : 0.000000,
          "N" : 0
        },
        "bw_min" : 0,
        "bw_max" : 0,
        "bw_agg" : 0.000000,
        "bw_mean" : 0.000000,
        "bw_dev" : 0.000000,
        "bw_samples" : 0,
        "iops_min" : 0,
        "iops_max" : 0,
        "iops_mean" : 0.000000,
        "iops_stddev" : 0.000000,
        "iops_samples" : 0
      },
      "trim" : {
        "io_bytes" : 0,
        "io_kbytes" : 0,
        "bw_bytes" : 0,
        "bw" : 0,
        "iops" : 0.000000,
        "runtime" : 0,
        "total_ios" : 0,
        "short_ios" : 0,
        "drop_ios" : 0,
        "slat_ns" : {
          "min" : 0,
          "max" : 0,
          "mean" : 0.000000,
          "stddev" : 0.000000,
          "N" : 0
        },
        "clat_ns" : {
          "min" : 0,
          "max" : 0,
          "mean" : 0.000000,
          "stddev" : 0.000000,
          "N" : 0
        },
        "lat_ns" : {
          "min" : 0,
          "max" : 0,
          "mean" : 0.000000,
          "stddev" : 0.000000,
          "N" : 0
        },
        "bw_min" : 0,
        "bw_max" : 0,
        "bw_agg" : 0.000000,
        "bw_mean" : 0.000000,
        "bw_dev" : 0.000000,
        "bw_samples" : 0,
        "iops_min" : 0,
        "iops_max" : 0,
        "iops_mean" : 0.000000,
        "iops_stddev" : 0.000000,
        "iops_samples" : 0
      },
      "sync" : {
        "total_ios" : 0,
        "lat_ns" : {
          "min" : 0,
          "max" : 0,
          "mean" : 0.000000,
          "stddev" : 0.000000,
          "N" : 0
        }
      },
      "job_runtime" : 9600519,
      "usr_cpu" : 0.325035,
      "sys_cpu" : 0.243174,
      "ctx" : 2333039,
      "majf" : 0,
      "minf" : 406,
      "iodepth_level" : {
        "1" : 0.000000,
        "2" : 0.000000,
        "4" : 100.000000,
        "8" : 0.000000,
        "16" : 0.000000,
        "32" : 0.000000,
        ">=64" : 0.000000
      },
      "iodepth_submit" : {
        "0" : 0.000000,
        "4" : 100.000000,
        "8" : 0.000000,
        "16" : 0.000000,
        "32" : 0.000000,
        "64" : 0.000000,
        ">=64" : 0.000000
      },
      "iodepth_complete" : {
        "0" : 0.000000,
        "4" : 100.000000,
        "8" : 0.000000,
        "16" : 0.000000,
        "32" : 0.000000,
        "64" : 0.000000,
        ">=64" : 0.000000
      },
      "latency_ns" : {
        "2" : 0.000000,
        "4" : 0.000000,
        "10" : 0.000000,
        "20" : 0.000000,
        "50" : 0.000000,
        "100" : 0.000000,
        "250" : 0.000000,
        "500" : 0.000000,
        "750" : 0.000000,
        "1000" : 0.000000
      },
      "latency_us" : {
        "2" : 0.000000,
        "4" : 0.000000,
        "10" : 0.000000,
        "20" : 0.000000,
        "50" : 0.000000,
        "100" : 0.000000,
        "250" : 0.000000,
        "500" : 0.000000,
        "750" : 0.010000,
        "1000" : 0.010000
      },
      "latency_ms" : {
        "2" : 0.145002,
        "4" : 1.917817,
        "10" : 29.082344,
        "20" : 41.036966,
        "50" : 26.651220,
        "100" : 1.163739,
        "250" : 0.010000,
        "500" : 0.000000,
        "750" : 0.000000,
        "1000" : 0.000000,
        "2000" : 0.000000,
        ">=2000" : 0.000000
      },
      "latency_depth" : 4,
      "latency_target" : 0,
      "latency_percentile" : 100.000000,
      "latency_window" : 0
    }
  ],
  "disk_util" : [
    {
      "name" : "sda",
      "read_ios" : 0,
      "write_ios" : 8022,
      "read_sectors" : 0,
      "write_sectors" : 204512,
      "read_merges" : 0,
      "write_merges" : 12097,
      "read_ticks" : 0,
      "write_ticks" : 1312,
      "in_queue" : 1398,
      "util" : 0.167930
    }
  ]
}
