{
  "fio version" : "fio-3.39-26-ga72fe",
  "timestamp" : 1750867834,
  "timestamp_ms" : 1750867834455,
  "time" : "Wed Jun 25 16:10:34 2025",
  "global options" : {
    "ioengine" : "rbd",
    "bs" : "64k",
    "rw" : "read",
    "direct" : "1",
    "runtime" : "5m",
    "time_based" : "",
    "group_reporting" : "",
    "ramp_time" : "30s",
    "thread" : "1",
    "iodepth" : "8",
    "clientname" : "admin",
    "pool" : "rbd"
  },
  "jobs" : [
    {
      "jobname" : "fio_test_0",
      "groupid" : 0,
      "job_start" : 1750867534144,
      "error" : 0,
      "eta" : 0,
      "elapsed" : 331,
      "job options" : {
        "max_latency" : "1s",
        "numjobs" : "1",
        "rbdname" : "fio_test_31"
      },
      "read" : {
        "io_bytes" : 154422607872,
        "io_kbytes" : 150803328,
        "bw_bytes" : 514642528,
        "bw" : 502580,
        "iops" : 7852.075265,
        "runtime" : 300058,
        "total_ios" : 2356078,
        "short_ios" : 0,
        "drop_ios" : 0,
        "slat_ns" : {
          "min" : 510,
          "max" : 238506,
          "mean" : 7571.234053,
          "stddev" : 5143.732042,
          "N" : 2356078
        },
        "clat_ns" : {
          "min" : 578545,
          "max" : 283682095,
          "mean" : 32590012.261809,
          "stddev" : 22919168.784069,
          "N" : 2356302,
          "percentile" : {
            "1.000000" : 3096576,
            "5.000000" : 6782976,
            "10.000000" : 10944512,
            "20.000000" : 15138816,
            "30.000000" : 18481152,
            "40.000000" : 22151168,
            "50.000000" : 26345472,
            "60.000000" : 31588352,
            "70.000000" : 38535168,
            "80.000000" : 47448064,
            "90.000000" : 62128128,
            "95.000000" : 77070336,
            "99.000000" : 111673344,
            "99.500000" : 128450560,
            "99.900000" : 168820736,
            "99.950000" : 185597952,
            "99.990000" : 219152384
          }
        },
        "lat_ns" : {
          "min" : 585935,
          "max" : 283694946,
          "mean" : 32597583.566393,
          "stddev" : 22919544.784017,
          "N" : 2356302
        },
        "bw_min" : 86656,
        "bw_max" : 1054464,
        "bw_agg" : 100.000000,
        "bw_mean" : 503080.865551,
        "bw_dev" : 5746.957461,
        "bw_samples" : 19169,
        "iops_min" : 1354,
        "iops_max" : 16476,
        "iops_mean" : 7859.670211,
        "iops_stddev" : 89.786810,
        "iops_samples" : 19169
      },
      "write" : {
        "io_bytes" : 0,
        "io_kbytes" : 0,
        "bw_bytes" : 0,
        "bw" : 0,
        "iops" : 0.000000,
        "runtime" : 0,
        "total_ios" : 0,
        "short_ios" : 0,
        "drop_ios" : 0,
        "slat_ns" : {
          "min" : 0,
          "max" : 0,
          "mean" : 0.000000,
          "stddev" : 0.000000,
          "N" : 0
        },
        "clat_ns" : {
          "min" : 0,
          "max" : 0,
          "mean" : 0.000000,
          "stddev" : 0.000000,
          "N" : 0
        },
        "lat_ns" : {
          "min" : 0,
          "max" : 0,
          "mean" : 0.000000,
          "stddev" : 0.000000,
          "N" : 0
        },
        "bw_min" : 0,
        "bw_max" : 0,
        "bw_agg" : 0.000000,
        "bw_mean" : 0.000000,
        "bw_dev" : 0.000000,
        "bw_samples" : 0,
        "iops_min" : 0,
        "iops_max" : 0,
        "iops_mean" : 0.000000,
        "iops_stddev" : 0.000000,
        "iops_samples" : 0
      },
      "trim" : {
        "io_bytes" : 0,
        "io_kbytes" : 0,
        "bw_bytes" : 0,
        "bw" : 0,
        "iops" : 0.000000,
        "runtime" : 0,
        "total_ios" : 0,
        "short_ios" : 0,
        "drop_ios" : 0,
        "slat_ns" : {
          "min" : 0,
          "max" : 0,
          "mean" : 0.000000,
          "stddev" : 0.000000,
          "N" : 0
        },
        "clat_ns" : {
          "min" : 0,
          "max" : 0,
          "mean" : 0.000000,
          "stddev" : 0.000000,
          "N" : 0
        },
        "lat_ns" : {
          "min" : 0,
          "max" : 0,
          "mean" : 0.000000,
          "stddev" : 0.000000,
          "N" : 0
        },
        "bw_min" : 0,
        "bw_max" : 0,
        "bw_agg" : 0.000000,
        "bw_mean" : 0.000000,
        "bw_dev" : 0.000000,
        "bw_samples" : 0,
        "iops_min" : 0,
        "iops_max" : 0,
        "iops_mean" : 0.000000,
        "iops_stddev" : 0.000000,
        "iops_samples" : 0
      },
      "sync" : {
        "total_ios" : 0,
        "lat_ns" : {
          "min" : 0,
          "max" : 0,
          "mean" : 0.000000,
          "stddev" : 0.000000,
          "N" : 0
        }
      },
      "job_runtime" : 9601046,
      "usr_cpu" : 0.318726,
      "sys_cpu" : 0.241797,
      "ctx" : 2348540,
      "majf" : 0,
      "minf" : 306,
      "iodepth_level" : {
        "1" : 0.000000,
        "2" : 0.000000,
        "4" : 0.000000,
        "8" : 100.000000,
        "16" : 0.000000,
        "32" : 0.000000,
        ">=64" : 0.000000
      },
      "iodepth_submit" : {
        "0" : 0.000000,
        "4" : 100.000000,
        "8" : 0.000000,
        "16" : 0.000000,
        "32" : 0.000000,
        "64" : 0.000000,
        ">=64" : 0.000000
      },
      "iodepth_complete" : {
        "0" : 0.000000,
        "4" : 99.999321,
        "8" : 0.100000,
        "16" : 0.000000,
        "32" : 0.000000,
        "64" : 0.000000,
        ">=64" : 0.000000
      },
      "latency_ns" : {
        "2" : 0.000000,
        "4" : 0.000000,
        "10" : 0.000000,
        "20" : 0.000000,
        "50" : 0.000000,
        "100" : 0.000000,
        "250" : 0.000000,
        "500" : 0.000000,
        "750" : 0.000000,
        "1000" : 0.000000
      },
      "latency_us" : {
        "2" : 0.000000,
        "4" : 0.000000,
        "10" : 0.000000,
        "20" : 0.000000,
        "50" : 0.000000,
        "100" : 0.000000,
        "250" : 0.000000,
        "500" : 0.000000,
        "750" : 0.010000,
        "1000" : 0.010000
      },
      "latency_ms" : {
        "2" : 0.133867,
        "4" : 1.823369,
        "10" : 6.621640,
        "20" : 25.528017,
        "50" : 47.935934,
        "100" : 16.299545,
        "250" : 1.663867,
        "500" : 0.010000,
        "750" : 0.000000,
        "1000" : 0.000000,
        "2000" : 0.000000,
        ">=2000" : 0.000000
      },
      "latency_depth" : 8,
      "latency_target" : 0,
      "latency_percentile" : 100.000000,
      "latency_window" : 0
    }
  ],
  "disk_util" : [
    {
      "name" : "sda",
      "read_ios" : 0,
      "write_ios" : 8039,
      "read_sectors" : 0,
      "write_sectors" : 208968,
      "read_merges" : 0,
      "write_merges" : 12175,
      "read_ticks" : 0,
      "write_ticks" : 1269,
      "in_queue" : 1354,
      "util" : 0.172794
    }
  ]
}
