{
    "iodepth": [
        "1",
        "2",
        "4",
        "8",
        "16",
        "24",
        "32",
        "40",
        "52",
        "64"
    ],
    "bw": [
        475.303,
        497.416,
        498.283,
        502.58,
        515.844,
        497.753,
        530.99,
        493.015,
        509.298,
        639.158
    ],
    "total_ios": [
        2228032,
        2331731,
        2335833,
        2356078,
        2418540,
        2334475,
        2489428,
        2311296,
        2387011,
        2994641
    ],
    "clat_ms": [
        4.297579213883,
        8.223824343663999,
        16.42968941788,
        32.590012261809,
        63.509957913503996,
        89.39588296321499,
        101.13381019067401,
        94.39721617314001,
        93.042966277654,
        42.871931630546
    ],
    "clat_stdev": [
        2.104932596595,
        4.970092680029,
        10.333167164755,
        22.919168784069,
        53.390766793297,
        83.740116834723,
        98.06072571953099,
        94.477753627207,
        93.149125506022,
        74.28070098821101
    ],
    "usr_cpu": [
        0.337185,
        0.327524,
        0.325035,
        0.318726,
        0.315291,
        0.278086,
        0.324102,
        0.432047,
        0.528989,
        0.983612
    ],
    "sys_cpu": [
        0.244186,
        0.242922,
        0.243174,
        0.241797,
        0.240465,
        0.207644,
        0.251485,
        0.36095,
        0.458581,
        0.97062
    ],
    "OSD_cpu": [
        707.1666666666665,
        749.2300000000001,
        747.7466666666667,
        750.6499999999991,
        748.6200000000001,
        747.8766666666664,
        750.9466666666666,
        751.2,
        751.5966666666664,
        754.8466666666664,
        755.8066666666662,
        743.803333333333,
        757.179999999999,
        752.17,
        756.3266666666665,
        748.9933333333332,
        754.7066666666663,
        752.1666666666667,
        727.9399999999998,
        733.0233333333329,
        747.0699999999994,
        727.4833333333333,
        737.7199999999998,
        732.3466666666661
    ],
    "OSD_mem": [
        182.48000000000027,
        192.0,
        192.0,
        192.0,
        192.0,
        192.0,
        192.0,
        192.0,
        192.0,
        192.0,
        192.0,
        192.0,
        192.0,
        192.0,
        192.0,
        192.0,
        192.0,
        192.0,
        192.0,
        192.0,
        192.0,
        192.0,
        192.0,
        192.0
    ],
    "FIO_cpu": [
        157.25333333333285,
        166.16333333333304,
        164.59333333333248,
        165.56999999999883,
        164.1666666666661,
        163.63333333333284,
        164.30333333333311,
        163.07666666666626,
        163.4899999999997,
        164.62333333333297,
        156.91999999999925,
        128.7133333333328,
        142.85999999999981,
        144.723333333333,
        146.633333333333,
        134.87333333333268,
        140.48999999999995,
        140.5833333333329,
        122.53666666666678,
        124.29666666666662,
        132.33999999999966,
        115.75666666666669,
        136.73333333333358,
        139.78333333333347
    ],
    "FIO_mem": [
        0.0,
        0.0,
        0.0,
        0.0,
        0.0,
        0.0,
        43.49999999999695,
        1.5000000000000122,
        33.000000000005215,
        44.4399999999961,
        44.90666666666234,
        44.626666666662594,
        40.75333333333278,
        36.08666666667036,
        40.333333333333165,
        28.34000000000416,
        33.33333333333863,
        33.52000000000534,
        18.86666666666867,
        20.686666666669087,
        23.16000000000298,
        17.093333333334936,
        17.093333333334936,
        18.4000000000019
    ]
}