{
    "iodepth": [
        "128"
    ],
    "iops": [
        9829.344755
    ],
    "total_ios": [
        539287
    ],
    "clat_ms": [
        2.8313291012360002
    ],
    "clat_stdev": [
        248.045122088752
    ],
    "usr_cpu": [
        0.251917
    ],
    "sys_cpu": [
        0.193235
    ],
    "OSD_cpu": [
        0.0
    ],
    "OSD_mem": [
        0.0
    ],
    "FIO_cpu": [
        52.28666666666644
    ],
    "FIO_mem": [
        0.0
    ]
}