{
  "fio version" : "fio-3.39-26-ga72fe",
  "timestamp" : 1750856136,
  "timestamp_ms" : 1750856136630,
  "time" : "Wed Jun 25 12:55:36 2025",
  "global options" : {
    "ioengine" : "rbd",
    "bs" : "4k",
    "rw" : "randread",
    "direct" : "1",
    "runtime" : "5m",
    "time_based" : "",
    "group_reporting" : "",
    "ramp_time" : "30s",
    "thread" : "1",
    "iodepth" : "1",
    "clientname" : "admin",
    "pool" : "rbd"
  },
  "jobs" : [
    {
      "jobname" : "fio_test_0",
      "groupid" : 0,
      "job_start" : 1750855836523,
      "error" : 0,
      "eta" : 0,
      "elapsed" : 331,
      "job options" : {
        "max_latency" : "1s",
        "numjobs" : "1",
        "rbdname" : "fio_test_31"
      },
      "read" : {
        "io_bytes" : 69303406592,
        "io_kbytes" : 67679108,
        "bw_bytes" : 231009045,
        "bw" : 225594,
        "iops" : 56398.692680,
        "runtime" : 300003,
        "total_ios" : 16919777,
        "short_ios" : 0,
        "drop_ios" : 0,
        "slat_ns" : {
          "min" : 1391,
          "max" : 545700,
          "mean" : 2755.833899,
          "stddev" : 988.322560,
          "N" : 16919777
        },
        "clat_ns" : {
          "min" : 99605,
          "max" : 21455049,
          "mean" : 563629.633391,
          "stddev" : 239772.454778,
          "N" : 16919777,
          "percentile" : {
            "1.000000" : 175104,
            "5.000000" : 254976,
            "10.000000" : 296960,
            "20.000000" : 362496,
            "30.000000" : 419840,
            "40.000000" : 477184,
            "50.000000" : 528384,
            "60.000000" : 593920,
            "70.000000" : 659456,
            "80.000000" : 741376,
            "90.000000" : 872448,
            "95.000000" : 987136,
            "99.000000" : 1220608,
            "99.500000" : 1318912,
            "99.900000" : 1581056,
            "99.950000" : 1744896,
            "99.990000" : 3751936
          }
        },
        "lat_ns" : {
          "min" : 125126,
          "max" : 21457616,
          "mean" : 566385.467290,
          "stddev" : 239800.724020,
          "N" : 16919777
        },
        "bw_min" : 166024,
        "bw_max" : 258758,
        "bw_agg" : 100.000000,
        "bw_mean" : 225672.122418,
        "bw_dev" : 431.249253,
        "bw_samples" : 19193,
        "iops_min" : 41506,
        "iops_max" : 64688,
        "iops_mean" : 56416.661016,
        "iops_stddev" : 107.811550,
        "iops_samples" : 19193
      },
      "write" : {
        "io_bytes" : 0,
        "io_kbytes" : 0,
        "bw_bytes" : 0,
        "bw" : 0,
        "iops" : 0.000000,
        "runtime" : 0,
        "total_ios" : 0,
        "short_ios" : 0,
        "drop_ios" : 0,
        "slat_ns" : {
          "min" : 0,
          "max" : 0,
          "mean" : 0.000000,
          "stddev" : 0.000000,
          "N" : 0
        },
        "clat_ns" : {
          "min" : 0,
          "max" : 0,
          "mean" : 0.000000,
          "stddev" : 0.000000,
          "N" : 0
        },
        "lat_ns" : {
          "min" : 0,
          "max" : 0,
          "mean" : 0.000000,
          "stddev" : 0.000000,
          "N" : 0
        },
        "bw_min" : 0,
        "bw_max" : 0,
        "bw_agg" : 0.000000,
        "bw_mean" : 0.000000,
        "bw_dev" : 0.000000,
        "bw_samples" : 0,
        "iops_min" : 0,
        "iops_max" : 0,
        "iops_mean" : 0.000000,
        "iops_stddev" : 0.000000,
        "iops_samples" : 0
      },
      "trim" : {
        "io_bytes" : 0,
        "io_kbytes" : 0,
        "bw_bytes" : 0,
        "bw" : 0,
        "iops" : 0.000000,
        "runtime" : 0,
        "total_ios" : 0,
        "short_ios" : 0,
        "drop_ios" : 0,
        "slat_ns" : {
          "min" : 0,
          "max" : 0,
          "mean" : 0.000000,
          "stddev" : 0.000000,
          "N" : 0
        },
        "clat_ns" : {
          "min" : 0,
          "max" : 0,
          "mean" : 0.000000,
          "stddev" : 0.000000,
          "N" : 0
        },
        "lat_ns" : {
          "min" : 0,
          "max" : 0,
          "mean" : 0.000000,
          "stddev" : 0.000000,
          "N" : 0
        },
        "bw_min" : 0,
        "bw_max" : 0,
        "bw_agg" : 0.000000,
        "bw_mean" : 0.000000,
        "bw_dev" : 0.000000,
        "bw_samples" : 0,
        "iops_min" : 0,
        "iops_max" : 0,
        "iops_mean" : 0.000000,
        "iops_stddev" : 0.000000,
        "iops_samples" : 0
      },
      "sync" : {
        "total_ios" : 0,
        "lat_ns" : {
          "min" : 0,
          "max" : 0,
          "mean" : 0.000000,
          "stddev" : 0.000000,
          "N" : 0
        }
      },
      "job_runtime" : 9600013,
      "usr_cpu" : 0.762249,
      "sys_cpu" : 0.688051,
      "ctx" : 16919940,
      "majf" : 0,
      "minf" : 1068,
      "iodepth_level" : {
        "1" : 100.000000,
        "2" : 0.000000,
        "4" : 0.000000,
        "8" : 0.000000,
        "16" : 0.000000,
        "32" : 0.000000,
        ">=64" : 0.000000
      },
      "iodepth_submit" : {
        "0" : 0.000000,
        "4" : 100.000000,
        "8" : 0.000000,
        "16" : 0.000000,
        "32" : 0.000000,
        "64" : 0.000000,
        ">=64" : 0.000000
      },
      "iodepth_complete" : {
        "0" : 0.000000,
        "4" : 100.000000,
        "8" : 0.000000,
        "16" : 0.000000,
        "32" : 0.000000,
        "64" : 0.000000,
        ">=64" : 0.000000
      },
      "latency_ns" : {
        "2" : 0.000000,
        "4" : 0.000000,
        "10" : 0.000000,
        "20" : 0.000000,
        "50" : 0.000000,
        "100" : 0.000000,
        "250" : 0.000000,
        "500" : 0.000000,
        "750" : 0.000000,
        "1000" : 0.000000
      },
      "latency_us" : {
        "2" : 0.000000,
        "4" : 0.000000,
        "10" : 0.000000,
        "20" : 0.000000,
        "50" : 0.000000,
        "100" : 0.010000,
        "250" : 4.564298,
        "500" : 39.975905,
        "750" : 36.140630,
        "1000" : 14.826448
      },
      "latency_ms" : {
        "2" : 4.468292,
        "4" : 0.015195,
        "10" : 0.010000,
        "20" : 0.010000,
        "50" : 0.010000,
        "100" : 0.000000,
        "250" : 0.000000,
        "500" : 0.000000,
        "750" : 0.000000,
        "1000" : 0.000000,
        "2000" : 0.000000,
        ">=2000" : 0.000000
      },
      "latency_depth" : 1,
      "latency_target" : 0,
      "latency_percentile" : 100.000000,
      "latency_window" : 0
    }
  ],
  "disk_util" : [
    {
      "name" : "sda",
      "read_ios" : 78,
      "write_ios" : 17984,
      "read_sectors" : 10640,
      "write_sectors" : 9474864,
      "read_merges" : 0,
      "write_merges" : 12304,
      "read_ticks" : 39,
      "write_ticks" : 59875,
      "in_queue" : 60043,
      "util" : 2.839143
    }
  ]
}
