{
  "fio version" : "fio-3.39-26-ga72fe",
  "timestamp" : 1750859459,
  "timestamp_ms" : 1750859459546,
  "time" : "Wed Jun 25 13:50:59 2025",
  "global options" : {
    "ioengine" : "rbd",
    "bs" : "4k",
    "rw" : "randread",
    "direct" : "1",
    "runtime" : "5m",
    "time_based" : "",
    "group_reporting" : "",
    "ramp_time" : "30s",
    "thread" : "1",
    "iodepth" : "52",
    "clientname" : "admin",
    "pool" : "rbd"
  },
  "jobs" : [
    {
      "jobname" : "fio_test_0",
      "groupid" : 0,
      "job_start" : 1750859159394,
      "error" : 0,
      "eta" : 0,
      "elapsed" : 331,
      "job options" : {
        "max_latency" : "1s",
        "numjobs" : "1",
        "rbdname" : "fio_test_31"
      },
      "read" : {
        "io_bytes" : 100643704832,
        "io_kbytes" : 98284868,
        "bw_bytes" : 335414169,
        "bw" : 327552,
        "iops" : 81882.785995,
        "runtime" : 300058,
        "total_ios" : 24569585,
        "short_ios" : 0,
        "drop_ios" : 0,
        "slat_ns" : {
          "min" : 429,
          "max" : 322051,
          "mean" : 3539.957671,
          "stddev" : 2946.937197,
          "N" : 24569585
        },
        "clat_ns" : {
          "min" : 132321,
          "max" : 787988244,
          "mean" : 20323244.238679,
          "stddev" : 58626198.755421,
          "N" : 24571217,
          "percentile" : {
            "1.000000" : 1003520,
            "5.000000" : 2375680,
            "10.000000" : 3457024,
            "20.000000" : 5013504,
            "30.000000" : 6389760,
            "40.000000" : 7503872,
            "50.000000" : 8978432,
            "60.000000" : 10420224,
            "70.000000" : 12386304,
            "80.000000" : 15007744,
            "90.000000" : 23461888,
            "95.000000" : 50593792,
            "99.000000" : 354418688,
            "99.500000" : 480247808,
            "99.900000" : 650117120,
            "99.950000" : 675282944,
            "99.990000" : 734003200
          }
        },
        "lat_ns" : {
          "min" : 133980,
          "max" : 787991821,
          "mean" : 20326784.178803,
          "stddev" : 58626202.555553,
          "N" : 24571217
        },
        "bw_min" : 128953,
        "bw_max" : 450348,
        "bw_agg" : 100.000000,
        "bw_mean" : 327768.055225,
        "bw_dev" : 1295.626847,
        "bw_samples" : 19176,
        "iops_min" : 32237,
        "iops_max" : 112587,
        "iops_mean" : 81941.273361,
        "iops_stddev" : 323.907066,
        "iops_samples" : 19176
      },
      "write" : {
        "io_bytes" : 0,
        "io_kbytes" : 0,
        "bw_bytes" : 0,
        "bw" : 0,
        "iops" : 0.000000,
        "runtime" : 0,
        "total_ios" : 0,
        "short_ios" : 0,
        "drop_ios" : 0,
        "slat_ns" : {
          "min" : 0,
          "max" : 0,
          "mean" : 0.000000,
          "stddev" : 0.000000,
          "N" : 0
        },
        "clat_ns" : {
          "min" : 0,
          "max" : 0,
          "mean" : 0.000000,
          "stddev" : 0.000000,
          "N" : 0
        },
        "lat_ns" : {
          "min" : 0,
          "max" : 0,
          "mean" : 0.000000,
          "stddev" : 0.000000,
          "N" : 0
        },
        "bw_min" : 0,
        "bw_max" : 0,
        "bw_agg" : 0.000000,
        "bw_mean" : 0.000000,
        "bw_dev" : 0.000000,
        "bw_samples" : 0,
        "iops_min" : 0,
        "iops_max" : 0,
        "iops_mean" : 0.000000,
        "iops_stddev" : 0.000000,
        "iops_samples" : 0
      },
      "trim" : {
        "io_bytes" : 0,
        "io_kbytes" : 0,
        "bw_bytes" : 0,
        "bw" : 0,
        "iops" : 0.000000,
        "runtime" : 0,
        "total_ios" : 0,
        "short_ios" : 0,
        "drop_ios" : 0,
        "slat_ns" : {
          "min" : 0,
          "max" : 0,
          "mean" : 0.000000,
          "stddev" : 0.000000,
          "N" : 0
        },
        "clat_ns" : {
          "min" : 0,
          "max" : 0,
          "mean" : 0.000000,
          "stddev" : 0.000000,
          "N" : 0
        },
        "lat_ns" : {
          "min" : 0,
          "max" : 0,
          "mean" : 0.000000,
          "stddev" : 0.000000,
          "N" : 0
        },
        "bw_min" : 0,
        "bw_max" : 0,
        "bw_agg" : 0.000000,
        "bw_mean" : 0.000000,
        "bw_dev" : 0.000000,
        "bw_samples" : 0,
        "iops_min" : 0,
        "iops_max" : 0,
        "iops_mean" : 0.000000,
        "iops_stddev" : 0.000000,
        "iops_samples" : 0
      },
      "sync" : {
        "total_ios" : 0,
        "lat_ns" : {
          "min" : 0,
          "max" : 0,
          "mean" : 0.000000,
          "stddev" : 0.000000,
          "N" : 0
        }
      },
      "job_runtime" : 9601646,
      "usr_cpu" : 1.419882,
      "sys_cpu" : 1.149615,
      "ctx" : 14502395,
      "majf" : 0,
      "minf" : 1465,
      "iodepth_level" : {
        "1" : 0.000000,
        "2" : 0.000000,
        "4" : 0.000000,
        "8" : 0.000000,
        "16" : 0.000000,
        "32" : 100.000000,
        ">=64" : 0.000000
      },
      "iodepth_submit" : {
        "0" : 0.000000,
        "4" : 100.000000,
        "8" : 0.000000,
        "16" : 0.000000,
        "32" : 0.000000,
        "64" : 0.000000,
        ">=64" : 0.000000
      },
      "iodepth_complete" : {
        "0" : 0.000000,
        "4" : 99.999935,
        "8" : 0.000000,
        "16" : 0.000000,
        "32" : 0.000000,
        "64" : 0.100000,
        ">=64" : 0.000000
      },
      "latency_ns" : {
        "2" : 0.000000,
        "4" : 0.000000,
        "10" : 0.000000,
        "20" : 0.000000,
        "50" : 0.000000,
        "100" : 0.000000,
        "250" : 0.000000,
        "500" : 0.000000,
        "750" : 0.000000,
        "1000" : 0.000000
      },
      "latency_us" : {
        "2" : 0.000000,
        "4" : 0.000000,
        "10" : 0.000000,
        "20" : 0.000000,
        "50" : 0.000000,
        "100" : 0.000000,
        "250" : 0.025222,
        "500" : 0.236919,
        "750" : 0.296118,
        "1000" : 0.429002
      },
      "latency_ms" : {
        "2" : 2.834073,
        "4" : 9.635731,
        "10" : 44.138190,
        "20" : 30.134005,
        "50" : 7.242747,
        "100" : 1.791333,
        "250" : 1.640671,
        "500" : 1.169792,
        "750" : 0.426926,
        "1000" : 0.010000,
        "2000" : 0.000000,
        ">=2000" : 0.000000
      },
      "latency_depth" : 52,
      "latency_target" : 0,
      "latency_percentile" : 100.000000,
      "latency_window" : 0
    }
  ],
  "disk_util" : [
    {
      "name" : "sda",
      "read_ios" : 0,
      "write_ios" : 4029,
      "read_sectors" : 0,
      "write_sectors" : 107664,
      "read_merges" : 0,
      "write_merges" : 5586,
      "read_ticks" : 0,
      "write_ticks" : 687,
      "in_queue" : 727,
      "util" : 0.094863
    }
  ]
}
