{
  "fio version" : "fio-3.39-26-ga72fe",
  "timestamp" : 1750858130,
  "timestamp_ms" : 1750858130357,
  "time" : "Wed Jun 25 13:28:50 2025",
  "global options" : {
    "ioengine" : "rbd",
    "bs" : "4k",
    "rw" : "randread",
    "direct" : "1",
    "runtime" : "5m",
    "time_based" : "",
    "group_reporting" : "",
    "ramp_time" : "30s",
    "thread" : "1",
    "iodepth" : "32",
    "clientname" : "admin",
    "pool" : "rbd"
  },
  "jobs" : [
    {
      "jobname" : "fio_test_0",
      "groupid" : 0,
      "job_start" : 1750857830230,
      "error" : 0,
      "eta" : 0,
      "elapsed" : 331,
      "job options" : {
        "max_latency" : "1s",
        "numjobs" : "1",
        "rbdname" : "fio_test_31"
      },
      "read" : {
        "io_bytes" : 101986242560,
        "io_kbytes" : 99595940,
        "bw_bytes" : 339926947,
        "bw" : 331959,
        "iops" : 82986.671066,
        "runtime" : 300024,
        "total_ios" : 24897993,
        "short_ios" : 0,
        "drop_ios" : 0,
        "slat_ns" : {
          "min" : 417,
          "max" : 690073,
          "mean" : 3232.196245,
          "stddev" : 2618.347197,
          "N" : 24897993
        },
        "clat_ns" : {
          "min" : 133644,
          "max" : 451123923,
          "mean" : 12335028.085871,
          "stddev" : 20386609.810252,
          "N" : 24898985,
          "percentile" : {
            "1.000000" : 987136,
            "5.000000" : 2342912,
            "10.000000" : 3424256,
            "20.000000" : 4947968,
            "30.000000" : 6062080,
            "40.000000" : 7176192,
            "50.000000" : 8454144,
            "60.000000" : 9502720,
            "70.000000" : 10944512,
            "80.000000" : 13041664,
            "90.000000" : 17956864,
            "95.000000" : 29491200,
            "99.000000" : 122159104,
            "99.500000" : 164626432,
            "99.900000" : 231735296,
            "99.950000" : 250609664,
            "99.990000" : 291504128
          }
        },
        "lat_ns" : {
          "min" : 135484,
          "max" : 451126005,
          "mean" : 12338260.279128,
          "stddev" : 20386614.985366,
          "N" : 24898985
        },
        "bw_min" : 97271,
        "bw_max" : 431227,
        "bw_agg" : 100.000000,
        "bw_mean" : 332105.113673,
        "bw_dev" : 1020.763079,
        "bw_samples" : 19190,
        "iops_min" : 24317,
        "iops_max" : 107804,
        "iops_mean" : 83024.648417,
        "iops_stddev" : 255.188705,
        "iops_samples" : 19190
      },
      "write" : {
        "io_bytes" : 0,
        "io_kbytes" : 0,
        "bw_bytes" : 0,
        "bw" : 0,
        "iops" : 0.000000,
        "runtime" : 0,
        "total_ios" : 0,
        "short_ios" : 0,
        "drop_ios" : 0,
        "slat_ns" : {
          "min" : 0,
          "max" : 0,
          "mean" : 0.000000,
          "stddev" : 0.000000,
          "N" : 0
        },
        "clat_ns" : {
          "min" : 0,
          "max" : 0,
          "mean" : 0.000000,
          "stddev" : 0.000000,
          "N" : 0
        },
        "lat_ns" : {
          "min" : 0,
          "max" : 0,
          "mean" : 0.000000,
          "stddev" : 0.000000,
          "N" : 0
        },
        "bw_min" : 0,
        "bw_max" : 0,
        "bw_agg" : 0.000000,
        "bw_mean" : 0.000000,
        "bw_dev" : 0.000000,
        "bw_samples" : 0,
        "iops_min" : 0,
        "iops_max" : 0,
        "iops_mean" : 0.000000,
        "iops_stddev" : 0.000000,
        "iops_samples" : 0
      },
      "trim" : {
        "io_bytes" : 0,
        "io_kbytes" : 0,
        "bw_bytes" : 0,
        "bw" : 0,
        "iops" : 0.000000,
        "runtime" : 0,
        "total_ios" : 0,
        "short_ios" : 0,
        "drop_ios" : 0,
        "slat_ns" : {
          "min" : 0,
          "max" : 0,
          "mean" : 0.000000,
          "stddev" : 0.000000,
          "N" : 0
        },
        "clat_ns" : {
          "min" : 0,
          "max" : 0,
          "mean" : 0.000000,
          "stddev" : 0.000000,
          "N" : 0
        },
        "lat_ns" : {
          "min" : 0,
          "max" : 0,
          "mean" : 0.000000,
          "stddev" : 0.000000,
          "N" : 0
        },
        "bw_min" : 0,
        "bw_max" : 0,
        "bw_agg" : 0.000000,
        "bw_mean" : 0.000000,
        "bw_dev" : 0.000000,
        "bw_samples" : 0,
        "iops_min" : 0,
        "iops_max" : 0,
        "iops_mean" : 0.000000,
        "iops_stddev" : 0.000000,
        "iops_samples" : 0
      },
      "sync" : {
        "total_ios" : 0,
        "lat_ns" : {
          "min" : 0,
          "max" : 0,
          "mean" : 0.000000,
          "stddev" : 0.000000,
          "N" : 0
        }
      },
      "job_runtime" : 9600629,
      "usr_cpu" : 1.287843,
      "sys_cpu" : 1.104032,
      "ctx" : 14658115,
      "majf" : 0,
      "minf" : 533,
      "iodepth_level" : {
        "1" : 0.000000,
        "2" : 0.000000,
        "4" : 0.000000,
        "8" : 0.000000,
        "16" : 0.000000,
        "32" : 100.000000,
        ">=64" : 0.000000
      },
      "iodepth_submit" : {
        "0" : 0.000000,
        "4" : 100.000000,
        "8" : 0.000000,
        "16" : 0.000000,
        "32" : 0.000000,
        "64" : 0.000000,
        ">=64" : 0.000000
      },
      "iodepth_complete" : {
        "0" : 0.000000,
        "4" : 99.999936,
        "8" : 0.000000,
        "16" : 0.000000,
        "32" : 0.100000,
        "64" : 0.000000,
        ">=64" : 0.000000
      },
      "latency_ns" : {
        "2" : 0.000000,
        "4" : 0.000000,
        "10" : 0.000000,
        "20" : 0.000000,
        "50" : 0.000000,
        "100" : 0.000000,
        "250" : 0.000000,
        "500" : 0.000000,
        "750" : 0.000000,
        "1000" : 0.000000
      },
      "latency_us" : {
        "2" : 0.000000,
        "4" : 0.000000,
        "10" : 0.000000,
        "20" : 0.000000,
        "50" : 0.000000,
        "100" : 0.000000,
        "250" : 0.024327,
        "500" : 0.234139,
        "750" : 0.315206,
        "1000" : 0.460776
      },
      "latency_ms" : {
        "2" : 2.823276,
        "4" : 9.973499,
        "10" : 49.585696,
        "20" : 28.195522,
        "50" : 5.565091,
        "100" : 1.478296,
        "250" : 1.297466,
        "500" : 0.050691,
        "750" : 0.000000,
        "1000" : 0.000000,
        "2000" : 0.000000,
        ">=2000" : 0.000000
      },
      "latency_depth" : 32,
      "latency_target" : 0,
      "latency_percentile" : 100.000000,
      "latency_window" : 0
    }
  ],
  "disk_util" : [
    {
      "name" : "sda",
      "read_ios" : 0,
      "write_ios" : 3990,
      "read_sectors" : 0,
      "write_sectors" : 87048,
      "read_merges" : 0,
      "write_merges" : 5362,
      "read_ticks" : 0,
      "write_ticks" : 634,
      "in_queue" : 672,
      "util" : 0.089704
    }
  ]
}
