{
  "fio version" : "fio-3.39-26-ga72fe",
  "timestamp" : 1750857465,
  "timestamp_ms" : 1750857465809,
  "time" : "Wed Jun 25 13:17:45 2025",
  "global options" : {
    "ioengine" : "rbd",
    "bs" : "4k",
    "rw" : "randread",
    "direct" : "1",
    "runtime" : "5m",
    "time_based" : "",
    "group_reporting" : "",
    "ramp_time" : "30s",
    "thread" : "1",
    "iodepth" : "16",
    "clientname" : "admin",
    "pool" : "rbd"
  },
  "jobs" : [
    {
      "jobname" : "fio_test_0",
      "groupid" : 0,
      "job_start" : 1750857165681,
      "error" : 0,
      "eta" : 0,
      "elapsed" : 331,
      "job options" : {
        "max_latency" : "1s",
        "numjobs" : "1",
        "rbdname" : "fio_test_31"
      },
      "read" : {
        "io_bytes" : 102590181376,
        "io_kbytes" : 100185724,
        "bw_bytes" : 341959292,
        "bw" : 333944,
        "iops" : 83484.555360,
        "runtime" : 300007,
        "total_ios" : 25045951,
        "short_ios" : 0,
        "drop_ios" : 0,
        "slat_ns" : {
          "min" : 411,
          "max" : 332816,
          "mean" : 3648.219166,
          "stddev" : 3121.082392,
          "N" : 25045951
        },
        "clat_ns" : {
          "min" : 132543,
          "max" : 93988503,
          "mean" : 6127875.301409,
          "stddev" : 3198876.875283,
          "N" : 25046431,
          "percentile" : {
            "1.000000" : 946176,
            "5.000000" : 1974272,
            "10.000000" : 2637824,
            "20.000000" : 3719168,
            "30.000000" : 4489216,
            "40.000000" : 5144576,
            "50.000000" : 5931008,
            "60.000000" : 6520832,
            "70.000000" : 7241728,
            "80.000000" : 8028160,
            "90.000000" : 9502720,
            "95.000000" : 10944512,
            "99.000000" : 14876672,
            "99.500000" : 17432576,
            "99.900000" : 35389440,
            "99.950000" : 46399488,
            "99.990000" : 65273856
          }
        },
        "lat_ns" : {
          "min" : 134237,
          "max" : 93990873,
          "mean" : 6131523.534459,
          "stddev" : 3198905.361202,
          "N" : 25046431
        },
        "bw_min" : 127728,
        "bw_max" : 416091,
        "bw_agg" : 100.000000,
        "bw_mean" : 334080.489730,
        "bw_dev" : 791.578634,
        "bw_samples" : 19186,
        "iops_min" : 31931,
        "iops_max" : 104021,
        "iops_mean" : 83518.606183,
        "iops_stddev" : 197.892623,
        "iops_samples" : 19186
      },
      "write" : {
        "io_bytes" : 0,
        "io_kbytes" : 0,
        "bw_bytes" : 0,
        "bw" : 0,
        "iops" : 0.000000,
        "runtime" : 0,
        "total_ios" : 0,
        "short_ios" : 0,
        "drop_ios" : 0,
        "slat_ns" : {
          "min" : 0,
          "max" : 0,
          "mean" : 0.000000,
          "stddev" : 0.000000,
          "N" : 0
        },
        "clat_ns" : {
          "min" : 0,
          "max" : 0,
          "mean" : 0.000000,
          "stddev" : 0.000000,
          "N" : 0
        },
        "lat_ns" : {
          "min" : 0,
          "max" : 0,
          "mean" : 0.000000,
          "stddev" : 0.000000,
          "N" : 0
        },
        "bw_min" : 0,
        "bw_max" : 0,
        "bw_agg" : 0.000000,
        "bw_mean" : 0.000000,
        "bw_dev" : 0.000000,
        "bw_samples" : 0,
        "iops_min" : 0,
        "iops_max" : 0,
        "iops_mean" : 0.000000,
        "iops_stddev" : 0.000000,
        "iops_samples" : 0
      },
      "trim" : {
        "io_bytes" : 0,
        "io_kbytes" : 0,
        "bw_bytes" : 0,
        "bw" : 0,
        "iops" : 0.000000,
        "runtime" : 0,
        "total_ios" : 0,
        "short_ios" : 0,
        "drop_ios" : 0,
        "slat_ns" : {
          "min" : 0,
          "max" : 0,
          "mean" : 0.000000,
          "stddev" : 0.000000,
          "N" : 0
        },
        "clat_ns" : {
          "min" : 0,
          "max" : 0,
          "mean" : 0.000000,
          "stddev" : 0.000000,
          "N" : 0
        },
        "lat_ns" : {
          "min" : 0,
          "max" : 0,
          "mean" : 0.000000,
          "stddev" : 0.000000,
          "N" : 0
        },
        "bw_min" : 0,
        "bw_max" : 0,
        "bw_agg" : 0.000000,
        "bw_mean" : 0.000000,
        "bw_dev" : 0.000000,
        "bw_samples" : 0,
        "iops_min" : 0,
        "iops_max" : 0,
        "iops_mean" : 0.000000,
        "iops_stddev" : 0.000000,
        "iops_samples" : 0
      },
      "sync" : {
        "total_ios" : 0,
        "lat_ns" : {
          "min" : 0,
          "max" : 0,
          "mean" : 0.000000,
          "stddev" : 0.000000,
          "N" : 0
        }
      },
      "job_runtime" : 9600109,
      "usr_cpu" : 1.462910,
      "sys_cpu" : 1.233861,
      "ctx" : 15014544,
      "majf" : 0,
      "minf" : 733,
      "iodepth_level" : {
        "1" : 0.000000,
        "2" : 0.000000,
        "4" : 0.000000,
        "8" : 0.000000,
        "16" : 100.000000,
        "32" : 0.000000,
        ">=64" : 0.000000
      },
      "iodepth_submit" : {
        "0" : 0.000000,
        "4" : 100.000000,
        "8" : 0.000000,
        "16" : 0.000000,
        "32" : 0.000000,
        "64" : 0.000000,
        ">=64" : 0.000000
      },
      "iodepth_complete" : {
        "0" : 0.000000,
        "4" : 99.999936,
        "8" : 0.000000,
        "16" : 0.100000,
        "32" : 0.000000,
        "64" : 0.000000,
        ">=64" : 0.000000
      },
      "latency_ns" : {
        "2" : 0.000000,
        "4" : 0.000000,
        "10" : 0.000000,
        "20" : 0.000000,
        "50" : 0.000000,
        "100" : 0.000000,
        "250" : 0.000000,
        "500" : 0.000000,
        "750" : 0.000000,
        "1000" : 0.000000
      },
      "latency_us" : {
        "2" : 0.000000,
        "4" : 0.000000,
        "10" : 0.000000,
        "20" : 0.000000,
        "50" : 0.000000,
        "100" : 0.000000,
        "250" : 0.027629,
        "500" : 0.235148,
        "750" : 0.343169,
        "1000" : 0.549402
      },
      "latency_ms" : {
        "2" : 4.079709,
        "4" : 17.950175,
        "10" : 69.005609,
        "20" : 7.486140,
        "50" : 0.285539,
        "100" : 0.039396,
        "250" : 0.000000,
        "500" : 0.000000,
        "750" : 0.000000,
        "1000" : 0.000000,
        "2000" : 0.000000,
        ">=2000" : 0.000000
      },
      "latency_depth" : 16,
      "latency_target" : 0,
      "latency_percentile" : 100.000000,
      "latency_window" : 0
    }
  ],
  "disk_util" : [
    {
      "name" : "sda",
      "read_ios" : 0,
      "write_ios" : 3704,
      "read_sectors" : 0,
      "write_sectors" : 97320,
      "read_merges" : 0,
      "write_merges" : 5508,
      "read_ticks" : 0,
      "write_ticks" : 556,
      "in_queue" : 595,
      "util" : 0.089704
    }
  ]
}
