{
  "fio version" : "fio-3.39-26-ga72fe",
  "timestamp" : 1750856801,
  "timestamp_ms" : 1750856801269,
  "time" : "Wed Jun 25 13:06:41 2025",
  "global options" : {
    "ioengine" : "rbd",
    "bs" : "4k",
    "rw" : "randread",
    "direct" : "1",
    "runtime" : "5m",
    "time_based" : "",
    "group_reporting" : "",
    "ramp_time" : "30s",
    "thread" : "1",
    "iodepth" : "4",
    "clientname" : "admin",
    "pool" : "rbd"
  },
  "jobs" : [
    {
      "jobname" : "fio_test_0",
      "groupid" : 0,
      "job_start" : 1750856501184,
      "error" : 0,
      "eta" : 0,
      "elapsed" : 331,
      "job options" : {
        "max_latency" : "1s",
        "numjobs" : "1",
        "rbdname" : "fio_test_31"
      },
      "read" : {
        "io_bytes" : 91876343808,
        "io_kbytes" : 89722992,
        "bw_bytes" : 306250396,
        "bw" : 299072,
        "iops" : 74767.843095,
        "runtime" : 300004,
        "total_ios" : 22430652,
        "short_ios" : 0,
        "drop_ios" : 0,
        "slat_ns" : {
          "min" : 464,
          "max" : 309694,
          "mean" : 2961.328654,
          "stddev" : 1903.918945,
          "N" : 22430652
        },
        "clat_ns" : {
          "min" : 130412,
          "max" : 14816789,
          "mean" : 1708007.999246,
          "stddev" : 772808.135605,
          "N" : 22430748,
          "percentile" : {
            "1.000000" : 358400,
            "5.000000" : 626688,
            "10.000000" : 815104,
            "20.000000" : 1056768,
            "30.000000" : 1269760,
            "40.000000" : 1449984,
            "50.000000" : 1613824,
            "60.000000" : 1810432,
            "70.000000" : 2007040,
            "80.000000" : 2277376,
            "90.000000" : 2670592,
            "95.000000" : 3063808,
            "99.000000" : 3981312,
            "99.500000" : 4423680,
            "99.900000" : 5734400,
            "99.950000" : 6520832,
            "99.990000" : 8028160
          }
        },
        "lat_ns" : {
          "min" : 133390,
          "max" : 14818921,
          "mean" : 1710969.326903,
          "stddev" : 772829.744224,
          "N" : 22430748
        },
        "bw_min" : 243502,
        "bw_max" : 326298,
        "bw_agg" : 100.000000,
        "bw_mean" : 299154.654853,
        "bw_dev" : 256.061078,
        "bw_samples" : 19187,
        "iops_min" : 60874,
        "iops_max" : 81574,
        "iops_mean" : 74787.614129,
        "iops_stddev" : 64.014152,
        "iops_samples" : 19187
      },
      "write" : {
        "io_bytes" : 0,
        "io_kbytes" : 0,
        "bw_bytes" : 0,
        "bw" : 0,
        "iops" : 0.000000,
        "runtime" : 0,
        "total_ios" : 0,
        "short_ios" : 0,
        "drop_ios" : 0,
        "slat_ns" : {
          "min" : 0,
          "max" : 0,
          "mean" : 0.000000,
          "stddev" : 0.000000,
          "N" : 0
        },
        "clat_ns" : {
          "min" : 0,
          "max" : 0,
          "mean" : 0.000000,
          "stddev" : 0.000000,
          "N" : 0
        },
        "lat_ns" : {
          "min" : 0,
          "max" : 0,
          "mean" : 0.000000,
          "stddev" : 0.000000,
          "N" : 0
        },
        "bw_min" : 0,
        "bw_max" : 0,
        "bw_agg" : 0.000000,
        "bw_mean" : 0.000000,
        "bw_dev" : 0.000000,
        "bw_samples" : 0,
        "iops_min" : 0,
        "iops_max" : 0,
        "iops_mean" : 0.000000,
        "iops_stddev" : 0.000000,
        "iops_samples" : 0
      },
      "trim" : {
        "io_bytes" : 0,
        "io_kbytes" : 0,
        "bw_bytes" : 0,
        "bw" : 0,
        "iops" : 0.000000,
        "runtime" : 0,
        "total_ios" : 0,
        "short_ios" : 0,
        "drop_ios" : 0,
        "slat_ns" : {
          "min" : 0,
          "max" : 0,
          "mean" : 0.000000,
          "stddev" : 0.000000,
          "N" : 0
        },
        "clat_ns" : {
          "min" : 0,
          "max" : 0,
          "mean" : 0.000000,
          "stddev" : 0.000000,
          "N" : 0
        },
        "lat_ns" : {
          "min" : 0,
          "max" : 0,
          "mean" : 0.000000,
          "stddev" : 0.000000,
          "N" : 0
        },
        "bw_min" : 0,
        "bw_max" : 0,
        "bw_agg" : 0.000000,
        "bw_mean" : 0.000000,
        "bw_dev" : 0.000000,
        "bw_samples" : 0,
        "iops_min" : 0,
        "iops_max" : 0,
        "iops_mean" : 0.000000,
        "iops_stddev" : 0.000000,
        "iops_samples" : 0
      },
      "sync" : {
        "total_ios" : 0,
        "lat_ns" : {
          "min" : 0,
          "max" : 0,
          "mean" : 0.000000,
          "stddev" : 0.000000,
          "N" : 0
        }
      },
      "job_runtime" : 9600039,
      "usr_cpu" : 1.046402,
      "sys_cpu" : 0.922705,
      "ctx" : 18081707,
      "majf" : 0,
      "minf" : 363,
      "iodepth_level" : {
        "1" : 0.000000,
        "2" : 0.000000,
        "4" : 100.000000,
        "8" : 0.000000,
        "16" : 0.000000,
        "32" : 0.000000,
        ">=64" : 0.000000
      },
      "iodepth_submit" : {
        "0" : 0.000000,
        "4" : 100.000000,
        "8" : 0.000000,
        "16" : 0.000000,
        "32" : 0.000000,
        "64" : 0.000000,
        ">=64" : 0.000000
      },
      "iodepth_complete" : {
        "0" : 0.000000,
        "4" : 100.000000,
        "8" : 0.000000,
        "16" : 0.000000,
        "32" : 0.000000,
        "64" : 0.000000,
        ">=64" : 0.000000
      },
      "latency_ns" : {
        "2" : 0.000000,
        "4" : 0.000000,
        "10" : 0.000000,
        "20" : 0.000000,
        "50" : 0.000000,
        "100" : 0.000000,
        "250" : 0.000000,
        "500" : 0.000000,
        "750" : 0.000000,
        "1000" : 0.000000
      },
      "latency_us" : {
        "2" : 0.000000,
        "4" : 0.000000,
        "10" : 0.000000,
        "20" : 0.000000,
        "50" : 0.000000,
        "100" : 0.000000,
        "250" : 0.212874,
        "500" : 2.534799,
        "750" : 5.370900,
        "1000" : 9.249535
      },
      "latency_ms" : {
        "2" : 51.890328,
        "4" : 29.750321,
        "10" : 0.990506,
        "20" : 0.010000,
        "50" : 0.000000,
        "100" : 0.000000,
        "250" : 0.000000,
        "500" : 0.000000,
        "750" : 0.000000,
        "1000" : 0.000000,
        "2000" : 0.000000,
        ">=2000" : 0.000000
      },
      "latency_depth" : 4,
      "latency_target" : 0,
      "latency_percentile" : 100.000000,
      "latency_window" : 0
    }
  ],
  "disk_util" : [
    {
      "name" : "sda",
      "read_ios" : 0,
      "write_ios" : 3394,
      "read_sectors" : 0,
      "write_sectors" : 88072,
      "read_merges" : 0,
      "write_merges" : 5459,
      "read_ticks" : 0,
      "write_ticks" : 478,
      "in_queue" : 517,
      "util" : 0.085450
    }
  ]
}
