{
  "fio version" : "fio-3.39-26-ga72fe",
  "timestamp" : 1750860456,
  "timestamp_ms" : 1750860456718,
  "time" : "Wed Jun 25 14:07:36 2025",
  "global options" : {
    "ioengine" : "rbd",
    "bs" : "4k",
    "rw" : "randread",
    "direct" : "1",
    "runtime" : "5m",
    "time_based" : "",
    "group_reporting" : "",
    "ramp_time" : "30s",
    "thread" : "1",
    "iodepth" : "64",
    "clientname" : "admin",
    "pool" : "rbd"
  },
  "jobs" : [
    {
      "jobname" : "fio_test_0",
      "groupid" : 0,
      "job_start" : 1750860156464,
      "error" : 110,
      "eta" : 0,
      "elapsed" : 331,
      "job options" : {
        "max_latency" : "1s",
        "numjobs" : "1",
        "rbdname" : "fio_test_31"
      },
      "read" : {
        "io_bytes" : 99888783360,
        "io_kbytes" : 97547640,
        "bw_bytes" : 332925989,
        "bw" : 325123,
        "iops" : 81274.036523,
        "runtime" : 300033,
        "total_ios" : 24384893,
        "short_ios" : 0,
        "drop_ios" : 0,
        "slat_ns" : {
          "min" : 423,
          "max" : 198921,
          "mean" : 2698.275560,
          "stddev" : 2135.775916,
          "N" : 24384894
        },
        "clat_ns" : {
          "min" : 123938,
          "max" : 1777965589,
          "mean" : 21591360.891333,
          "stddev" : 84797316.259041,
          "N" : 24386909,
          "percentile" : {
            "1.000000" : 561152,
            "5.000000" : 1335296,
            "10.000000" : 1957888,
            "20.000000" : 2965504,
            "30.000000" : 3981312,
            "40.000000" : 5013504,
            "50.000000" : 6062080,
            "60.000000" : 7503872,
            "70.000000" : 9502720,
            "80.000000" : 11993088,
            "90.000000" : 18481152,
            "95.000000" : 46923776,
            "99.000000" : 591396864,
            "99.500000" : 700448768,
            "99.900000" : 868220928,
            "99.950000" : 893386752,
            "99.990000" : 935329792
          }
        },
        "lat_ns" : {
          "min" : 126337,
          "max" : 1777967486,
          "mean" : 21594059.167051,
          "stddev" : 84797321.377612,
          "N" : 24386909
        },
        "bw_min" : 139135,
        "bw_max" : 584616,
        "bw_agg" : 100.000000,
        "bw_mean" : 368766.983701,
        "bw_dev" : 2731.515187,
        "bw_samples" : 16415,
        "iops_min" : 34783,
        "iops_max" : 146154,
        "iops_mean" : 92190.585621,
        "iops_stddev" : 682.867758,
        "iops_samples" : 16415
      },
      "write" : {
        "io_bytes" : 0,
        "io_kbytes" : 0,
        "bw_bytes" : 0,
        "bw" : 0,
        "iops" : 0.000000,
        "runtime" : 0,
        "total_ios" : 0,
        "short_ios" : 0,
        "drop_ios" : 0,
        "slat_ns" : {
          "min" : 0,
          "max" : 0,
          "mean" : 0.000000,
          "stddev" : 0.000000,
          "N" : 0
        },
        "clat_ns" : {
          "min" : 0,
          "max" : 0,
          "mean" : 0.000000,
          "stddev" : 0.000000,
          "N" : 0
        },
        "lat_ns" : {
          "min" : 0,
          "max" : 0,
          "mean" : 0.000000,
          "stddev" : 0.000000,
          "N" : 0
        },
        "bw_min" : 0,
        "bw_max" : 0,
        "bw_agg" : 0.000000,
        "bw_mean" : 0.000000,
        "bw_dev" : 0.000000,
        "bw_samples" : 0,
        "iops_min" : 0,
        "iops_max" : 0,
        "iops_mean" : 0.000000,
        "iops_stddev" : 0.000000,
        "iops_samples" : 0
      },
      "trim" : {
        "io_bytes" : 0,
        "io_kbytes" : 0,
        "bw_bytes" : 0,
        "bw" : 0,
        "iops" : 0.000000,
        "runtime" : 0,
        "total_ios" : 0,
        "short_ios" : 0,
        "drop_ios" : 0,
        "slat_ns" : {
          "min" : 0,
          "max" : 0,
          "mean" : 0.000000,
          "stddev" : 0.000000,
          "N" : 0
        },
        "clat_ns" : {
          "min" : 0,
          "max" : 0,
          "mean" : 0.000000,
          "stddev" : 0.000000,
          "N" : 0
        },
        "lat_ns" : {
          "min" : 0,
          "max" : 0,
          "mean" : 0.000000,
          "stddev" : 0.000000,
          "N" : 0
        },
        "bw_min" : 0,
        "bw_max" : 0,
        "bw_agg" : 0.000000,
        "bw_mean" : 0.000000,
        "bw_dev" : 0.000000,
        "bw_samples" : 0,
        "iops_min" : 0,
        "iops_max" : 0,
        "iops_mean" : 0.000000,
        "iops_stddev" : 0.000000,
        "iops_samples" : 0
      },
      "sync" : {
        "total_ios" : 0,
        "lat_ns" : {
          "min" : 0,
          "max" : 0,
          "mean" : 0.000000,
          "stddev" : 0.000000,
          "N" : 0
        }
      },
      "job_runtime" : 8220905,
      "usr_cpu" : 1.214295,
      "sys_cpu" : 1.035579,
      "ctx" : 14337126,
      "majf" : 0,
      "minf" : 1258,
      "iodepth_level" : {
        "1" : 0.000000,
        "2" : 0.000000,
        "4" : 0.000000,
        "8" : 0.000000,
        "16" : 0.000000,
        "32" : 0.000000,
        ">=64" : 100.000000
      },
      "iodepth_submit" : {
        "0" : 0.000000,
        "4" : 100.000000,
        "8" : 0.000000,
        "16" : 0.000000,
        "32" : 0.000000,
        "64" : 0.000000,
        ">=64" : 0.000000
      },
      "iodepth_complete" : {
        "0" : 0.100000,
        "4" : 99.999912,
        "8" : 0.000000,
        "16" : 0.000000,
        "32" : 0.000000,
        "64" : 0.100000,
        ">=64" : 0.000000
      },
      "latency_ns" : {
        "2" : 0.000000,
        "4" : 0.000000,
        "10" : 0.000000,
        "20" : 0.000000,
        "50" : 0.000000,
        "100" : 0.000000,
        "250" : 0.000000,
        "500" : 0.000000,
        "750" : 0.000000,
        "1000" : 0.000000
      },
      "latency_us" : {
        "2" : 0.000000,
        "4" : 0.000000,
        "10" : 0.000000,
        "20" : 0.000000,
        "50" : 0.000000,
        "100" : 0.000000,
        "250" : 0.128534,
        "500" : 0.670054,
        "750" : 0.885007,
        "1000" : 1.313600
      },
      "latency_ms" : {
        "2" : 7.714485,
        "4" : 19.906173,
        "10" : 42.147136,
        "20" : 18.009909,
        "50" : 4.425428,
        "100" : 1.605990,
        "250" : 1.232907,
        "500" : 0.685531,
        "750" : 0.923326,
        "1000" : 0.359079,
        "2000" : 0.010000,
        ">=2000" : 0.000000
      },
      "latency_depth" : 64,
      "latency_target" : 0,
      "latency_percentile" : 100.000000,
      "latency_window" : 0
    }
  ],
  "disk_util" : [
    {
      "name" : "sda",
      "read_ios" : 0,
      "write_ios" : 4094,
      "read_sectors" : 0,
      "write_sectors" : 109712,
      "read_merges" : 0,
      "write_merges" : 5675,
      "read_ticks" : 0,
      "write_ticks" : 716,
      "in_queue" : 757,
      "util" : 0.100305
    }
  ]
}
