{
  "fio version" : "fio-3.39-26-ga72fe",
  "timestamp" : 1747737434,
  "timestamp_ms" : 1747737434381,
  "time" : "Tue May 20 10:37:14 2025",
  "global options" : {
    "ioengine" : "rbd",
    "bs" : "4k",
    "rw" : "randread",
    "direct" : "1",
    "runtime" : "5m",
    "time_based" : "",
    "group_reporting" : "",
    "ramp_time" : "30s",
    "thread" : "1",
    "iodepth" : "128",
    "latency_target" : "10000",
    "latency_window" : "5m",
    "latency_percentile" : "99.9",
    "random_generator" : "lfsr",
    "clientname" : "admin",
    "pool" : "rbd"
  },
  "jobs" : [
    {
      "jobname" : "fio_test_0",
      "groupid" : 0,
      "job_start" : 1747737374377,
      "error" : 110,
      "eta" : 0,
      "elapsed" : 91,
      "job options" : {
        "max_latency" : "1s",
        "rbdname" : "fio_test_27"
      },
      "read" : {
        "io_bytes" : 16844320768,
        "io_kbytes" : 16449532,
        "bw_bytes" : 281376466,
        "bw" : 274781,
        "iops" : 68695.426300,
        "runtime" : 59864,
        "total_ios" : 4112383,
        "short_ios" : 0,
        "drop_ios" : 0,
        "slat_ns" : {
          "min" : 1201,
          "max" : 63322,
          "mean" : 2845.050950,
          "stddev" : 794.627335,
          "N" : 4112383
        },
        "clat_ns" : {
          "min" : 113560,
          "max" : 24256742689,
          "mean" : 402462.708535,
          "stddev" : 62695246.563402,
          "N" : 4112383,
          "percentile" : {
            "1.000000" : 158720,
            "5.000000" : 173056,
            "10.000000" : 183296,
            "20.000000" : 193536,
            "30.000000" : 201728,
            "40.000000" : 209920,
            "50.000000" : 218112,
            "60.000000" : 232448,
            "70.000000" : 252928,
            "80.000000" : 280576,
            "90.000000" : 317440,
            "95.000000" : 358400,
            "99.000000" : 436224,
            "99.500000" : 468992,
            "99.900000" : 552960,
            "99.950000" : 593920,
            "99.990000" : 929792
          }
        },
        "lat_ns" : {
          "min" : 115233,
          "max" : 24256744920,
          "mean" : 405307.759485,
          "stddev" : 62695247.384397,
          "N" : 4112383
        },
        "bw_min" : 54552,
        "bw_max" : 469224,
        "bw_agg" : 100.000000,
        "bw_mean" : 456954.152778,
        "bw_dev" : 1709.761621,
        "bw_samples" : 2016,
        "iops_min" : 13638,
        "iops_max" : 117306,
        "iops_mean" : 114238.250000,
        "iops_stddev" : 427.439161,
        "iops_samples" : 2016
      },
      "write" : {
        "io_bytes" : 0,
        "io_kbytes" : 0,
        "bw_bytes" : 0,
        "bw" : 0,
        "iops" : 0.000000,
        "runtime" : 0,
        "total_ios" : 0,
        "short_ios" : 0,
        "drop_ios" : 0,
        "slat_ns" : {
          "min" : 0,
          "max" : 0,
          "mean" : 0.000000,
          "stddev" : 0.000000,
          "N" : 0
        },
        "clat_ns" : {
          "min" : 0,
          "max" : 0,
          "mean" : 0.000000,
          "stddev" : 0.000000,
          "N" : 0
        },
        "lat_ns" : {
          "min" : 0,
          "max" : 0,
          "mean" : 0.000000,
          "stddev" : 0.000000,
          "N" : 0
        },
        "bw_min" : 0,
        "bw_max" : 0,
        "bw_agg" : 0.000000,
        "bw_mean" : 0.000000,
        "bw_dev" : 0.000000,
        "bw_samples" : 0,
        "iops_min" : 0,
        "iops_max" : 0,
        "iops_mean" : 0.000000,
        "iops_stddev" : 0.000000,
        "iops_samples" : 0
      },
      "trim" : {
        "io_bytes" : 0,
        "io_kbytes" : 0,
        "bw_bytes" : 0,
        "bw" : 0,
        "iops" : 0.000000,
        "runtime" : 0,
        "total_ios" : 0,
        "short_ios" : 0,
        "drop_ios" : 0,
        "slat_ns" : {
          "min" : 0,
          "max" : 0,
          "mean" : 0.000000,
          "stddev" : 0.000000,
          "N" : 0
        },
        "clat_ns" : {
          "min" : 0,
          "max" : 0,
          "mean" : 0.000000,
          "stddev" : 0.000000,
          "N" : 0
        },
        "lat_ns" : {
          "min" : 0,
          "max" : 0,
          "mean" : 0.000000,
          "stddev" : 0.000000,
          "N" : 0
        },
        "bw_min" : 0,
        "bw_max" : 0,
        "bw_agg" : 0.000000,
        "bw_mean" : 0.000000,
        "bw_dev" : 0.000000,
        "bw_samples" : 0,
        "iops_min" : 0,
        "iops_max" : 0,
        "iops_mean" : 0.000000,
        "iops_stddev" : 0.000000,
        "iops_samples" : 0
      },
      "sync" : {
        "total_ios" : 0,
        "lat_ns" : {
          "min" : 0,
          "max" : 0,
          "mean" : 0.000000,
          "stddev" : 0.000000,
          "N" : 0
        }
      },
      "job_runtime" : 1670406,
      "usr_cpu" : 1.057168,
      "sys_cpu" : 1.003349,
      "ctx" : 4112433,
      "majf" : 0,
      "minf" : 339,
      "iodepth_level" : {
        "1" : 100.000000,
        "2" : 0.000000,
        "4" : 0.000000,
        "8" : 0.000000,
        "16" : 0.000000,
        "32" : 0.000000,
        ">=64" : 0.000000
      },
      "iodepth_submit" : {
        "0" : 0.000000,
        "4" : 100.000000,
        "8" : 0.000000,
        "16" : 0.000000,
        "32" : 0.000000,
        "64" : 0.000000,
        ">=64" : 0.000000
      },
      "iodepth_complete" : {
        "0" : 0.100000,
        "4" : 99.999660,
        "8" : 0.000000,
        "16" : 0.000000,
        "32" : 0.000000,
        "64" : 0.000000,
        ">=64" : 0.000000
      },
      "latency_ns" : {
        "2" : 0.000000,
        "4" : 0.000000,
        "10" : 0.000000,
        "20" : 0.000000,
        "50" : 0.000000,
        "100" : 0.000000,
        "250" : 0.000000,
        "500" : 0.000000,
        "750" : 0.000000,
        "1000" : 0.000000
      },
      "latency_us" : {
        "2" : 0.000000,
        "4" : 0.000000,
        "10" : 0.000000,
        "20" : 0.000000,
        "50" : 0.000000,
        "100" : 0.000000,
        "250" : 68.583203,
        "500" : 31.152400,
        "750" : 0.247764,
        "1000" : 0.010000
      },
      "latency_ms" : {
        "2" : 0.010000,
        "4" : 0.010000,
        "10" : 0.000000,
        "20" : 0.000000,
        "50" : 0.000000,
        "100" : 0.010000,
        "250" : 0.000000,
        "500" : 0.000000,
        "750" : 0.000000,
        "1000" : 0.000000,
        "2000" : 0.000000,
        ">=2000" : 0.010000
      },
      "latency_depth" : 1,
      "latency_target" : 10000000,
      "latency_percentile" : 99.900000,
      "latency_window" : 300000000
    }
  ],
  "disk_util" : [
    {
      "name" : "sda",
      "read_ios" : 8,
      "write_ios" : 1290,
      "read_sectors" : 80,
      "write_sectors" : 79632,
      "read_merges" : 0,
      "write_merges" : 1583,
      "read_ticks" : 3,
      "write_ticks" : 761,
      "in_queue" : 776,
      "util" : 0.173694
    }
  ]
}
