{
    "iodepth": [
        "128"
    ],
    "iops": [
        68695.4263
    ],
    "total_ios": [
        4112383
    ],
    "clat_ms": [
        0.402462708535
    ],
    "clat_stdev": [
        62.695246563401994
    ],
    "usr_cpu": [
        1.057168
    ],
    "sys_cpu": [
        1.003349
    ],
    "OSD_cpu": [
        1730.8433333333337
    ],
    "OSD_mem": [
        1960.9999999999116
    ],
    "FIO_cpu": [
        290.20333333333616
    ],
    "FIO_mem": [
        0.0
    ]
}