{
    "MSGR": {
        "perf-crimson-ms": {
            "cpu": [
                99.9,
                98.0,
                98.7,
                98.3,
                98.3,
                98.3,
                98.3,
                98.3,
                98.3,
                98.3,
                98.3,
                98.3,
                98.7,
                98.3,
                98.3,
                98.0,
                98.7,
                98.3,
                98.3,
                98.0,
                98.7
            ],
            "mem": [
                0.6,
                0.6,
                0.6,
                0.6,
                0.6,
                0.6,
                0.6,
                0.6,
                0.6,
                0.6,
                0.6,
                0.6,
                0.6,
                0.6,
                0.6,
                0.6,
                0.6,
                0.6,
                0.6,
                0.6,
                0.6
            ]
        },
        "reactor": {
            "cpu": [
                1472.0999999999997,
                1473.6999999999998,
                1475.9999999999995,
                1472.6999999999998,
                1477.6999999999998,
                1472.0,
                1478.5,
                1471.9,
                1478.1,
                1473.3999999999999,
                1476.9999999999998,
                1472.3999999999999,
                1478.1,
                1472.8,
                1477.2999999999997,
                1472.8,
                1476.7999999999995,
                1472.6999999999998,
                1477.9999999999998,
                1471.8,
                1476.4999999999995
            ],
            "mem": [
                18.6,
                18.6,
                18.6,
                18.6,
                18.6,
                18.6,
                18.6,
                18.6,
                18.6,
                18.6,
                18.6,
                18.6,
                18.6,
                18.6,
                18.6,
                18.6,
                18.6,
                18.6,
                18.6,
                18.6,
                18.6
            ]
        }
    }
}