{
  "fio version" : "fio-3.39-26-ga72fe",
  "timestamp" : 1750792370,
  "timestamp_ms" : 1750792370380,
  "time" : "Tue Jun 24 19:12:50 2025",
  "global options" : {
    "ioengine" : "rbd",
    "bs" : "64k",
    "rw" : "write",
    "direct" : "1",
    "runtime" : "5m",
    "time_based" : "",
    "group_reporting" : "",
    "ramp_time" : "30s",
    "thread" : "1",
    "iodepth" : "4",
    "clientname" : "admin",
    "pool" : "rbd"
  },
  "jobs" : [
    {
      "jobname" : "fio_test_0",
      "groupid" : 0,
      "job_start" : 1750792070091,
      "error" : 0,
      "eta" : 0,
      "elapsed" : 331,
      "job options" : {
        "max_latency" : "1s",
        "numjobs" : "1",
        "rbdname" : "fio_test_31"
      },
      "read" : {
        "io_bytes" : 0,
        "io_kbytes" : 0,
        "bw_bytes" : 0,
        "bw" : 0,
        "iops" : 0.000000,
        "runtime" : 0,
        "total_ios" : 0,
        "short_ios" : 0,
        "drop_ios" : 0,
        "slat_ns" : {
          "min" : 0,
          "max" : 0,
          "mean" : 0.000000,
          "stddev" : 0.000000,
          "N" : 0
        },
        "clat_ns" : {
          "min" : 0,
          "max" : 0,
          "mean" : 0.000000,
          "stddev" : 0.000000,
          "N" : 0
        },
        "lat_ns" : {
          "min" : 0,
          "max" : 0,
          "mean" : 0.000000,
          "stddev" : 0.000000,
          "N" : 0
        },
        "bw_min" : 0,
        "bw_max" : 0,
        "bw_agg" : 0.000000,
        "bw_mean" : 0.000000,
        "bw_dev" : 0.000000,
        "bw_samples" : 0,
        "iops_min" : 0,
        "iops_max" : 0,
        "iops_mean" : 0.000000,
        "iops_stddev" : 0.000000,
        "iops_samples" : 0
      },
      "write" : {
        "io_bytes" : 158238441472,
        "io_kbytes" : 154529728,
        "bw_bytes" : 527394668,
        "bw" : 515033,
        "iops" : 8047.084036,
        "runtime" : 300038,
        "total_ios" : 2414431,
        "short_ios" : 0,
        "drop_ios" : 0,
        "slat_ns" : {
          "min" : 4008,
          "max" : 188660,
          "mean" : 18887.157860,
          "stddev" : 9381.857066,
          "N" : 2414431
        },
        "clat_ns" : {
          "min" : 377761,
          "max" : 803033221,
          "mean" : 15883980.229911,
          "stddev" : 17857788.853683,
          "N" : 2414527,
          "percentile" : {
            "1.000000" : 1433600,
            "5.000000" : 2375680,
            "10.000000" : 3227648,
            "20.000000" : 4685824,
            "30.000000" : 6193152,
            "40.000000" : 7962624,
            "50.000000" : 10289152,
            "60.000000" : 13303808,
            "70.000000" : 17170432,
            "80.000000" : 22675456,
            "90.000000" : 33816576,
            "95.000000" : 49545216,
            "99.000000" : 86507520,
            "99.500000" : 103284736,
            "99.900000" : 145752064,
            "99.950000" : 175112192,
            "99.990000" : 325058560
          }
        },
        "lat_ns" : {
          "min" : 385557,
          "max" : 803070540,
          "mean" : 15902867.524772,
          "stddev" : 17859409.537425,
          "N" : 2414527
        },
        "bw_min" : 43653,
        "bw_max" : 1886081,
        "bw_agg" : 100.000000,
        "bw_mean" : 515701.683144,
        "bw_dev" : 9469.457399,
        "bw_samples" : 19169,
        "iops_min" : 682,
        "iops_max" : 29467,
        "iops_mean" : 8056.620026,
        "iops_stddev" : 147.950801,
        "iops_samples" : 19169
      },
      "trim" : {
        "io_bytes" : 0,
        "io_kbytes" : 0,
        "bw_bytes" : 0,
        "bw" : 0,
        "iops" : 0.000000,
        "runtime" : 0,
        "total_ios" : 0,
        "short_ios" : 0,
        "drop_ios" : 0,
        "slat_ns" : {
          "min" : 0,
          "max" : 0,
          "mean" : 0.000000,
          "stddev" : 0.000000,
          "N" : 0
        },
        "clat_ns" : {
          "min" : 0,
          "max" : 0,
          "mean" : 0.000000,
          "stddev" : 0.000000,
          "N" : 0
        },
        "lat_ns" : {
          "min" : 0,
          "max" : 0,
          "mean" : 0.000000,
          "stddev" : 0.000000,
          "N" : 0
        },
        "bw_min" : 0,
        "bw_max" : 0,
        "bw_agg" : 0.000000,
        "bw_mean" : 0.000000,
        "bw_dev" : 0.000000,
        "bw_samples" : 0,
        "iops_min" : 0,
        "iops_max" : 0,
        "iops_mean" : 0.000000,
        "iops_stddev" : 0.000000,
        "iops_samples" : 0
      },
      "sync" : {
        "total_ios" : 0,
        "lat_ns" : {
          "min" : 0,
          "max" : 0,
          "mean" : 0.000000,
          "stddev" : 0.000000,
          "N" : 0
        }
      },
      "job_runtime" : 9600464,
      "usr_cpu" : 0.615981,
      "sys_cpu" : 0.242926,
      "ctx" : 2370133,
      "majf" : 0,
      "minf" : 19681,
      "iodepth_level" : {
        "1" : 0.000000,
        "2" : 0.000000,
        "4" : 100.000000,
        "8" : 0.000000,
        "16" : 0.000000,
        "32" : 0.000000,
        ">=64" : 0.000000
      },
      "iodepth_submit" : {
        "0" : 0.000000,
        "4" : 100.000000,
        "8" : 0.000000,
        "16" : 0.000000,
        "32" : 0.000000,
        "64" : 0.000000,
        ">=64" : 0.000000
      },
      "iodepth_complete" : {
        "0" : 0.000000,
        "4" : 100.000000,
        "8" : 0.000000,
        "16" : 0.000000,
        "32" : 0.000000,
        "64" : 0.000000,
        ">=64" : 0.000000
      },
      "latency_ns" : {
        "2" : 0.000000,
        "4" : 0.000000,
        "10" : 0.000000,
        "20" : 0.000000,
        "50" : 0.000000,
        "100" : 0.000000,
        "250" : 0.000000,
        "500" : 0.000000,
        "750" : 0.000000,
        "1000" : 0.000000
      },
      "latency_us" : {
        "2" : 0.000000,
        "4" : 0.000000,
        "10" : 0.000000,
        "20" : 0.000000,
        "50" : 0.000000,
        "100" : 0.000000,
        "250" : 0.000000,
        "500" : 0.016484,
        "750" : 0.173457,
        "1000" : 0.210526
      },
      "latency_ms" : {
        "2" : 2.935474,
        "4" : 12.047311,
        "10" : 33.595327,
        "20" : 26.754212,
        "50" : 19.338925,
        "100" : 4.362063,
        "250" : 0.550275,
        "500" : 0.017561,
        "750" : 0.010000,
        "1000" : 0.010000,
        "2000" : 0.000000,
        ">=2000" : 0.000000
      },
      "latency_depth" : 4,
      "latency_target" : 0,
      "latency_percentile" : 100.000000,
      "latency_window" : 0
    }
  ],
  "disk_util" : [
    {
      "name" : "sda",
      "read_ios" : 0,
      "write_ios" : 3880,
      "read_sectors" : 0,
      "write_sectors" : 108536,
      "read_merges" : 0,
      "write_merges" : 5199,
      "read_ticks" : 0,
      "write_ticks" : 739,
      "in_queue" : 777,
      "util" : 0.100968
    }
  ]
}
