{
  "fio version" : "fio-3.39-26-ga72fe",
  "timestamp" : 1750794365,
  "timestamp_ms" : 1750794365519,
  "time" : "Tue Jun 24 19:46:05 2025",
  "global options" : {
    "ioengine" : "rbd",
    "bs" : "64k",
    "rw" : "write",
    "direct" : "1",
    "runtime" : "5m",
    "time_based" : "",
    "group_reporting" : "",
    "ramp_time" : "30s",
    "thread" : "1",
    "iodepth" : "16",
    "clientname" : "admin",
    "pool" : "rbd"
  },
  "jobs" : [
    {
      "jobname" : "fio_test_0",
      "groupid" : 0,
      "job_start" : 1750794065067,
      "error" : 110,
      "eta" : 0,
      "elapsed" : 331,
      "job options" : {
        "max_latency" : "1s",
        "numjobs" : "1",
        "rbdname" : "fio_test_31"
      },
      "read" : {
        "io_bytes" : 0,
        "io_kbytes" : 0,
        "bw_bytes" : 0,
        "bw" : 0,
        "iops" : 0.000000,
        "runtime" : 0,
        "total_ios" : 0,
        "short_ios" : 0,
        "drop_ios" : 0,
        "slat_ns" : {
          "min" : 0,
          "max" : 0,
          "mean" : 0.000000,
          "stddev" : 0.000000,
          "N" : 0
        },
        "clat_ns" : {
          "min" : 0,
          "max" : 0,
          "mean" : 0.000000,
          "stddev" : 0.000000,
          "N" : 0
        },
        "lat_ns" : {
          "min" : 0,
          "max" : 0,
          "mean" : 0.000000,
          "stddev" : 0.000000,
          "N" : 0
        },
        "bw_min" : 0,
        "bw_max" : 0,
        "bw_agg" : 0.000000,
        "bw_mean" : 0.000000,
        "bw_dev" : 0.000000,
        "bw_samples" : 0,
        "iops_min" : 0,
        "iops_max" : 0,
        "iops_mean" : 0.000000,
        "iops_stddev" : 0.000000,
        "iops_samples" : 0
      },
      "write" : {
        "io_bytes" : 149959081984,
        "io_kbytes" : 146444416,
        "bw_bytes" : 499738671,
        "bw" : 488026,
        "iops" : 7623.807381,
        "runtime" : 300075,
        "total_ios" : 2287714,
        "short_ios" : 0,
        "drop_ios" : 0,
        "slat_ns" : {
          "min" : 4013,
          "max" : 651062,
          "mean" : 21879.017393,
          "stddev" : 10517.617166,
          "N" : 2287714
        },
        "clat_ns" : {
          "min" : 365756,
          "max" : 2169672174,
          "mean" : 45802113.254674,
          "stddev" : 57944476.222879,
          "N" : 2288194,
          "percentile" : {
            "1.000000" : 1400832,
            "5.000000" : 3031040,
            "10.000000" : 4620288,
            "20.000000" : 7962624,
            "30.000000" : 12779520,
            "40.000000" : 19005440,
            "50.000000" : 27131904,
            "60.000000" : 37486592,
            "70.000000" : 51118080,
            "80.000000" : 71827456,
            "90.000000" : 104333312,
            "95.000000" : 147849216,
            "99.000000" : 274726912,
            "99.500000" : 337641472,
            "99.900000" : 526385152,
            "99.950000" : 608174080,
            "99.990000" : 884998144
          }
        },
        "lat_ns" : {
          "min" : 373803,
          "max" : 2169710523,
          "mean" : 45823993.643108,
          "stddev" : 57947869.134538,
          "N" : 2288194
        },
        "bw_min" : 30774,
        "bw_max" : 2151191,
        "bw_agg" : 100.000000,
        "bw_mean" : 649935.035041,
        "bw_dev" : 12159.038238,
        "bw_samples" : 13053,
        "iops_min" : 478,
        "iops_max" : 33610,
        "iops_mean" : 10152.324857,
        "iops_stddev" : 189.973019,
        "iops_samples" : 13053
      },
      "trim" : {
        "io_bytes" : 0,
        "io_kbytes" : 0,
        "bw_bytes" : 0,
        "bw" : 0,
        "iops" : 0.000000,
        "runtime" : 0,
        "total_ios" : 0,
        "short_ios" : 0,
        "drop_ios" : 0,
        "slat_ns" : {
          "min" : 0,
          "max" : 0,
          "mean" : 0.000000,
          "stddev" : 0.000000,
          "N" : 0
        },
        "clat_ns" : {
          "min" : 0,
          "max" : 0,
          "mean" : 0.000000,
          "stddev" : 0.000000,
          "N" : 0
        },
        "lat_ns" : {
          "min" : 0,
          "max" : 0,
          "mean" : 0.000000,
          "stddev" : 0.000000,
          "N" : 0
        },
        "bw_min" : 0,
        "bw_max" : 0,
        "bw_agg" : 0.000000,
        "bw_mean" : 0.000000,
        "bw_dev" : 0.000000,
        "bw_samples" : 0,
        "iops_min" : 0,
        "iops_max" : 0,
        "iops_mean" : 0.000000,
        "iops_stddev" : 0.000000,
        "iops_samples" : 0
      },
      "sync" : {
        "total_ios" : 0,
        "lat_ns" : {
          "min" : 0,
          "max" : 0,
          "mean" : 0.000000,
          "stddev" : 0.000000,
          "N" : 0
        }
      },
      "job_runtime" : 6548904,
      "usr_cpu" : 0.945731,
      "sys_cpu" : 0.325093,
      "ctx" : 2151723,
      "majf" : 0,
      "minf" : 34114,
      "iodepth_level" : {
        "1" : 0.000000,
        "2" : 0.000000,
        "4" : 0.000000,
        "8" : 0.000000,
        "16" : 100.000000,
        "32" : 0.000000,
        ">=64" : 0.000000
      },
      "iodepth_submit" : {
        "0" : 0.000000,
        "4" : 100.000000,
        "8" : 0.000000,
        "16" : 0.000000,
        "32" : 0.000000,
        "64" : 0.000000,
        ">=64" : 0.000000
      },
      "iodepth_complete" : {
        "0" : 0.100000,
        "4" : 99.999016,
        "8" : 0.000000,
        "16" : 0.100000,
        "32" : 0.000000,
        "64" : 0.000000,
        ">=64" : 0.000000
      },
      "latency_ns" : {
        "2" : 0.000000,
        "4" : 0.000000,
        "10" : 0.000000,
        "20" : 0.000000,
        "50" : 0.000000,
        "100" : 0.000000,
        "250" : 0.000000,
        "500" : 0.000000,
        "750" : 0.000000,
        "1000" : 0.000000
      },
      "latency_us" : {
        "2" : 0.000000,
        "4" : 0.000000,
        "10" : 0.000000,
        "20" : 0.000000,
        "50" : 0.000000,
        "100" : 0.000000,
        "250" : 0.000000,
        "500" : 0.021375,
        "750" : 0.213139,
        "1000" : 0.262577
      },
      "latency_ms" : {
        "2" : 1.655627,
        "4" : 5.805839,
        "10" : 16.618948,
        "20" : 16.737669,
        "50" : 27.921016,
        "100" : 19.814234,
        "250" : 9.640978,
        "500" : 1.205089,
        "750" : 0.106394,
        "1000" : 0.011015,
        "2000" : 0.010000,
        ">=2000" : 0.010000
      },
      "latency_depth" : 16,
      "latency_target" : 0,
      "latency_percentile" : 100.000000,
      "latency_window" : 0
    }
  ],
  "disk_util" : [
    {
      "name" : "sda",
      "read_ios" : 0,
      "write_ios" : 3884,
      "read_sectors" : 0,
      "write_sectors" : 107640,
      "read_merges" : 0,
      "write_merges" : 5247,
      "read_ticks" : 0,
      "write_ticks" : 765,
      "in_queue" : 805,
      "util" : 0.096942
    }
  ]
}
