{
  "fio version" : "fio-3.39-26-ga72fe",
  "timestamp" : 1750792037,
  "timestamp_ms" : 1750792037924,
  "time" : "Tue Jun 24 19:07:17 2025",
  "global options" : {
    "ioengine" : "rbd",
    "bs" : "64k",
    "rw" : "write",
    "direct" : "1",
    "runtime" : "5m",
    "time_based" : "",
    "group_reporting" : "",
    "ramp_time" : "30s",
    "thread" : "1",
    "iodepth" : "2",
    "clientname" : "admin",
    "pool" : "rbd"
  },
  "jobs" : [
    {
      "jobname" : "fio_test_0",
      "groupid" : 0,
      "job_start" : 1750791737690,
      "error" : 0,
      "eta" : 0,
      "elapsed" : 331,
      "job options" : {
        "max_latency" : "1s",
        "numjobs" : "1",
        "rbdname" : "fio_test_31"
      },
      "read" : {
        "io_bytes" : 0,
        "io_kbytes" : 0,
        "bw_bytes" : 0,
        "bw" : 0,
        "iops" : 0.000000,
        "runtime" : 0,
        "total_ios" : 0,
        "short_ios" : 0,
        "drop_ios" : 0,
        "slat_ns" : {
          "min" : 0,
          "max" : 0,
          "mean" : 0.000000,
          "stddev" : 0.000000,
          "N" : 0
        },
        "clat_ns" : {
          "min" : 0,
          "max" : 0,
          "mean" : 0.000000,
          "stddev" : 0.000000,
          "N" : 0
        },
        "lat_ns" : {
          "min" : 0,
          "max" : 0,
          "mean" : 0.000000,
          "stddev" : 0.000000,
          "N" : 0
        },
        "bw_min" : 0,
        "bw_max" : 0,
        "bw_agg" : 0.000000,
        "bw_mean" : 0.000000,
        "bw_dev" : 0.000000,
        "bw_samples" : 0,
        "iops_min" : 0,
        "iops_max" : 0,
        "iops_mean" : 0.000000,
        "iops_stddev" : 0.000000,
        "iops_samples" : 0
      },
      "write" : {
        "io_bytes" : 161023983616,
        "io_kbytes" : 157249984,
        "bw_bytes" : 536705464,
        "bw" : 524126,
        "iops" : 8189.368815,
        "runtime" : 300023,
        "total_ios" : 2456999,
        "short_ios" : 0,
        "drop_ios" : 0,
        "slat_ns" : {
          "min" : 3558,
          "max" : 1181383,
          "mean" : 18876.747359,
          "stddev" : 9511.813674,
          "N" : 2456999
        },
        "clat_ns" : {
          "min" : 378122,
          "max" : 577097776,
          "mean" : 7792978.731137,
          "stddev" : 7856001.265118,
          "N" : 2457031,
          "percentile" : {
            "1.000000" : 937984,
            "5.000000" : 1646592,
            "10.000000" : 2277376,
            "20.000000" : 3194880,
            "30.000000" : 4014080,
            "40.000000" : 4816896,
            "50.000000" : 5668864,
            "60.000000" : 6782976,
            "70.000000" : 8224768,
            "80.000000" : 10551296,
            "90.000000" : 15400960,
            "95.000000" : 21364736,
            "99.000000" : 36438016,
            "99.500000" : 43778048,
            "99.900000" : 65273856,
            "99.950000" : 79167488,
            "99.990000" : 193986560
          }
        },
        "lat_ns" : {
          "min" : 385981,
          "max" : 577131845,
          "mean" : 7811855.524983,
          "stddev" : 7856841.033220,
          "N" : 2457031
        },
        "bw_min" : 53632,
        "bw_max" : 1714688,
        "bw_agg" : 100.000000,
        "bw_mean" : 524581.412195,
        "bw_dev" : 7848.647109,
        "bw_samples" : 19174,
        "iops_min" : 838,
        "iops_max" : 26792,
        "iops_mean" : 8195.359176,
        "iops_stddev" : 122.623335,
        "iops_samples" : 19174
      },
      "trim" : {
        "io_bytes" : 0,
        "io_kbytes" : 0,
        "bw_bytes" : 0,
        "bw" : 0,
        "iops" : 0.000000,
        "runtime" : 0,
        "total_ios" : 0,
        "short_ios" : 0,
        "drop_ios" : 0,
        "slat_ns" : {
          "min" : 0,
          "max" : 0,
          "mean" : 0.000000,
          "stddev" : 0.000000,
          "N" : 0
        },
        "clat_ns" : {
          "min" : 0,
          "max" : 0,
          "mean" : 0.000000,
          "stddev" : 0.000000,
          "N" : 0
        },
        "lat_ns" : {
          "min" : 0,
          "max" : 0,
          "mean" : 0.000000,
          "stddev" : 0.000000,
          "N" : 0
        },
        "bw_min" : 0,
        "bw_max" : 0,
        "bw_agg" : 0.000000,
        "bw_mean" : 0.000000,
        "bw_dev" : 0.000000,
        "bw_samples" : 0,
        "iops_min" : 0,
        "iops_max" : 0,
        "iops_mean" : 0.000000,
        "iops_stddev" : 0.000000,
        "iops_samples" : 0
      },
      "sync" : {
        "total_ios" : 0,
        "lat_ns" : {
          "min" : 0,
          "max" : 0,
          "mean" : 0.000000,
          "stddev" : 0.000000,
          "N" : 0
        }
      },
      "job_runtime" : 9600296,
      "usr_cpu" : 0.631449,
      "sys_cpu" : 0.252992,
      "ctx" : 2434201,
      "majf" : 0,
      "minf" : 18495,
      "iodepth_level" : {
        "1" : 0.000000,
        "2" : 100.000000,
        "4" : 0.000000,
        "8" : 0.000000,
        "16" : 0.000000,
        "32" : 0.000000,
        ">=64" : 0.000000
      },
      "iodepth_submit" : {
        "0" : 0.000000,
        "4" : 100.000000,
        "8" : 0.000000,
        "16" : 0.000000,
        "32" : 0.000000,
        "64" : 0.000000,
        ">=64" : 0.000000
      },
      "iodepth_complete" : {
        "0" : 0.000000,
        "4" : 100.000000,
        "8" : 0.000000,
        "16" : 0.000000,
        "32" : 0.000000,
        "64" : 0.000000,
        ">=64" : 0.000000
      },
      "latency_ns" : {
        "2" : 0.000000,
        "4" : 0.000000,
        "10" : 0.000000,
        "20" : 0.000000,
        "50" : 0.000000,
        "100" : 0.000000,
        "250" : 0.000000,
        "500" : 0.000000,
        "750" : 0.000000,
        "1000" : 0.000000
      },
      "latency_us" : {
        "2" : 0.000000,
        "4" : 0.000000,
        "10" : 0.000000,
        "20" : 0.000000,
        "50" : 0.000000,
        "100" : 0.000000,
        "250" : 0.000000,
        "500" : 0.012169,
        "750" : 0.343264,
        "1000" : 0.979488
      },
      "latency_ms" : {
        "2" : 6.477373,
        "4" : 22.143314,
        "10" : 48.291391,
        "20" : 15.885110,
        "50" : 5.566140,
        "100" : 0.275539,
        "250" : 0.021449,
        "500" : 0.010000,
        "750" : 0.010000,
        "1000" : 0.000000,
        "2000" : 0.000000,
        ">=2000" : 0.000000
      },
      "latency_depth" : 2,
      "latency_target" : 0,
      "latency_percentile" : 100.000000,
      "latency_window" : 0
    }
  ],
  "disk_util" : [
    {
      "name" : "sda",
      "read_ios" : 0,
      "write_ios" : 3868,
      "read_sectors" : 0,
      "write_sectors" : 114064,
      "read_merges" : 0,
      "write_merges" : 5359,
      "read_ticks" : 0,
      "write_ticks" : 808,
      "in_queue" : 847,
      "util" : 0.107619
    }
  ]
}
