{
  "fio version" : "fio-3.39-26-ga72fe",
  "timestamp" : 1750796360,
  "timestamp_ms" : 1750796360870,
  "time" : "Tue Jun 24 20:19:20 2025",
  "global options" : {
    "ioengine" : "rbd",
    "bs" : "64k",
    "rw" : "write",
    "direct" : "1",
    "runtime" : "5m",
    "time_based" : "",
    "group_reporting" : "",
    "ramp_time" : "30s",
    "thread" : "1",
    "iodepth" : "32",
    "clientname" : "admin",
    "pool" : "rbd"
  },
  "jobs" : [
    {
      "jobname" : "fio_test_0",
      "groupid" : 0,
      "job_start" : 1750796060524,
      "error" : 110,
      "eta" : 0,
      "elapsed" : 331,
      "job options" : {
        "max_latency" : "1s",
        "numjobs" : "1",
        "rbdname" : "fio_test_31"
      },
      "read" : {
        "io_bytes" : 0,
        "io_kbytes" : 0,
        "bw_bytes" : 0,
        "bw" : 0,
        "iops" : 0.000000,
        "runtime" : 0,
        "total_ios" : 0,
        "short_ios" : 0,
        "drop_ios" : 0,
        "slat_ns" : {
          "min" : 0,
          "max" : 0,
          "mean" : 0.000000,
          "stddev" : 0.000000,
          "N" : 0
        },
        "clat_ns" : {
          "min" : 0,
          "max" : 0,
          "mean" : 0.000000,
          "stddev" : 0.000000,
          "N" : 0
        },
        "lat_ns" : {
          "min" : 0,
          "max" : 0,
          "mean" : 0.000000,
          "stddev" : 0.000000,
          "N" : 0
        },
        "bw_min" : 0,
        "bw_max" : 0,
        "bw_agg" : 0.000000,
        "bw_mean" : 0.000000,
        "bw_dev" : 0.000000,
        "bw_samples" : 0,
        "iops_min" : 0,
        "iops_max" : 0,
        "iops_mean" : 0.000000,
        "iops_stddev" : 0.000000,
        "iops_samples" : 0
      },
      "write" : {
        "io_bytes" : 147432800256,
        "io_kbytes" : 143977344,
        "bw_bytes" : 491231438,
        "bw" : 479718,
        "iops" : 7492.291648,
        "runtime" : 300129,
        "total_ios" : 2248654,
        "short_ios" : 0,
        "drop_ios" : 0,
        "slat_ns" : {
          "min" : 3990,
          "max" : 1514875,
          "mean" : 21522.083656,
          "stddev" : 10522.843867,
          "N" : 2248654
        },
        "clat_ns" : {
          "min" : 366607,
          "max" : 2719702656,
          "mean" : 63424478.389044,
          "stddev" : 89097155.504328,
          "N" : 2249646,
          "percentile" : {
            "1.000000" : 1368064,
            "5.000000" : 2998272,
            "10.000000" : 4489216,
            "20.000000" : 8224768,
            "30.000000" : 13434880,
            "40.000000" : 20578304,
            "50.000000" : 30801920,
            "60.000000" : 44826624,
            "70.000000" : 65798144,
            "80.000000" : 101187584,
            "90.000000" : 162529280,
            "95.000000" : 227540992,
            "99.000000" : 421527552,
            "99.500000" : 517996544,
            "99.900000" : 742391808,
            "99.950000" : 851443712,
            "99.990000" : 1518338048
          }
        },
        "lat_ns" : {
          "min" : 374646,
          "max" : 2719725424,
          "mean" : 63446003.734990,
          "stddev" : 89100528.563505,
          "N" : 2249646
        },
        "bw_min" : 38482,
        "bw_max" : 1774733,
        "bw_agg" : 100.000000,
        "bw_mean" : 664005.709698,
        "bw_dev" : 15799.297618,
        "bw_samples" : 8863,
        "iops_min" : 598,
        "iops_max" : 27723,
        "iops_mean" : 10369.962397,
        "iops_stddev" : 246.862348,
        "iops_samples" : 8863
      },
      "trim" : {
        "io_bytes" : 0,
        "io_kbytes" : 0,
        "bw_bytes" : 0,
        "bw" : 0,
        "iops" : 0.000000,
        "runtime" : 0,
        "total_ios" : 0,
        "short_ios" : 0,
        "drop_ios" : 0,
        "slat_ns" : {
          "min" : 0,
          "max" : 0,
          "mean" : 0.000000,
          "stddev" : 0.000000,
          "N" : 0
        },
        "clat_ns" : {
          "min" : 0,
          "max" : 0,
          "mean" : 0.000000,
          "stddev" : 0.000000,
          "N" : 0
        },
        "lat_ns" : {
          "min" : 0,
          "max" : 0,
          "mean" : 0.000000,
          "stddev" : 0.000000,
          "N" : 0
        },
        "bw_min" : 0,
        "bw_max" : 0,
        "bw_agg" : 0.000000,
        "bw_mean" : 0.000000,
        "bw_dev" : 0.000000,
        "bw_samples" : 0,
        "iops_min" : 0,
        "iops_max" : 0,
        "iops_mean" : 0.000000,
        "iops_stddev" : 0.000000,
        "iops_samples" : 0
      },
      "sync" : {
        "total_ios" : 0,
        "lat_ns" : {
          "min" : 0,
          "max" : 0,
          "mean" : 0.000000,
          "stddev" : 0.000000,
          "N" : 0
        }
      },
      "job_runtime" : 4446797,
      "usr_cpu" : 1.318545,
      "sys_cpu" : 0.450324,
      "ctx" : 2020244,
      "majf" : 0,
      "minf" : 37048,
      "iodepth_level" : {
        "1" : 0.000000,
        "2" : 0.000000,
        "4" : 0.000000,
        "8" : 0.000000,
        "16" : 0.000000,
        "32" : 100.000000,
        ">=64" : 0.000000
      },
      "iodepth_submit" : {
        "0" : 0.000000,
        "4" : 100.000000,
        "8" : 0.000000,
        "16" : 0.000000,
        "32" : 0.000000,
        "64" : 0.000000,
        ">=64" : 0.000000
      },
      "iodepth_complete" : {
        "0" : 0.100000,
        "4" : 99.998844,
        "8" : 0.000000,
        "16" : 0.000000,
        "32" : 0.100000,
        "64" : 0.000000,
        ">=64" : 0.000000
      },
      "latency_ns" : {
        "2" : 0.000000,
        "4" : 0.000000,
        "10" : 0.000000,
        "20" : 0.000000,
        "50" : 0.000000,
        "100" : 0.000000,
        "250" : 0.000000,
        "500" : 0.000000,
        "750" : 0.000000,
        "1000" : 0.000000
      },
      "latency_us" : {
        "2" : 0.000000,
        "4" : 0.000000,
        "10" : 0.000000,
        "20" : 0.000000,
        "50" : 0.000000,
        "100" : 0.000000,
        "250" : 0.000000,
        "500" : 0.023570,
        "750" : 0.225957,
        "1000" : 0.272074
      },
      "latency_ms" : {
        "2" : 1.730813,
        "4" : 6.090844,
        "10" : 15.528445,
        "20" : 15.428163,
        "50" : 23.622976,
        "100" : 16.941246,
        "250" : 16.196889,
        "500" : 3.415599,
        "750" : 0.469481,
        "1000" : 0.078714,
        "2000" : 0.016010,
        ">=2000" : 0.010000
      },
      "latency_depth" : 32,
      "latency_target" : 0,
      "latency_percentile" : 100.000000,
      "latency_window" : 0
    }
  ],
  "disk_util" : [
    {
      "name" : "sda",
      "read_ios" : 0,
      "write_ios" : 3901,
      "read_sectors" : 0,
      "write_sectors" : 107192,
      "read_merges" : 0,
      "write_merges" : 5303,
      "read_ticks" : 0,
      "write_ticks" : 742,
      "in_queue" : 780,
      "util" : 0.098792
    }
  ]
}
