{
  "fio version" : "fio-3.39-26-ga72fe",
  "timestamp" : 1750791705,
  "timestamp_ms" : 1750791705510,
  "time" : "Tue Jun 24 19:01:45 2025",
  "global options" : {
    "ioengine" : "rbd",
    "bs" : "64k",
    "rw" : "write",
    "direct" : "1",
    "runtime" : "5m",
    "time_based" : "",
    "group_reporting" : "",
    "ramp_time" : "30s",
    "thread" : "1",
    "iodepth" : "1",
    "clientname" : "admin",
    "pool" : "rbd"
  },
  "jobs" : [
    {
      "jobname" : "fio_test_0",
      "groupid" : 0,
      "job_start" : 1750791405295,
      "error" : 0,
      "eta" : 0,
      "elapsed" : 331,
      "job options" : {
        "max_latency" : "1s",
        "numjobs" : "1",
        "rbdname" : "fio_test_31"
      },
      "read" : {
        "io_bytes" : 0,
        "io_kbytes" : 0,
        "bw_bytes" : 0,
        "bw" : 0,
        "iops" : 0.000000,
        "runtime" : 0,
        "total_ios" : 0,
        "short_ios" : 0,
        "drop_ios" : 0,
        "slat_ns" : {
          "min" : 0,
          "max" : 0,
          "mean" : 0.000000,
          "stddev" : 0.000000,
          "N" : 0
        },
        "clat_ns" : {
          "min" : 0,
          "max" : 0,
          "mean" : 0.000000,
          "stddev" : 0.000000,
          "N" : 0
        },
        "lat_ns" : {
          "min" : 0,
          "max" : 0,
          "mean" : 0.000000,
          "stddev" : 0.000000,
          "N" : 0
        },
        "bw_min" : 0,
        "bw_max" : 0,
        "bw_agg" : 0.000000,
        "bw_mean" : 0.000000,
        "bw_dev" : 0.000000,
        "bw_samples" : 0,
        "iops_min" : 0,
        "iops_max" : 0,
        "iops_mean" : 0.000000,
        "iops_stddev" : 0.000000,
        "iops_samples" : 0
      },
      "write" : {
        "io_bytes" : 134668615680,
        "io_kbytes" : 131512320,
        "bw_bytes" : 448887904,
        "bw" : 438367,
        "iops" : 6849.485842,
        "runtime" : 300005,
        "total_ios" : 2054880,
        "short_ios" : 0,
        "drop_ios" : 0,
        "slat_ns" : {
          "min" : 3989,
          "max" : 364184,
          "mean" : 20843.425660,
          "stddev" : 9902.013361,
          "N" : 2054880
        },
        "clat_ns" : {
          "min" : 369714,
          "max" : 541159235,
          "mean" : 4647806.013390,
          "stddev" : 3859398.841906,
          "N" : 2054880,
          "percentile" : {
            "1.000000" : 618496,
            "5.000000" : 1003520,
            "10.000000" : 1482752,
            "20.000000" : 2146304,
            "30.000000" : 2768896,
            "40.000000" : 3325952,
            "50.000000" : 3883008,
            "60.000000" : 4423680,
            "70.000000" : 5210112,
            "80.000000" : 6258688,
            "90.000000" : 8454144,
            "95.000000" : 10944512,
            "99.000000" : 18481152,
            "99.500000" : 22675456,
            "99.900000" : 33816576,
            "99.950000" : 39583744,
            "99.990000" : 69730304
          }
        },
        "lat_ns" : {
          "min" : 377081,
          "max" : 541189913,
          "mean" : 4668649.439049,
          "stddev" : 3860027.830858,
          "N" : 2054880
        },
        "bw_min" : 54791,
        "bw_max" : 1307582,
        "bw_agg" : 100.000000,
        "bw_mean" : 438619.629040,
        "bw_dev" : 5912.183559,
        "bw_samples" : 19172,
        "iops_min" : 856,
        "iops_max" : 20430,
        "iops_mean" : 6852.868461,
        "iops_stddev" : 92.371762,
        "iops_samples" : 19172
      },
      "trim" : {
        "io_bytes" : 0,
        "io_kbytes" : 0,
        "bw_bytes" : 0,
        "bw" : 0,
        "iops" : 0.000000,
        "runtime" : 0,
        "total_ios" : 0,
        "short_ios" : 0,
        "drop_ios" : 0,
        "slat_ns" : {
          "min" : 0,
          "max" : 0,
          "mean" : 0.000000,
          "stddev" : 0.000000,
          "N" : 0
        },
        "clat_ns" : {
          "min" : 0,
          "max" : 0,
          "mean" : 0.000000,
          "stddev" : 0.000000,
          "N" : 0
        },
        "lat_ns" : {
          "min" : 0,
          "max" : 0,
          "mean" : 0.000000,
          "stddev" : 0.000000,
          "N" : 0
        },
        "bw_min" : 0,
        "bw_max" : 0,
        "bw_agg" : 0.000000,
        "bw_mean" : 0.000000,
        "bw_dev" : 0.000000,
        "bw_samples" : 0,
        "iops_min" : 0,
        "iops_max" : 0,
        "iops_mean" : 0.000000,
        "iops_stddev" : 0.000000,
        "iops_samples" : 0
      },
      "sync" : {
        "total_ios" : 0,
        "lat_ns" : {
          "min" : 0,
          "max" : 0,
          "mean" : 0.000000,
          "stddev" : 0.000000,
          "N" : 0
        }
      },
      "job_runtime" : 9600030,
      "usr_cpu" : 0.586373,
      "sys_cpu" : 0.238208,
      "ctx" : 2056811,
      "majf" : 0,
      "minf" : 18241,
      "iodepth_level" : {
        "1" : 100.000000,
        "2" : 0.000000,
        "4" : 0.000000,
        "8" : 0.000000,
        "16" : 0.000000,
        "32" : 0.000000,
        ">=64" : 0.000000
      },
      "iodepth_submit" : {
        "0" : 0.000000,
        "4" : 100.000000,
        "8" : 0.000000,
        "16" : 0.000000,
        "32" : 0.000000,
        "64" : 0.000000,
        ">=64" : 0.000000
      },
      "iodepth_complete" : {
        "0" : 0.000000,
        "4" : 100.000000,
        "8" : 0.000000,
        "16" : 0.000000,
        "32" : 0.000000,
        "64" : 0.000000,
        ">=64" : 0.000000
      },
      "latency_ns" : {
        "2" : 0.000000,
        "4" : 0.000000,
        "10" : 0.000000,
        "20" : 0.000000,
        "50" : 0.000000,
        "100" : 0.000000,
        "250" : 0.000000,
        "500" : 0.000000,
        "750" : 0.000000,
        "1000" : 0.000000
      },
      "latency_us" : {
        "2" : 0.000000,
        "4" : 0.000000,
        "10" : 0.000000,
        "20" : 0.000000,
        "50" : 0.000000,
        "100" : 0.000000,
        "250" : 0.000000,
        "500" : 0.131492,
        "750" : 2.033160,
        "1000" : 2.746535
      },
      "latency_ms" : {
        "2" : 12.522240,
        "4" : 35.186240,
        "10" : 41.065950,
        "20" : 5.538182,
        "50" : 0.756492,
        "100" : 0.013869,
        "250" : 0.010000,
        "500" : 0.010000,
        "750" : 0.010000,
        "1000" : 0.000000,
        "2000" : 0.000000,
        ">=2000" : 0.000000
      },
      "latency_depth" : 1,
      "latency_target" : 0,
      "latency_percentile" : 100.000000,
      "latency_window" : 0
    }
  ],
  "disk_util" : [
    {
      "name" : "sda",
      "read_ios" : 0,
      "write_ios" : 3824,
      "read_sectors" : 0,
      "write_sectors" : 132872,
      "read_merges" : 0,
      "write_merges" : 5358,
      "read_ticks" : 0,
      "write_ticks" : 842,
      "in_queue" : 881,
      "util" : 0.102458
    }
  ]
}
