{
  "fio version" : "fio-3.39-26-ga72fe",
  "timestamp" : 1750799353,
  "timestamp_ms" : 1750799353307,
  "time" : "Tue Jun 24 21:09:13 2025",
  "global options" : {
    "ioengine" : "rbd",
    "bs" : "64k",
    "rw" : "write",
    "direct" : "1",
    "runtime" : "5m",
    "time_based" : "",
    "group_reporting" : "",
    "ramp_time" : "30s",
    "thread" : "1",
    "iodepth" : "64",
    "clientname" : "admin",
    "pool" : "rbd"
  },
  "jobs" : [
    {
      "jobname" : "fio_test_0",
      "groupid" : 0,
      "job_start" : 1750799052966,
      "error" : 110,
      "eta" : 0,
      "elapsed" : 331,
      "job options" : {
        "max_latency" : "1s",
        "numjobs" : "1",
        "rbdname" : "fio_test_31"
      },
      "read" : {
        "io_bytes" : 0,
        "io_kbytes" : 0,
        "bw_bytes" : 0,
        "bw" : 0,
        "iops" : 0.000000,
        "runtime" : 0,
        "total_ios" : 0,
        "short_ios" : 0,
        "drop_ios" : 0,
        "slat_ns" : {
          "min" : 0,
          "max" : 0,
          "mean" : 0.000000,
          "stddev" : 0.000000,
          "N" : 0
        },
        "clat_ns" : {
          "min" : 0,
          "max" : 0,
          "mean" : 0.000000,
          "stddev" : 0.000000,
          "N" : 0
        },
        "lat_ns" : {
          "min" : 0,
          "max" : 0,
          "mean" : 0.000000,
          "stddev" : 0.000000,
          "N" : 0
        },
        "bw_min" : 0,
        "bw_max" : 0,
        "bw_agg" : 0.000000,
        "bw_mean" : 0.000000,
        "bw_dev" : 0.000000,
        "bw_samples" : 0,
        "iops_min" : 0,
        "iops_max" : 0,
        "iops_mean" : 0.000000,
        "iops_stddev" : 0.000000,
        "iops_samples" : 0
      },
      "write" : {
        "io_bytes" : 140694126592,
        "io_kbytes" : 137396608,
        "bw_bytes" : 468872581,
        "bw" : 457883,
        "iops" : 7147.709360,
        "runtime" : 300069,
        "total_ios" : 2144806,
        "short_ios" : 0,
        "drop_ios" : 0,
        "slat_ns" : {
          "min" : 4144,
          "max" : 577047,
          "mean" : 16190.936551,
          "stddev" : 7168.896733,
          "N" : 2144806
        },
        "clat_ns" : {
          "min" : 347714,
          "max" : 4236355575,
          "mean" : 37330890.882969,
          "stddev" : 67843634.638532,
          "N" : 2146822,
          "percentile" : {
            "1.000000" : 1515520,
            "5.000000" : 3031040,
            "10.000000" : 4685824,
            "20.000000" : 8454144,
            "30.000000" : 12648448,
            "40.000000" : 17956864,
            "50.000000" : 24772608,
            "60.000000" : 33161216,
            "70.000000" : 44302336,
            "80.000000" : 58982400,
            "90.000000" : 83361792,
            "95.000000" : 104333312,
            "99.000000" : 156237824,
            "99.500000" : 183500800,
            "99.900000" : 350224384,
            "99.950000" : 1317011456,
            "99.990000" : 3305111552
          }
        },
        "lat_ns" : {
          "min" : 368361,
          "max" : 4236413882,
          "mean" : 37347093.383378,
          "stddev" : 67844577.522564,
          "N" : 2146822
        },
        "bw_min" : 223128,
        "bw_max" : 798847,
        "bw_agg" : 100.000000,
        "bw_mean" : 557424.106288,
        "bw_dev" : 17841.707353,
        "bw_samples" : 2411,
        "iops_min" : 3479,
        "iops_max" : 12475,
        "iops_mean" : 8702.685031,
        "iops_stddev" : 278.777990,
        "iops_samples" : 2411
      },
      "trim" : {
        "io_bytes" : 0,
        "io_kbytes" : 0,
        "bw_bytes" : 0,
        "bw" : 0,
        "iops" : 0.000000,
        "runtime" : 0,
        "total_ios" : 0,
        "short_ios" : 0,
        "drop_ios" : 0,
        "slat_ns" : {
          "min" : 0,
          "max" : 0,
          "mean" : 0.000000,
          "stddev" : 0.000000,
          "N" : 0
        },
        "clat_ns" : {
          "min" : 0,
          "max" : 0,
          "mean" : 0.000000,
          "stddev" : 0.000000,
          "N" : 0
        },
        "lat_ns" : {
          "min" : 0,
          "max" : 0,
          "mean" : 0.000000,
          "stddev" : 0.000000,
          "N" : 0
        },
        "bw_min" : 0,
        "bw_max" : 0,
        "bw_agg" : 0.000000,
        "bw_mean" : 0.000000,
        "bw_dev" : 0.000000,
        "bw_samples" : 0,
        "iops_min" : 0,
        "iops_max" : 0,
        "iops_mean" : 0.000000,
        "iops_stddev" : 0.000000,
        "iops_samples" : 0
      },
      "sync" : {
        "total_ios" : 0,
        "lat_ns" : {
          "min" : 0,
          "max" : 0,
          "mean" : 0.000000,
          "stddev" : 0.000000,
          "N" : 0
        }
      },
      "job_runtime" : 1217258,
      "usr_cpu" : 3.263975,
      "sys_cpu" : 1.138214,
      "ctx" : 1729835,
      "majf" : 0,
      "minf" : 24359,
      "iodepth_level" : {
        "1" : 0.000000,
        "2" : 0.000000,
        "4" : 0.000000,
        "8" : 0.000000,
        "16" : 0.000000,
        "32" : 0.000000,
        ">=64" : 100.000000
      },
      "iodepth_submit" : {
        "0" : 0.000000,
        "4" : 100.000000,
        "8" : 0.000000,
        "16" : 0.000000,
        "32" : 0.000000,
        "64" : 0.000000,
        ">=64" : 0.000000
      },
      "iodepth_complete" : {
        "0" : 0.100000,
        "4" : 99.998601,
        "8" : 0.000000,
        "16" : 0.000000,
        "32" : 0.000000,
        "64" : 0.100000,
        ">=64" : 0.000000
      },
      "latency_ns" : {
        "2" : 0.000000,
        "4" : 0.000000,
        "10" : 0.000000,
        "20" : 0.000000,
        "50" : 0.000000,
        "100" : 0.000000,
        "250" : 0.000000,
        "500" : 0.000000,
        "750" : 0.000000,
        "1000" : 0.000000
      },
      "latency_us" : {
        "2" : 0.000000,
        "4" : 0.000000,
        "10" : 0.000000,
        "20" : 0.000000,
        "50" : 0.000000,
        "100" : 0.000000,
        "250" : 0.000000,
        "500" : 0.010817,
        "750" : 0.117959,
        "1000" : 0.201743
      },
      "latency_ms" : {
        "2" : 1.690829,
        "4" : 5.992570,
        "10" : 16.078843,
        "20" : 19.097298,
        "50" : 31.278587,
        "100" : 19.815265,
        "250" : 5.649555,
        "500" : 0.073433,
        "750" : 0.010211,
        "1000" : 0.011330,
        "2000" : 0.033057,
        ">=2000" : 0.032497
      },
      "latency_depth" : 64,
      "latency_target" : 0,
      "latency_percentile" : 100.000000,
      "latency_window" : 0
    }
  ],
  "disk_util" : [
    {
      "name" : "sda",
      "read_ios" : 0,
      "write_ios" : 3853,
      "read_sectors" : 0,
      "write_sectors" : 103512,
      "read_merges" : 0,
      "write_merges" : 5095,
      "read_ticks" : 0,
      "write_ticks" : 707,
      "in_queue" : 742,
      "util" : 0.091300
    }
  ]
}
