{
  "fio version" : "fio-3.39-26-ga72fe",
  "timestamp" : 1750797358,
  "timestamp_ms" : 1750797358837,
  "time" : "Tue Jun 24 20:35:58 2025",
  "global options" : {
    "ioengine" : "rbd",
    "bs" : "64k",
    "rw" : "write",
    "direct" : "1",
    "runtime" : "5m",
    "time_based" : "",
    "group_reporting" : "",
    "ramp_time" : "30s",
    "thread" : "1",
    "iodepth" : "40",
    "clientname" : "admin",
    "pool" : "rbd"
  },
  "jobs" : [
    {
      "jobname" : "fio_test_0",
      "groupid" : 0,
      "job_start" : 1750797058605,
      "error" : 110,
      "eta" : 0,
      "elapsed" : 331,
      "job options" : {
        "max_latency" : "1s",
        "numjobs" : "1",
        "rbdname" : "fio_test_31"
      },
      "read" : {
        "io_bytes" : 0,
        "io_kbytes" : 0,
        "bw_bytes" : 0,
        "bw" : 0,
        "iops" : 0.000000,
        "runtime" : 0,
        "total_ios" : 0,
        "short_ios" : 0,
        "drop_ios" : 0,
        "slat_ns" : {
          "min" : 0,
          "max" : 0,
          "mean" : 0.000000,
          "stddev" : 0.000000,
          "N" : 0
        },
        "clat_ns" : {
          "min" : 0,
          "max" : 0,
          "mean" : 0.000000,
          "stddev" : 0.000000,
          "N" : 0
        },
        "lat_ns" : {
          "min" : 0,
          "max" : 0,
          "mean" : 0.000000,
          "stddev" : 0.000000,
          "N" : 0
        },
        "bw_min" : 0,
        "bw_max" : 0,
        "bw_agg" : 0.000000,
        "bw_mean" : 0.000000,
        "bw_dev" : 0.000000,
        "bw_samples" : 0,
        "iops_min" : 0,
        "iops_max" : 0,
        "iops_mean" : 0.000000,
        "iops_stddev" : 0.000000,
        "iops_samples" : 0
      },
      "write" : {
        "io_bytes" : 150838575104,
        "io_kbytes" : 147303296,
        "bw_bytes" : 502651157,
        "bw" : 490870,
        "iops" : 7665.689169,
        "runtime" : 300086,
        "total_ios" : 2300366,
        "short_ios" : 0,
        "drop_ios" : 0,
        "slat_ns" : {
          "min" : 4336,
          "max" : 2060673,
          "mean" : 21513.478420,
          "stddev" : 10297.593124,
          "N" : 2300366
        },
        "clat_ns" : {
          "min" : 375947,
          "max" : 5233508703,
          "mean" : 63998357.286839,
          "stddev" : 95610357.955907,
          "N" : 2301614,
          "percentile" : {
            "1.000000" : 1679360,
            "5.000000" : 3457024,
            "10.000000" : 5013504,
            "20.000000" : 9109504,
            "30.000000" : 15007744,
            "40.000000" : 22937600,
            "50.000000" : 33816576,
            "60.000000" : 49020928,
            "70.000000" : 70778880,
            "80.000000" : 104333312,
            "90.000000" : 162529280,
            "95.000000" : 214958080,
            "99.000000" : 371195904,
            "99.500000" : 434110464,
            "99.900000" : 633339904,
            "99.950000" : 784334848,
            "99.990000" : 3137339392
          }
        },
        "lat_ns" : {
          "min" : 385035,
          "max" : 5233546738,
          "mean" : 64019874.800659,
          "stddev" : 95612966.683408,
          "N" : 2301614
        },
        "bw_min" : 64386,
        "bw_max" : 1413019,
        "bw_agg" : 100.000000,
        "bw_mean" : 600383.973375,
        "bw_dev" : 15208.145700,
        "bw_samples" : 7262,
        "iops_min" : 999,
        "iops_max" : 22070,
        "iops_mean" : 9373.171836,
        "iops_stddev" : 237.625894,
        "iops_samples" : 7262
      },
      "trim" : {
        "io_bytes" : 0,
        "io_kbytes" : 0,
        "bw_bytes" : 0,
        "bw" : 0,
        "iops" : 0.000000,
        "runtime" : 0,
        "total_ios" : 0,
        "short_ios" : 0,
        "drop_ios" : 0,
        "slat_ns" : {
          "min" : 0,
          "max" : 0,
          "mean" : 0.000000,
          "stddev" : 0.000000,
          "N" : 0
        },
        "clat_ns" : {
          "min" : 0,
          "max" : 0,
          "mean" : 0.000000,
          "stddev" : 0.000000,
          "N" : 0
        },
        "lat_ns" : {
          "min" : 0,
          "max" : 0,
          "mean" : 0.000000,
          "stddev" : 0.000000,
          "N" : 0
        },
        "bw_min" : 0,
        "bw_max" : 0,
        "bw_agg" : 0.000000,
        "bw_mean" : 0.000000,
        "bw_dev" : 0.000000,
        "bw_samples" : 0,
        "iops_min" : 0,
        "iops_max" : 0,
        "iops_mean" : 0.000000,
        "iops_stddev" : 0.000000,
        "iops_samples" : 0
      },
      "sync" : {
        "total_ios" : 0,
        "lat_ns" : {
          "min" : 0,
          "max" : 0,
          "mean" : 0.000000,
          "stddev" : 0.000000,
          "N" : 0
        }
      },
      "job_runtime" : 3663310,
      "usr_cpu" : 1.628964,
      "sys_cpu" : 0.544917,
      "ctx" : 2006714,
      "majf" : 0,
      "minf" : 41039,
      "iodepth_level" : {
        "1" : 0.000000,
        "2" : 0.000000,
        "4" : 0.000000,
        "8" : 0.000000,
        "16" : 0.000000,
        "32" : 100.000000,
        ">=64" : 0.000000
      },
      "iodepth_submit" : {
        "0" : 0.000000,
        "4" : 100.000000,
        "8" : 0.000000,
        "16" : 0.000000,
        "32" : 0.000000,
        "64" : 0.000000,
        ">=64" : 0.000000
      },
      "iodepth_complete" : {
        "0" : 0.100000,
        "4" : 99.998870,
        "8" : 0.000000,
        "16" : 0.000000,
        "32" : 0.000000,
        "64" : 0.100000,
        ">=64" : 0.000000
      },
      "latency_ns" : {
        "2" : 0.000000,
        "4" : 0.000000,
        "10" : 0.000000,
        "20" : 0.000000,
        "50" : 0.000000,
        "100" : 0.000000,
        "250" : 0.000000,
        "500" : 0.000000,
        "750" : 0.000000,
        "1000" : 0.000000
      },
      "latency_us" : {
        "2" : 0.000000,
        "4" : 0.000000,
        "10" : 0.000000,
        "20" : 0.000000,
        "50" : 0.000000,
        "100" : 0.000000,
        "250" : 0.000000,
        "500" : 0.012172,
        "750" : 0.126849,
        "1000" : 0.175537
      },
      "latency_ms" : {
        "2" : 1.220284,
        "4" : 5.310372,
        "10" : 14.852115,
        "20" : 15.044736,
        "50" : 23.827034,
        "100" : 18.531660,
        "250" : 17.627977,
        "500" : 3.055557,
        "750" : 0.213444,
        "1000" : 0.028300,
        "2000" : 0.010000,
        ">=2000" : 0.023170
      },
      "latency_depth" : 40,
      "latency_target" : 0,
      "latency_percentile" : 100.000000,
      "latency_window" : 0
    }
  ],
  "disk_util" : [
    {
      "name" : "sda",
      "read_ios" : 0,
      "write_ios" : 3880,
      "read_sectors" : 0,
      "write_sectors" : 107120,
      "read_merges" : 0,
      "write_merges" : 5343,
      "read_ticks" : 0,
      "write_ticks" : 759,
      "in_queue" : 798,
      "util" : 0.099435
    }
  ]
}
