{
  "fio version" : "fio-3.39-26-ga72fe",
  "timestamp" : 1750795363,
  "timestamp_ms" : 1750795363192,
  "time" : "Tue Jun 24 20:02:43 2025",
  "global options" : {
    "ioengine" : "rbd",
    "bs" : "64k",
    "rw" : "write",
    "direct" : "1",
    "runtime" : "5m",
    "time_based" : "",
    "group_reporting" : "",
    "ramp_time" : "30s",
    "thread" : "1",
    "iodepth" : "24",
    "clientname" : "admin",
    "pool" : "rbd"
  },
  "jobs" : [
    {
      "jobname" : "fio_test_0",
      "groupid" : 0,
      "job_start" : 1750795062922,
      "error" : 110,
      "eta" : 0,
      "elapsed" : 331,
      "job options" : {
        "max_latency" : "1s",
        "numjobs" : "1",
        "rbdname" : "fio_test_31"
      },
      "read" : {
        "io_bytes" : 0,
        "io_kbytes" : 0,
        "bw_bytes" : 0,
        "bw" : 0,
        "iops" : 0.000000,
        "runtime" : 0,
        "total_ios" : 0,
        "short_ios" : 0,
        "drop_ios" : 0,
        "slat_ns" : {
          "min" : 0,
          "max" : 0,
          "mean" : 0.000000,
          "stddev" : 0.000000,
          "N" : 0
        },
        "clat_ns" : {
          "min" : 0,
          "max" : 0,
          "mean" : 0.000000,
          "stddev" : 0.000000,
          "N" : 0
        },
        "lat_ns" : {
          "min" : 0,
          "max" : 0,
          "mean" : 0.000000,
          "stddev" : 0.000000,
          "N" : 0
        },
        "bw_min" : 0,
        "bw_max" : 0,
        "bw_agg" : 0.000000,
        "bw_mean" : 0.000000,
        "bw_dev" : 0.000000,
        "bw_samples" : 0,
        "iops_min" : 0,
        "iops_max" : 0,
        "iops_mean" : 0.000000,
        "iops_stddev" : 0.000000,
        "iops_samples" : 0
      },
      "write" : {
        "io_bytes" : 153956581376,
        "io_kbytes" : 150348224,
        "bw_bytes" : 513050081,
        "bw" : 501025,
        "iops" : 7826.070294,
        "runtime" : 300081,
        "total_ios" : 2348455,
        "short_ios" : 0,
        "drop_ios" : 0,
        "slat_ns" : {
          "min" : 4248,
          "max" : 2348526,
          "mean" : 23167.812838,
          "stddev" : 10727.173468,
          "N" : 2348455
        },
        "clat_ns" : {
          "min" : 364084,
          "max" : 1990343883,
          "mean" : 59189542.615440,
          "stddev" : 68201192.110023,
          "N" : 2349191,
          "percentile" : {
            "1.000000" : 1630208,
            "5.000000" : 3522560,
            "10.000000" : 5537792,
            "20.000000" : 10551296,
            "30.000000" : 17432576,
            "40.000000" : 26345472,
            "50.000000" : 37486592,
            "60.000000" : 51642368,
            "70.000000" : 69730304,
            "80.000000" : 95944704,
            "90.000000" : 135266304,
            "95.000000" : 183500800,
            "99.000000" : 320864256,
            "99.500000" : 379584512,
            "99.900000" : 549453824,
            "99.950000" : 650117120,
            "99.990000" : 1098907648
          }
        },
        "lat_ns" : {
          "min" : 372629,
          "max" : 1990370830,
          "mean" : 59212712.261903,
          "stddev" : 68204425.985682,
          "N" : 2349191
        },
        "bw_min" : 42703,
        "bw_max" : 1750498,
        "bw_agg" : 100.000000,
        "bw_mean" : 616970.319241,
        "bw_dev" : 11505.144185,
        "bw_samples" : 11560,
        "iops_min" : 664,
        "iops_max" : 27349,
        "iops_mean" : 9636.880198,
        "iops_stddev" : 179.767266,
        "iops_samples" : 11560
      },
      "trim" : {
        "io_bytes" : 0,
        "io_kbytes" : 0,
        "bw_bytes" : 0,
        "bw" : 0,
        "iops" : 0.000000,
        "runtime" : 0,
        "total_ios" : 0,
        "short_ios" : 0,
        "drop_ios" : 0,
        "slat_ns" : {
          "min" : 0,
          "max" : 0,
          "mean" : 0.000000,
          "stddev" : 0.000000,
          "N" : 0
        },
        "clat_ns" : {
          "min" : 0,
          "max" : 0,
          "mean" : 0.000000,
          "stddev" : 0.000000,
          "N" : 0
        },
        "lat_ns" : {
          "min" : 0,
          "max" : 0,
          "mean" : 0.000000,
          "stddev" : 0.000000,
          "N" : 0
        },
        "bw_min" : 0,
        "bw_max" : 0,
        "bw_agg" : 0.000000,
        "bw_mean" : 0.000000,
        "bw_dev" : 0.000000,
        "bw_samples" : 0,
        "iops_min" : 0,
        "iops_max" : 0,
        "iops_mean" : 0.000000,
        "iops_stddev" : 0.000000,
        "iops_samples" : 0
      },
      "sync" : {
        "total_ios" : 0,
        "lat_ns" : {
          "min" : 0,
          "max" : 0,
          "mean" : 0.000000,
          "stddev" : 0.000000,
          "N" : 0
        }
      },
      "job_runtime" : 5789890,
      "usr_cpu" : 1.149279,
      "sys_cpu" : 0.375482,
      "ctx" : 2183922,
      "majf" : 0,
      "minf" : 34860,
      "iodepth_level" : {
        "1" : 0.000000,
        "2" : 0.000000,
        "4" : 0.000000,
        "8" : 0.000000,
        "16" : 100.000000,
        "32" : 0.000000,
        ">=64" : 0.000000
      },
      "iodepth_submit" : {
        "0" : 0.000000,
        "4" : 100.000000,
        "8" : 0.000000,
        "16" : 0.000000,
        "32" : 0.000000,
        "64" : 0.000000,
        ">=64" : 0.000000
      },
      "iodepth_complete" : {
        "0" : 0.100000,
        "4" : 99.999021,
        "8" : 0.000000,
        "16" : 0.000000,
        "32" : 0.100000,
        "64" : 0.000000,
        ">=64" : 0.000000
      },
      "latency_ns" : {
        "2" : 0.000000,
        "4" : 0.000000,
        "10" : 0.000000,
        "20" : 0.000000,
        "50" : 0.000000,
        "100" : 0.000000,
        "250" : 0.000000,
        "500" : 0.000000,
        "750" : 0.000000,
        "1000" : 0.000000
      },
      "latency_us" : {
        "2" : 0.000000,
        "4" : 0.000000,
        "10" : 0.000000,
        "20" : 0.000000,
        "50" : 0.000000,
        "100" : 0.000000,
        "250" : 0.000000,
        "500" : 0.010816,
        "750" : 0.161681,
        "1000" : 0.185995
      },
      "latency_ms" : {
        "2" : 1.204026,
        "4" : 4.615886,
        "10" : 12.860327,
        "20" : 13.939590,
        "50" : 26.112998,
        "100" : 22.399918,
        "250" : 16.299269,
        "500" : 2.096144,
        "750" : 0.121186,
        "1000" : 0.012732,
        "2000" : 0.010773,
        ">=2000" : 0.000000
      },
      "latency_depth" : 24,
      "latency_target" : 0,
      "latency_percentile" : 100.000000,
      "latency_window" : 0
    }
  ],
  "disk_util" : [
    {
      "name" : "sda",
      "read_ios" : 0,
      "write_ios" : 3892,
      "read_sectors" : 0,
      "write_sectors" : 107688,
      "read_merges" : 0,
      "write_merges" : 5288,
      "read_ticks" : 0,
      "write_ticks" : 759,
      "in_queue" : 797,
      "util" : 0.091228
    }
  ]
}
