{
    "iodepth": [
        "1",
        "2",
        "4",
        "8",
        "16",
        "24",
        "32",
        "40",
        "52",
        "64"
    ],
    "bw": [
        438.367,
        524.126,
        515.033,
        495.608,
        488.026,
        501.025,
        479.718,
        490.87,
        475.802,
        457.883
    ],
    "total_ios": [
        2054880,
        2456999,
        2414431,
        2323561,
        2287714,
        2348455,
        2248654,
        2300366,
        2229708,
        2144806
    ],
    "clat_ms": [
        4.64780601339,
        7.7929787311370005,
        15.883980229911,
        33.037291052119,
        45.802113254674005,
        59.189542615440004,
        63.424478389044005,
        63.998357286839,
        57.445843513686,
        37.330890882969
    ],
    "clat_stdev": [
        3.859398841906,
        7.8560012651180005,
        17.857788853682997,
        42.786422615537006,
        57.944476222879,
        68.201192110023,
        89.097155504328,
        95.610357955907,
        94.948733548663,
        67.843634638532
    ],
    "usr_cpu": [
        0.586373,
        0.631449,
        0.615981,
        0.634436,
        0.945731,
        1.149279,
        1.318545,
        1.628964,
        2.131804,
        3.263975
    ],
    "sys_cpu": [
        0.238208,
        0.252992,
        0.242926,
        0.227671,
        0.325093,
        0.375482,
        0.450324,
        0.544917,
        0.7253,
        1.138214
    ],
    "OSD_cpu": [
        361.9266666666662,
        382.52666666666664,
        380.693333333333,
        378.3199999999999,
        379.8166666666665,
        376.24666666666656,
        370.4333333333333,
        373.54666666666606,
        378.273333333333,
        372.86999999999983,
        378.213333333333,
        377.45999999999964,
        373.3399999999998,
        367.2099999999998,
        374.86999999999966,
        372.49666666666604,
        375.11999999999955,
        364.90666666666664,
        346.55333333333317,
        357.5266666666665,
        353.233333333333,
        360.4,
        357.6266666666663,
        348.97
    ],
    "OSD_mem": [
        59.973333333333684,
        62.40000000000037,
        62.40000000000037,
        62.40000000000037,
        62.40000000000037,
        62.40000000000037,
        62.40000000000037,
        62.40000000000037,
        62.40000000000037,
        62.40000000000037,
        62.40000000000037,
        62.40000000000037,
        62.40000000000037,
        62.40000000000037,
        62.40000000000037,
        62.40000000000037,
        62.40000000000037,
        62.40000000000037,
        62.40000000000037,
        62.40000000000037,
        62.40000000000037,
        62.40000000000037,
        62.40000000000037,
        62.40000000000037
    ],
    "FIO_cpu": [
        117.82999999999826,
        156.47666666666547,
        154.6733333333326,
        148.80333333333218,
        149.64999999999878,
        145.06666666666595,
        137.8666666666665,
        142.55999999999904,
        145.61333333333403,
        146.6900000000004,
        140.58333333333402,
        149.01333333333443,
        134.3633333333334,
        135.1766666666667,
        134.24000000000066,
        125.09999999999985,
        130.25666666666663,
        131.41999999999985,
        106.15333333333322,
        118.46000000000014,
        116.69666666666681,
        114.36333333333327,
        111.88666666666663,
        98.26666666666672
    ],
    "FIO_mem": [
        0.0,
        0.0,
        0.0,
        33.000000000005215,
        44.99999999999559,
        44.99999999999559,
        39.120000000000935,
        44.71999999999584,
        37.53333333333571,
        26.96333333333718,
        28.060000000004095,
        29.956666666671193,
        24.886666666670042,
        22.600000000002854,
        25.120000000003426,
        16.860000000001552,
        16.580000000001487,
        18.72666666666864,
        10.093333333333344,
        12.42666666666721,
        12.660000000000595,
        11.2133333333336,
        9.859999999999959,
        7.199999999999734
    ]
}