{
    "iodepth": [
        "1",
        "2",
        "4",
        "8",
        "16",
        "24",
        "32",
        "40",
        "52",
        "64"
    ],
    "iops": [
        2467.338442,
        3995.060016,
        5649.821167,
        6769.9841,
        6665.904455,
        6074.815012,
        5869.048571,
        5056.281888,
        4811.545679,
        3868.983957
    ],
    "total_ios": [
        740204,
        1198522,
        1694952,
        2031002,
        1999798,
        1822566,
        1760785,
        31713,
        225623,
        11576
    ],
    "clat_ms": [
        0.397712182117,
        0.493131948986,
        0.700890240461,
        1.1746324004250002,
        2.392713084671,
        3.9422473003219998,
        5.443073431027,
        7.885359379252,
        10.786149565329,
        17.056623781596002
    ],
    "clat_stdev": [
        0.226265067451,
        0.310868558876,
        0.48986193971,
        1.2432479595600001,
        3.7326661699760004,
        8.623050604087998,
        10.542931372429,
        28.80844906208,
        28.434414247037,
        57.779934265366
    ],
    "usr_cpu": [
        2.143,
        3.318667,
        4.412667,
        5.116,
        4.982617,
        4.650705,
        4.482502,
        3.571998,
        3.516666,
        2.975593
    ],
    "sys_cpu": [
        1.865,
        2.762,
        3.375667,
        3.653,
        3.406966,
        3.09847,
        2.63857,
        2.423856,
        2.162462,
        2.072885
    ],
    "OSD_cpu": [
        173.78333333333327,
        239.0266666666667,
        275.9066666666667,
        317.5133333333333,
        313.02666666666664,
        116.05333333333336,
        294.67333333333323,
        230.2133333333335,
        284.31666666666666,
        293.0733333333334,
        194.92333333333343,
        271.92000000000013,
        11.376666666666672,
        260.9633333333335,
        62.09999999999994,
        115.23666666666671,
        1.976666666666666,
        1.999999999999999,
        2.4133333333333327
    ],
    "OSD_mem": [
        18.506666666666785,
        19.200000000000127,
        19.200000000000127,
        19.200000000000127,
        19.200000000000127,
        19.200000000000127,
        19.200000000000127,
        19.200000000000127,
        19.200000000000127,
        19.200000000000127,
        19.200000000000127,
        19.200000000000127,
        19.200000000000127,
        19.200000000000127,
        19.200000000000127,
        19.200000000000127,
        19.200000000000127,
        19.200000000000127,
        19.200000000000127
    ],
    "FIO_cpu": [
        26.25333333333334,
        40.54999999999997,
        51.139999999999965,
        56.59999999999997,
        54.95999999999997,
        17.196666666666673,
        48.35666666666664,
        35.12000000000001,
        45.26666666666661,
        48.87666666666663,
        31.183333333333337,
        41.17333333333329,
        1.45,
        39.50666666666662,
        8.100000000000001,
        15.010000000000007,
        0.0,
        0.0,
        0.0
    ],
    "FIO_mem": [
        0.0,
        0.0,
        0.053333333333333344,
        0.3733333333333325,
        0.3733333333333325,
        0.053333333333333344,
        0.15999999999999998,
        0.053333333333333344,
        0.0,
        0.15999999999999998,
        0.053333333333333344,
        0.0,
        0.053333333333333344,
        0.0,
        0.0,
        0.0,
        0.0,
        0.0,
        0.0
    ]
}