{
    "MSGR": {
        "perf-crimson-ms": {
            "cpu": [
                99.9,
                97.0,
                96.7,
                96.7,
                97.0,
                96.7,
                97.3,
                96.3,
                97.3,
                96.7,
                96.7,
                97.3,
                96.7,
                96.7,
                96.7,
                97.0,
                97.0,
                97.0,
                97.0,
                96.7,
                96.7
            ],
            "mem": [
                0.2,
                0.2,
                0.2,
                0.2,
                0.2,
                0.2,
                0.2,
                0.2,
                0.2,
                0.2,
                0.2,
                0.2,
                0.2,
                0.2,
                0.2,
                0.2,
                0.2,
                0.2,
                0.2,
                0.2,
                0.2
            ]
        },
        "reactor": {
            "cpu": [
                99.9,
                97.0,
                96.7,
                96.7,
                97.0,
                97.0,
                96.7,
                96.7,
                97.0,
                96.3,
                97.0,
                97.0,
                96.7,
                97.0,
                96.3,
                97.3,
                96.7,
                97.0,
                97.0,
                96.7,
                97.0
            ],
            "mem": [
                0.6000000000000001,
                0.6000000000000001,
                0.6000000000000001,
                0.6000000000000001,
                0.6000000000000001,
                0.6000000000000001,
                0.6000000000000001,
                0.6000000000000001,
                0.6000000000000001,
                0.6000000000000001,
                0.6000000000000001,
                0.6000000000000001,
                0.6000000000000001,
                0.6000000000000001,
                0.6000000000000001,
                0.6000000000000001,
                0.6000000000000001,
                0.6000000000000001,
                0.6000000000000001,
                0.6000000000000001,
                0.6000000000000001
            ]
        }
    }
}