{
    "iodepth": [
        "128"
    ],
    "bw": [
        782.638
    ],
    "total_ios": [
        1771428
    ],
    "clat_ms": [
        2.272492711201
    ],
    "clat_stdev": [
        233.970643781353
    ],
    "usr_cpu": [
        0.677233
    ],
    "sys_cpu": [
        0.244269
    ],
    "OSD_cpu": [
        0.0
    ],
    "OSD_mem": [
        0.0
    ],
    "FIO_cpu": [
        229.113333333336
    ],
    "FIO_mem": [
        37.93666666666868
    ]
}