{
  "fio version" : "fio-3.39-26-ga72fe",
  "timestamp" : 1750935075,
  "timestamp_ms" : 1750935075872,
  "time" : "Thu Jun 26 10:51:15 2025",
  "global options" : {
    "ioengine" : "rbd",
    "bs" : "4k",
    "rw" : "randread",
    "direct" : "1",
    "runtime" : "5m",
    "time_based" : "",
    "group_reporting" : "",
    "ramp_time" : "30s",
    "thread" : "1",
    "iodepth" : "8",
    "clientname" : "admin",
    "pool" : "rbd"
  },
  "jobs" : [
    {
      "jobname" : "fio_test_0",
      "groupid" : 0,
      "job_start" : 1750934775768,
      "error" : 0,
      "eta" : 0,
      "elapsed" : 331,
      "job options" : {
        "max_latency" : "1s",
        "numjobs" : "1",
        "rbdname" : "fio_test_31"
      },
      "read" : {
        "io_bytes" : 377021911040,
        "io_kbytes" : 368185460,
        "bw_bytes" : 1256731325,
        "bw" : 1227276,
        "iops" : 306818.421211,
        "runtime" : 300002,
        "total_ios" : 92046140,
        "short_ios" : 0,
        "drop_ios" : 0,
        "slat_ns" : {
          "min" : 406,
          "max" : 452410,
          "mean" : 2406.533686,
          "stddev" : 1251.130582,
          "N" : 92046141
        },
        "clat_ns" : {
          "min" : 139573,
          "max" : 13379860,
          "mean" : 831200.976108,
          "stddev" : 503003.889098,
          "N" : 92046364,
          "percentile" : {
            "1.000000" : 214016,
            "5.000000" : 268288,
            "10.000000" : 329728,
            "20.000000" : 419840,
            "30.000000" : 509952,
            "40.000000" : 602112,
            "50.000000" : 708608,
            "60.000000" : 831488,
            "70.000000" : 978944,
            "80.000000" : 1155072,
            "90.000000" : 1499136,
            "95.000000" : 1794048,
            "99.000000" : 2539520,
            "99.500000" : 2932736,
            "99.900000" : 3620864,
            "99.950000" : 3981312,
            "99.990000" : 4751360
          }
        },
        "lat_ns" : {
          "min" : 142798,
          "max" : 13382935,
          "mean" : 833607.510090,
          "stddev" : 502961.801841,
          "N" : 92046364
        },
        "bw_min" : 1024537,
        "bw_max" : 1309527,
        "bw_agg" : 100.000000,
        "bw_mean" : 1227700.911722,
        "bw_dev" : 892.443894,
        "bw_samples" : 19189,
        "iops_min" : 256135,
        "iops_max" : 327380,
        "iops_mean" : 306923.873342,
        "iops_stddev" : 223.111188,
        "iops_samples" : 19189
      },
      "write" : {
        "io_bytes" : 0,
        "io_kbytes" : 0,
        "bw_bytes" : 0,
        "bw" : 0,
        "iops" : 0.000000,
        "runtime" : 0,
        "total_ios" : 0,
        "short_ios" : 0,
        "drop_ios" : 0,
        "slat_ns" : {
          "min" : 0,
          "max" : 0,
          "mean" : 0.000000,
          "stddev" : 0.000000,
          "N" : 0
        },
        "clat_ns" : {
          "min" : 0,
          "max" : 0,
          "mean" : 0.000000,
          "stddev" : 0.000000,
          "N" : 0
        },
        "lat_ns" : {
          "min" : 0,
          "max" : 0,
          "mean" : 0.000000,
          "stddev" : 0.000000,
          "N" : 0
        },
        "bw_min" : 0,
        "bw_max" : 0,
        "bw_agg" : 0.000000,
        "bw_mean" : 0.000000,
        "bw_dev" : 0.000000,
        "bw_samples" : 0,
        "iops_min" : 0,
        "iops_max" : 0,
        "iops_mean" : 0.000000,
        "iops_stddev" : 0.000000,
        "iops_samples" : 0
      },
      "trim" : {
        "io_bytes" : 0,
        "io_kbytes" : 0,
        "bw_bytes" : 0,
        "bw" : 0,
        "iops" : 0.000000,
        "runtime" : 0,
        "total_ios" : 0,
        "short_ios" : 0,
        "drop_ios" : 0,
        "slat_ns" : {
          "min" : 0,
          "max" : 0,
          "mean" : 0.000000,
          "stddev" : 0.000000,
          "N" : 0
        },
        "clat_ns" : {
          "min" : 0,
          "max" : 0,
          "mean" : 0.000000,
          "stddev" : 0.000000,
          "N" : 0
        },
        "lat_ns" : {
          "min" : 0,
          "max" : 0,
          "mean" : 0.000000,
          "stddev" : 0.000000,
          "N" : 0
        },
        "bw_min" : 0,
        "bw_max" : 0,
        "bw_agg" : 0.000000,
        "bw_mean" : 0.000000,
        "bw_dev" : 0.000000,
        "bw_samples" : 0,
        "iops_min" : 0,
        "iops_max" : 0,
        "iops_mean" : 0.000000,
        "iops_stddev" : 0.000000,
        "iops_samples" : 0
      },
      "sync" : {
        "total_ios" : 0,
        "lat_ns" : {
          "min" : 0,
          "max" : 0,
          "mean" : 0.000000,
          "stddev" : 0.000000,
          "N" : 0
        }
      },
      "job_runtime" : 9600007,
      "usr_cpu" : 3.492268,
      "sys_cpu" : 2.859769,
      "ctx" : 58171765,
      "majf" : 0,
      "minf" : 501,
      "iodepth_level" : {
        "1" : 0.000000,
        "2" : 0.000000,
        "4" : 0.000000,
        "8" : 100.000000,
        "16" : 0.000000,
        "32" : 0.000000,
        ">=64" : 0.000000
      },
      "iodepth_submit" : {
        "0" : 0.000000,
        "4" : 100.000000,
        "8" : 0.000000,
        "16" : 0.000000,
        "32" : 0.000000,
        "64" : 0.000000,
        ">=64" : 0.000000
      },
      "iodepth_complete" : {
        "0" : 0.000000,
        "4" : 99.999983,
        "8" : 0.100000,
        "16" : 0.000000,
        "32" : 0.000000,
        "64" : 0.000000,
        ">=64" : 0.000000
      },
      "latency_ns" : {
        "2" : 0.000000,
        "4" : 0.000000,
        "10" : 0.000000,
        "20" : 0.000000,
        "50" : 0.000000,
        "100" : 0.000000,
        "250" : 0.000000,
        "500" : 0.000000,
        "750" : 0.000000,
        "1000" : 0.000000
      },
      "latency_us" : {
        "2" : 0.000000,
        "4" : 0.000000,
        "10" : 0.000000,
        "20" : 0.000000,
        "50" : 0.000000,
        "100" : 0.000000,
        "250" : 3.488093,
        "500" : 25.357784,
        "750" : 24.561425,
        "1000" : 17.979731
      },
      "latency_ms" : {
        "2" : 25.476949,
        "4" : 3.087416,
        "10" : 0.048829,
        "20" : 0.010000,
        "50" : 0.000000,
        "100" : 0.000000,
        "250" : 0.000000,
        "500" : 0.000000,
        "750" : 0.000000,
        "1000" : 0.000000,
        "2000" : 0.000000,
        ">=2000" : 0.000000
      },
      "latency_depth" : 8,
      "latency_target" : 0,
      "latency_percentile" : 100.000000,
      "latency_window" : 0
    }
  ],
  "disk_util" : [
    {
      "name" : "sda",
      "read_ios" : 0,
      "write_ios" : 4601,
      "read_sectors" : 0,
      "write_sectors" : 106960,
      "read_merges" : 0,
      "write_merges" : 6919,
      "read_ticks" : 0,
      "write_ticks" : 868,
      "in_queue" : 919,
      "util" : 0.110002
    }
  ]
}
