{
  "fio version" : "fio-3.39-26-ga72fe",
  "timestamp" : 1750935408,
  "timestamp_ms" : 1750935408141,
  "time" : "Thu Jun 26 10:56:48 2025",
  "global options" : {
    "ioengine" : "rbd",
    "bs" : "4k",
    "rw" : "randread",
    "direct" : "1",
    "runtime" : "5m",
    "time_based" : "",
    "group_reporting" : "",
    "ramp_time" : "30s",
    "thread" : "1",
    "iodepth" : "16",
    "clientname" : "admin",
    "pool" : "rbd"
  },
  "jobs" : [
    {
      "jobname" : "fio_test_0",
      "groupid" : 0,
      "job_start" : 1750935108010,
      "error" : 0,
      "eta" : 0,
      "elapsed" : 331,
      "job options" : {
        "max_latency" : "1s",
        "numjobs" : "1",
        "rbdname" : "fio_test_31"
      },
      "read" : {
        "io_bytes" : 495757701120,
        "io_kbytes" : 484138380,
        "bw_bytes" : 1652503637,
        "bw" : 1613773,
        "iops" : 403441.670778,
        "runtime" : 300004,
        "total_ios" : 121034115,
        "short_ios" : 0,
        "drop_ios" : 0,
        "slat_ns" : {
          "min" : 423,
          "max" : 856045,
          "mean" : 2254.713864,
          "stddev" : 1385.784745,
          "N" : 121034115
        },
        "clat_ns" : {
          "min" : 154455,
          "max" : 28740045,
          "mean" : 1266094.337225,
          "stddev" : 827285.186467,
          "N" : 121034595,
          "percentile" : {
            "1.000000" : 296960,
            "5.000000" : 436224,
            "10.000000" : 536576,
            "20.000000" : 700416,
            "30.000000" : 831488,
            "40.000000" : 962560,
            "50.000000" : 1089536,
            "60.000000" : 1236992,
            "70.000000" : 1417216,
            "80.000000" : 1646592,
            "90.000000" : 2088960,
            "95.000000" : 2703360,
            "99.000000" : 4423680,
            "99.500000" : 5079040,
            "99.900000" : 7962624,
            "99.950000" : 9633792,
            "99.990000" : 13959168
          }
        },
        "lat_ns" : {
          "min" : 156618,
          "max" : 28744634,
          "mean" : 1268349.051242,
          "stddev" : 827265.358687,
          "N" : 121034595
        },
        "bw_min" : 1082686,
        "bw_max" : 1753546,
        "bw_agg" : 100.000000,
        "bw_mean" : 1614464.142794,
        "bw_dev" : 1910.799021,
        "bw_samples" : 19181,
        "iops_min" : 270670,
        "iops_max" : 438385,
        "iops_mean" : 403615.029037,
        "iops_stddev" : 477.700590,
        "iops_samples" : 19181
      },
      "write" : {
        "io_bytes" : 0,
        "io_kbytes" : 0,
        "bw_bytes" : 0,
        "bw" : 0,
        "iops" : 0.000000,
        "runtime" : 0,
        "total_ios" : 0,
        "short_ios" : 0,
        "drop_ios" : 0,
        "slat_ns" : {
          "min" : 0,
          "max" : 0,
          "mean" : 0.000000,
          "stddev" : 0.000000,
          "N" : 0
        },
        "clat_ns" : {
          "min" : 0,
          "max" : 0,
          "mean" : 0.000000,
          "stddev" : 0.000000,
          "N" : 0
        },
        "lat_ns" : {
          "min" : 0,
          "max" : 0,
          "mean" : 0.000000,
          "stddev" : 0.000000,
          "N" : 0
        },
        "bw_min" : 0,
        "bw_max" : 0,
        "bw_agg" : 0.000000,
        "bw_mean" : 0.000000,
        "bw_dev" : 0.000000,
        "bw_samples" : 0,
        "iops_min" : 0,
        "iops_max" : 0,
        "iops_mean" : 0.000000,
        "iops_stddev" : 0.000000,
        "iops_samples" : 0
      },
      "trim" : {
        "io_bytes" : 0,
        "io_kbytes" : 0,
        "bw_bytes" : 0,
        "bw" : 0,
        "iops" : 0.000000,
        "runtime" : 0,
        "total_ios" : 0,
        "short_ios" : 0,
        "drop_ios" : 0,
        "slat_ns" : {
          "min" : 0,
          "max" : 0,
          "mean" : 0.000000,
          "stddev" : 0.000000,
          "N" : 0
        },
        "clat_ns" : {
          "min" : 0,
          "max" : 0,
          "mean" : 0.000000,
          "stddev" : 0.000000,
          "N" : 0
        },
        "lat_ns" : {
          "min" : 0,
          "max" : 0,
          "mean" : 0.000000,
          "stddev" : 0.000000,
          "N" : 0
        },
        "bw_min" : 0,
        "bw_max" : 0,
        "bw_agg" : 0.000000,
        "bw_mean" : 0.000000,
        "bw_dev" : 0.000000,
        "bw_samples" : 0,
        "iops_min" : 0,
        "iops_max" : 0,
        "iops_mean" : 0.000000,
        "iops_stddev" : 0.000000,
        "iops_samples" : 0
      },
      "sync" : {
        "total_ios" : 0,
        "lat_ns" : {
          "min" : 0,
          "max" : 0,
          "mean" : 0.000000,
          "stddev" : 0.000000,
          "N" : 0
        }
      },
      "job_runtime" : 9600023,
      "usr_cpu" : 4.491020,
      "sys_cpu" : 3.245326,
      "ctx" : 64501786,
      "majf" : 0,
      "minf" : 422,
      "iodepth_level" : {
        "1" : 0.000000,
        "2" : 0.000000,
        "4" : 0.000000,
        "8" : 0.000000,
        "16" : 100.000000,
        "32" : 0.000000,
        ">=64" : 0.000000
      },
      "iodepth_submit" : {
        "0" : 0.000000,
        "4" : 100.000000,
        "8" : 0.000000,
        "16" : 0.000000,
        "32" : 0.000000,
        "64" : 0.000000,
        ">=64" : 0.000000
      },
      "iodepth_complete" : {
        "0" : 0.000000,
        "4" : 99.999987,
        "8" : 0.000000,
        "16" : 0.100000,
        "32" : 0.000000,
        "64" : 0.000000,
        ">=64" : 0.000000
      },
      "latency_ns" : {
        "2" : 0.000000,
        "4" : 0.000000,
        "10" : 0.000000,
        "20" : 0.000000,
        "50" : 0.000000,
        "100" : 0.000000,
        "250" : 0.000000,
        "500" : 0.000000,
        "750" : 0.000000,
        "1000" : 0.000000
      },
      "latency_us" : {
        "2" : 0.000000,
        "4" : 0.000000,
        "10" : 0.000000,
        "20" : 0.000000,
        "50" : 0.000000,
        "100" : 0.000000,
        "250" : 0.280356,
        "500" : 7.595178,
        "750" : 15.799488,
        "1000" : 19.782189
      },
      "latency_ms" : {
        "2" : 44.889050,
        "4" : 10.274643,
        "10" : 1.336056,
        "20" : 0.042355,
        "50" : 0.010000,
        "100" : 0.000000,
        "250" : 0.000000,
        "500" : 0.000000,
        "750" : 0.000000,
        "1000" : 0.000000,
        "2000" : 0.000000,
        ">=2000" : 0.000000
      },
      "latency_depth" : 16,
      "latency_target" : 0,
      "latency_percentile" : 100.000000,
      "latency_window" : 0
    }
  ],
  "disk_util" : [
    {
      "name" : "sda",
      "read_ios" : 7,
      "write_ios" : 4625,
      "read_sectors" : 440,
      "write_sectors" : 115160,
      "read_merges" : 0,
      "write_merges" : 6436,
      "read_ticks" : 5,
      "write_ticks" : 883,
      "in_queue" : 940,
      "util" : 0.121526
    }
  ]
}
