{
  "fio version" : "fio-3.39-26-ga72fe",
  "timestamp" : 1750936072,
  "timestamp_ms" : 1750936072691,
  "time" : "Thu Jun 26 11:07:52 2025",
  "global options" : {
    "ioengine" : "rbd",
    "bs" : "4k",
    "rw" : "randread",
    "direct" : "1",
    "runtime" : "5m",
    "time_based" : "",
    "group_reporting" : "",
    "ramp_time" : "30s",
    "thread" : "1",
    "iodepth" : "32",
    "clientname" : "admin",
    "pool" : "rbd"
  },
  "jobs" : [
    {
      "jobname" : "fio_test_0",
      "groupid" : 0,
      "job_start" : 1750935772554,
      "error" : 0,
      "eta" : 0,
      "elapsed" : 331,
      "job options" : {
        "max_latency" : "1s",
        "numjobs" : "1",
        "rbdname" : "fio_test_31"
      },
      "read" : {
        "io_bytes" : 502051782656,
        "io_kbytes" : 490284944,
        "bw_bytes" : 1673422271,
        "bw" : 1634201,
        "iops" : 408547.045981,
        "runtime" : 300015,
        "total_ios" : 122570242,
        "short_ios" : 0,
        "drop_ios" : 0,
        "slat_ns" : {
          "min" : 413,
          "max" : 828321,
          "mean" : 2207.972698,
          "stddev" : 1358.063783,
          "N" : 122570244
        },
        "clat_ns" : {
          "min" : 152805,
          "max" : 126416346,
          "mean" : 2503530.842701,
          "stddev" : 6482945.222694,
          "N" : 122571234,
          "percentile" : {
            "1.000000" : 296960,
            "5.000000" : 452608,
            "10.000000" : 569344,
            "20.000000" : 749568,
            "30.000000" : 905216,
            "40.000000" : 1044480,
            "50.000000" : 1204224,
            "60.000000" : 1400832,
            "70.000000" : 1613824,
            "80.000000" : 2023424,
            "90.000000" : 3031040,
            "95.000000" : 4685824,
            "99.000000" : 39583744,
            "99.500000" : 50593792,
            "99.900000" : 70778880,
            "99.950000" : 79167488,
            "99.990000" : 95944704
          }
        },
        "lat_ns" : {
          "min" : 155388,
          "max" : 126421352,
          "mean" : 2505738.815934,
          "stddev" : 6482940.369697,
          "N" : 122571234
        },
        "bw_min" : 1063763,
        "bw_max" : 1970150,
        "bw_agg" : 100.000000,
        "bw_mean" : 1634988.160019,
        "bw_dev" : 3790.837407,
        "bw_samples" : 19182,
        "iops_min" : 265939,
        "iops_max" : 492536,
        "iops_mean" : 408745.908745,
        "iops_stddev" : 947.708662,
        "iops_samples" : 19182
      },
      "write" : {
        "io_bytes" : 0,
        "io_kbytes" : 0,
        "bw_bytes" : 0,
        "bw" : 0,
        "iops" : 0.000000,
        "runtime" : 0,
        "total_ios" : 0,
        "short_ios" : 0,
        "drop_ios" : 0,
        "slat_ns" : {
          "min" : 0,
          "max" : 0,
          "mean" : 0.000000,
          "stddev" : 0.000000,
          "N" : 0
        },
        "clat_ns" : {
          "min" : 0,
          "max" : 0,
          "mean" : 0.000000,
          "stddev" : 0.000000,
          "N" : 0
        },
        "lat_ns" : {
          "min" : 0,
          "max" : 0,
          "mean" : 0.000000,
          "stddev" : 0.000000,
          "N" : 0
        },
        "bw_min" : 0,
        "bw_max" : 0,
        "bw_agg" : 0.000000,
        "bw_mean" : 0.000000,
        "bw_dev" : 0.000000,
        "bw_samples" : 0,
        "iops_min" : 0,
        "iops_max" : 0,
        "iops_mean" : 0.000000,
        "iops_stddev" : 0.000000,
        "iops_samples" : 0
      },
      "trim" : {
        "io_bytes" : 0,
        "io_kbytes" : 0,
        "bw_bytes" : 0,
        "bw" : 0,
        "iops" : 0.000000,
        "runtime" : 0,
        "total_ios" : 0,
        "short_ios" : 0,
        "drop_ios" : 0,
        "slat_ns" : {
          "min" : 0,
          "max" : 0,
          "mean" : 0.000000,
          "stddev" : 0.000000,
          "N" : 0
        },
        "clat_ns" : {
          "min" : 0,
          "max" : 0,
          "mean" : 0.000000,
          "stddev" : 0.000000,
          "N" : 0
        },
        "lat_ns" : {
          "min" : 0,
          "max" : 0,
          "mean" : 0.000000,
          "stddev" : 0.000000,
          "N" : 0
        },
        "bw_min" : 0,
        "bw_max" : 0,
        "bw_agg" : 0.000000,
        "bw_mean" : 0.000000,
        "bw_dev" : 0.000000,
        "bw_samples" : 0,
        "iops_min" : 0,
        "iops_max" : 0,
        "iops_mean" : 0.000000,
        "iops_stddev" : 0.000000,
        "iops_samples" : 0
      },
      "sync" : {
        "total_ios" : 0,
        "lat_ns" : {
          "min" : 0,
          "max" : 0,
          "mean" : 0.000000,
          "stddev" : 0.000000,
          "N" : 0
        }
      },
      "job_runtime" : 9600337,
      "usr_cpu" : 4.502050,
      "sys_cpu" : 3.245980,
      "ctx" : 65909390,
      "majf" : 0,
      "minf" : 509,
      "iodepth_level" : {
        "1" : 0.000000,
        "2" : 0.000000,
        "4" : 0.000000,
        "8" : 0.000000,
        "16" : 0.000000,
        "32" : 100.000000,
        ">=64" : 0.000000
      },
      "iodepth_submit" : {
        "0" : 0.000000,
        "4" : 100.000000,
        "8" : 0.000000,
        "16" : 0.000000,
        "32" : 0.000000,
        "64" : 0.000000,
        ">=64" : 0.000000
      },
      "iodepth_complete" : {
        "0" : 0.000000,
        "4" : 99.999987,
        "8" : 0.000000,
        "16" : 0.000000,
        "32" : 0.100000,
        "64" : 0.000000,
        ">=64" : 0.000000
      },
      "latency_ns" : {
        "2" : 0.000000,
        "4" : 0.000000,
        "10" : 0.000000,
        "20" : 0.000000,
        "50" : 0.000000,
        "100" : 0.000000,
        "250" : 0.000000,
        "500" : 0.000000,
        "750" : 0.000000,
        "1000" : 0.000000
      },
      "latency_us" : {
        "2" : 0.000000,
        "4" : 0.000000,
        "10" : 0.000000,
        "20" : 0.000000,
        "50" : 0.000000,
        "100" : 0.000000,
        "250" : 0.335417,
        "500" : 6.521042,
        "750" : 13.133652,
        "1000" : 16.896706
      },
      "latency_ms" : {
        "2" : 42.327337,
        "4" : 14.714025,
        "10" : 2.549070,
        "20" : 1.110851,
        "50" : 1.889047,
        "100" : 0.517806,
        "250" : 0.010000,
        "500" : 0.000000,
        "750" : 0.000000,
        "1000" : 0.000000,
        "2000" : 0.000000,
        ">=2000" : 0.000000
      },
      "latency_depth" : 32,
      "latency_target" : 0,
      "latency_percentile" : 100.000000,
      "latency_window" : 0
    }
  ],
  "disk_util" : [
    {
      "name" : "sda",
      "read_ios" : 0,
      "write_ios" : 4568,
      "read_sectors" : 0,
      "write_sectors" : 109464,
      "read_merges" : 0,
      "write_merges" : 6278,
      "read_ticks" : 0,
      "write_ticks" : 867,
      "in_queue" : 918,
      "util" : 0.112436
    }
  ]
}
