{
  "fio version" : "fio-3.39-26-ga72fe",
  "timestamp" : 1750934411,
  "timestamp_ms" : 1750934411382,
  "time" : "Thu Jun 26 10:40:11 2025",
  "global options" : {
    "ioengine" : "rbd",
    "bs" : "4k",
    "rw" : "randread",
    "direct" : "1",
    "runtime" : "5m",
    "time_based" : "",
    "group_reporting" : "",
    "ramp_time" : "30s",
    "thread" : "1",
    "iodepth" : "2",
    "clientname" : "admin",
    "pool" : "rbd"
  },
  "jobs" : [
    {
      "jobname" : "fio_test_0",
      "groupid" : 0,
      "job_start" : 1750934111130,
      "error" : 0,
      "eta" : 0,
      "elapsed" : 331,
      "job options" : {
        "max_latency" : "1s",
        "numjobs" : "1",
        "rbdname" : "fio_test_31"
      },
      "read" : {
        "io_bytes" : 226669744128,
        "io_kbytes" : 221357172,
        "bw_bytes" : 755560776,
        "bw" : 737852,
        "iops" : 184462.970247,
        "runtime" : 300002,
        "total_ios" : 55339260,
        "short_ios" : 0,
        "drop_ios" : 0,
        "slat_ns" : {
          "min" : 470,
          "max" : 361246,
          "mean" : 2861.356981,
          "stddev" : 1036.660747,
          "N" : 55339261
        },
        "clat_ns" : {
          "min" : 8148,
          "max" : 10275946,
          "mean" : 343170.087129,
          "stddev" : 138785.650938,
          "N" : 55339292,
          "percentile" : {
            "1.000000" : 173056,
            "5.000000" : 191488,
            "10.000000" : 203776,
            "20.000000" : 226304,
            "30.000000" : 250880,
            "40.000000" : 280576,
            "50.000000" : 309248,
            "60.000000" : 346112,
            "70.000000" : 387072,
            "80.000000" : 440320,
            "90.000000" : 528384,
            "95.000000" : 610304,
            "99.000000" : 798720,
            "99.500000" : 872448,
            "99.900000" : 1056768,
            "99.950000" : 1138688,
            "99.990000" : 1351680
          }
        },
        "lat_ns" : {
          "min" : 135755,
          "max" : 10278760,
          "mean" : 346031.444177,
          "stddev" : 138800.474179,
          "N" : 55339292
        },
        "bw_min" : 700741,
        "bw_max" : 764344,
        "bw_agg" : 100.000000,
        "bw_mean" : 738040.141667,
        "bw_dev" : 246.634324,
        "bw_samples" : 19200,
        "iops_min" : 175184,
        "iops_max" : 191086,
        "iops_mean" : 184508.141667,
        "iops_stddev" : 61.664418,
        "iops_samples" : 19200
      },
      "write" : {
        "io_bytes" : 0,
        "io_kbytes" : 0,
        "bw_bytes" : 0,
        "bw" : 0,
        "iops" : 0.000000,
        "runtime" : 0,
        "total_ios" : 0,
        "short_ios" : 0,
        "drop_ios" : 0,
        "slat_ns" : {
          "min" : 0,
          "max" : 0,
          "mean" : 0.000000,
          "stddev" : 0.000000,
          "N" : 0
        },
        "clat_ns" : {
          "min" : 0,
          "max" : 0,
          "mean" : 0.000000,
          "stddev" : 0.000000,
          "N" : 0
        },
        "lat_ns" : {
          "min" : 0,
          "max" : 0,
          "mean" : 0.000000,
          "stddev" : 0.000000,
          "N" : 0
        },
        "bw_min" : 0,
        "bw_max" : 0,
        "bw_agg" : 0.000000,
        "bw_mean" : 0.000000,
        "bw_dev" : 0.000000,
        "bw_samples" : 0,
        "iops_min" : 0,
        "iops_max" : 0,
        "iops_mean" : 0.000000,
        "iops_stddev" : 0.000000,
        "iops_samples" : 0
      },
      "trim" : {
        "io_bytes" : 0,
        "io_kbytes" : 0,
        "bw_bytes" : 0,
        "bw" : 0,
        "iops" : 0.000000,
        "runtime" : 0,
        "total_ios" : 0,
        "short_ios" : 0,
        "drop_ios" : 0,
        "slat_ns" : {
          "min" : 0,
          "max" : 0,
          "mean" : 0.000000,
          "stddev" : 0.000000,
          "N" : 0
        },
        "clat_ns" : {
          "min" : 0,
          "max" : 0,
          "mean" : 0.000000,
          "stddev" : 0.000000,
          "N" : 0
        },
        "lat_ns" : {
          "min" : 0,
          "max" : 0,
          "mean" : 0.000000,
          "stddev" : 0.000000,
          "N" : 0
        },
        "bw_min" : 0,
        "bw_max" : 0,
        "bw_agg" : 0.000000,
        "bw_mean" : 0.000000,
        "bw_dev" : 0.000000,
        "bw_samples" : 0,
        "iops_min" : 0,
        "iops_max" : 0,
        "iops_mean" : 0.000000,
        "iops_stddev" : 0.000000,
        "iops_samples" : 0
      },
      "sync" : {
        "total_ios" : 0,
        "lat_ns" : {
          "min" : 0,
          "max" : 0,
          "mean" : 0.000000,
          "stddev" : 0.000000,
          "N" : 0
        }
      },
      "job_runtime" : 9600001,
      "usr_cpu" : 2.444875,
      "sys_cpu" : 2.325271,
      "ctx" : 51204858,
      "majf" : 0,
      "minf" : 324,
      "iodepth_level" : {
        "1" : 0.000000,
        "2" : 100.000000,
        "4" : 0.000000,
        "8" : 0.000000,
        "16" : 0.000000,
        "32" : 0.000000,
        ">=64" : 0.000000
      },
      "iodepth_submit" : {
        "0" : 0.000000,
        "4" : 100.000000,
        "8" : 0.000000,
        "16" : 0.000000,
        "32" : 0.000000,
        "64" : 0.000000,
        ">=64" : 0.000000
      },
      "iodepth_complete" : {
        "0" : 0.000000,
        "4" : 100.000000,
        "8" : 0.000000,
        "16" : 0.000000,
        "32" : 0.000000,
        "64" : 0.000000,
        ">=64" : 0.000000
      },
      "latency_ns" : {
        "2" : 0.000000,
        "4" : 0.000000,
        "10" : 0.000000,
        "20" : 0.000000,
        "50" : 0.000000,
        "100" : 0.000000,
        "250" : 0.000000,
        "500" : 0.000000,
        "750" : 0.000000,
        "1000" : 0.000000
      },
      "latency_us" : {
        "2" : 0.000000,
        "4" : 0.000000,
        "10" : 0.010000,
        "20" : 0.000000,
        "50" : 0.000000,
        "100" : 0.000000,
        "250" : 29.962970,
        "500" : 57.440875,
        "750" : 11.084762,
        "1000" : 1.350949
      },
      "latency_ms" : {
        "2" : 0.157984,
        "4" : 0.010000,
        "10" : 0.010000,
        "20" : 0.010000,
        "50" : 0.000000,
        "100" : 0.000000,
        "250" : 0.000000,
        "500" : 0.000000,
        "750" : 0.000000,
        "1000" : 0.000000,
        "2000" : 0.000000,
        ">=2000" : 0.000000
      },
      "latency_depth" : 2,
      "latency_target" : 0,
      "latency_percentile" : 100.000000,
      "latency_window" : 0
    }
  ],
  "disk_util" : [
    {
      "name" : "sda",
      "read_ios" : 0,
      "write_ios" : 4535,
      "read_sectors" : 0,
      "write_sectors" : 111408,
      "read_merges" : 0,
      "write_merges" : 6472,
      "read_ticks" : 0,
      "write_ticks" : 905,
      "in_queue" : 953,
      "util" : 0.113931
    }
  ]
}
