{
  "fio version" : "fio-3.39-26-ga72fe",
  "timestamp" : 1750934078,
  "timestamp_ms" : 1750934078970,
  "time" : "Thu Jun 26 10:34:38 2025",
  "global options" : {
    "ioengine" : "rbd",
    "bs" : "4k",
    "rw" : "randread",
    "direct" : "1",
    "runtime" : "5m",
    "time_based" : "",
    "group_reporting" : "",
    "ramp_time" : "30s",
    "thread" : "1",
    "iodepth" : "1",
    "clientname" : "admin",
    "pool" : "rbd"
  },
  "jobs" : [
    {
      "jobname" : "fio_test_0",
      "groupid" : 0,
      "job_start" : 1750933778718,
      "error" : 0,
      "eta" : 0,
      "elapsed" : 331,
      "job options" : {
        "max_latency" : "1s",
        "numjobs" : "1",
        "rbdname" : "fio_test_31"
      },
      "read" : {
        "io_bytes" : 156568223744,
        "io_kbytes" : 152898656,
        "bw_bytes" : 521892339,
        "bw" : 509660,
        "iops" : 127415.121950,
        "runtime" : 300001,
        "total_ios" : 38224664,
        "short_ios" : 0,
        "drop_ios" : 0,
        "slat_ns" : {
          "min" : 1240,
          "max" : 275877,
          "mean" : 2904.421187,
          "stddev" : 875.573410,
          "N" : 38224664
        },
        "clat_ns" : {
          "min" : 2133,
          "max" : 3579770,
          "mean" : 247271.545904,
          "stddev" : 65491.096113,
          "N" : 38224664,
          "percentile" : {
            "1.000000" : 160768,
            "5.000000" : 177152,
            "10.000000" : 187392,
            "20.000000" : 197632,
            "30.000000" : 205824,
            "40.000000" : 216064,
            "50.000000" : 226304,
            "60.000000" : 242688,
            "70.000000" : 264192,
            "80.000000" : 292864,
            "90.000000" : 333824,
            "95.000000" : 374784,
            "99.000000" : 460800,
            "99.500000" : 497664,
            "99.900000" : 585728,
            "99.950000" : 618496,
            "99.990000" : 765952
          }
        },
        "lat_ns" : {
          "min" : 133219,
          "max" : 3582606,
          "mean" : 250175.967091,
          "stddev" : 65510.832944,
          "N" : 38224664
        },
        "bw_min" : 498344,
        "bw_max" : 524970,
        "bw_agg" : 100.000000,
        "bw_mean" : 509771.116667,
        "bw_dev" : 105.449445,
        "bw_samples" : 19200,
        "iops_min" : 124586,
        "iops_max" : 131241,
        "iops_mean" : 127441.840000,
        "iops_stddev" : 26.367599,
        "iops_samples" : 19200
      },
      "write" : {
        "io_bytes" : 0,
        "io_kbytes" : 0,
        "bw_bytes" : 0,
        "bw" : 0,
        "iops" : 0.000000,
        "runtime" : 0,
        "total_ios" : 0,
        "short_ios" : 0,
        "drop_ios" : 0,
        "slat_ns" : {
          "min" : 0,
          "max" : 0,
          "mean" : 0.000000,
          "stddev" : 0.000000,
          "N" : 0
        },
        "clat_ns" : {
          "min" : 0,
          "max" : 0,
          "mean" : 0.000000,
          "stddev" : 0.000000,
          "N" : 0
        },
        "lat_ns" : {
          "min" : 0,
          "max" : 0,
          "mean" : 0.000000,
          "stddev" : 0.000000,
          "N" : 0
        },
        "bw_min" : 0,
        "bw_max" : 0,
        "bw_agg" : 0.000000,
        "bw_mean" : 0.000000,
        "bw_dev" : 0.000000,
        "bw_samples" : 0,
        "iops_min" : 0,
        "iops_max" : 0,
        "iops_mean" : 0.000000,
        "iops_stddev" : 0.000000,
        "iops_samples" : 0
      },
      "trim" : {
        "io_bytes" : 0,
        "io_kbytes" : 0,
        "bw_bytes" : 0,
        "bw" : 0,
        "iops" : 0.000000,
        "runtime" : 0,
        "total_ios" : 0,
        "short_ios" : 0,
        "drop_ios" : 0,
        "slat_ns" : {
          "min" : 0,
          "max" : 0,
          "mean" : 0.000000,
          "stddev" : 0.000000,
          "N" : 0
        },
        "clat_ns" : {
          "min" : 0,
          "max" : 0,
          "mean" : 0.000000,
          "stddev" : 0.000000,
          "N" : 0
        },
        "lat_ns" : {
          "min" : 0,
          "max" : 0,
          "mean" : 0.000000,
          "stddev" : 0.000000,
          "N" : 0
        },
        "bw_min" : 0,
        "bw_max" : 0,
        "bw_agg" : 0.000000,
        "bw_mean" : 0.000000,
        "bw_dev" : 0.000000,
        "bw_samples" : 0,
        "iops_min" : 0,
        "iops_max" : 0,
        "iops_mean" : 0.000000,
        "iops_stddev" : 0.000000,
        "iops_samples" : 0
      },
      "sync" : {
        "total_ios" : 0,
        "lat_ns" : {
          "min" : 0,
          "max" : 0,
          "mean" : 0.000000,
          "stddev" : 0.000000,
          "N" : 0
        }
      },
      "job_runtime" : 9600000,
      "usr_cpu" : 1.769979,
      "sys_cpu" : 1.643729,
      "ctx" : 38225084,
      "majf" : 0,
      "minf" : 505,
      "iodepth_level" : {
        "1" : 100.000000,
        "2" : 0.000000,
        "4" : 0.000000,
        "8" : 0.000000,
        "16" : 0.000000,
        "32" : 0.000000,
        ">=64" : 0.000000
      },
      "iodepth_submit" : {
        "0" : 0.000000,
        "4" : 100.000000,
        "8" : 0.000000,
        "16" : 0.000000,
        "32" : 0.000000,
        "64" : 0.000000,
        ">=64" : 0.000000
      },
      "iodepth_complete" : {
        "0" : 0.000000,
        "4" : 100.000000,
        "8" : 0.000000,
        "16" : 0.000000,
        "32" : 0.000000,
        "64" : 0.000000,
        ">=64" : 0.000000
      },
      "latency_ns" : {
        "2" : 0.000000,
        "4" : 0.000000,
        "10" : 0.000000,
        "20" : 0.000000,
        "50" : 0.000000,
        "100" : 0.000000,
        "250" : 0.000000,
        "500" : 0.000000,
        "750" : 0.000000,
        "1000" : 0.000000
      },
      "latency_us" : {
        "2" : 0.000000,
        "4" : 0.010000,
        "10" : 0.000000,
        "20" : 0.000000,
        "50" : 0.010000,
        "100" : 0.010000,
        "250" : 63.596638,
        "500" : 35.927068,
        "750" : 0.465035,
        "1000" : 0.010000
      },
      "latency_ms" : {
        "2" : 0.010000,
        "4" : 0.010000,
        "10" : 0.000000,
        "20" : 0.000000,
        "50" : 0.000000,
        "100" : 0.000000,
        "250" : 0.000000,
        "500" : 0.000000,
        "750" : 0.000000,
        "1000" : 0.000000,
        "2000" : 0.000000,
        ">=2000" : 0.000000
      },
      "latency_depth" : 1,
      "latency_target" : 0,
      "latency_percentile" : 100.000000,
      "latency_window" : 0
    }
  ],
  "disk_util" : [
    {
      "name" : "sda",
      "read_ios" : 0,
      "write_ios" : 4447,
      "read_sectors" : 0,
      "write_sectors" : 122872,
      "read_merges" : 0,
      "write_merges" : 6544,
      "read_ticks" : 0,
      "write_ticks" : 994,
      "in_queue" : 1041,
      "util" : 0.116655
    }
  ]
}
