{
  "fio version" : "fio-3.39-26-ga72fe",
  "timestamp" : 1750936737,
  "timestamp_ms" : 1750936737216,
  "time" : "Thu Jun 26 11:18:57 2025",
  "global options" : {
    "ioengine" : "rbd",
    "bs" : "4k",
    "rw" : "randread",
    "direct" : "1",
    "runtime" : "5m",
    "time_based" : "",
    "group_reporting" : "",
    "ramp_time" : "30s",
    "thread" : "1",
    "iodepth" : "52",
    "clientname" : "admin",
    "pool" : "rbd"
  },
  "jobs" : [
    {
      "jobname" : "fio_test_0",
      "groupid" : 0,
      "job_start" : 1750936437084,
      "error" : 0,
      "eta" : 0,
      "elapsed" : 331,
      "job options" : {
        "max_latency" : "1s",
        "numjobs" : "1",
        "rbdname" : "fio_test_31"
      },
      "read" : {
        "io_bytes" : 479981084672,
        "io_kbytes" : 468731528,
        "bw_bytes" : 1599718320,
        "bw" : 1562224,
        "iops" : 390550.778060,
        "runtime" : 300041,
        "total_ios" : 117181246,
        "short_ios" : 0,
        "drop_ios" : 0,
        "slat_ns" : {
          "min" : 433,
          "max" : 248478,
          "mean" : 2312.541020,
          "stddev" : 1390.454805,
          "N" : 117181250
        },
        "clat_ns" : {
          "min" : 149474,
          "max" : 320690307,
          "mean" : 4258507.052859,
          "stddev" : 20042729.520110,
          "N" : 117182878,
          "percentile" : {
            "1.000000" : 264192,
            "5.000000" : 387072,
            "10.000000" : 489472,
            "20.000000" : 643072,
            "30.000000" : 782336,
            "40.000000" : 921600,
            "50.000000" : 1056768,
            "60.000000" : 1220608,
            "70.000000" : 1466368,
            "80.000000" : 1826816,
            "90.000000" : 2965504,
            "95.000000" : 4112384,
            "99.000000" : 107479040,
            "99.500000" : 173015040,
            "99.900000" : 244318208,
            "99.950000" : 263192576,
            "99.990000" : 291504128
          }
        },
        "lat_ns" : {
          "min" : 152804,
          "max" : 320691428,
          "mean" : 4260819.593618,
          "stddev" : 20042730.711269,
          "N" : 117182878
        },
        "bw_min" : 791604,
        "bw_max" : 2019418,
        "bw_agg" : 100.000000,
        "bw_mean" : 1563069.267627,
        "bw_dev" : 4023.158745,
        "bw_samples" : 19178,
        "iops_min" : 197900,
        "iops_max" : 504858,
        "iops_mean" : 390766.482702,
        "iops_stddev" : 1005.788648,
        "iops_samples" : 19178
      },
      "write" : {
        "io_bytes" : 0,
        "io_kbytes" : 0,
        "bw_bytes" : 0,
        "bw" : 0,
        "iops" : 0.000000,
        "runtime" : 0,
        "total_ios" : 0,
        "short_ios" : 0,
        "drop_ios" : 0,
        "slat_ns" : {
          "min" : 0,
          "max" : 0,
          "mean" : 0.000000,
          "stddev" : 0.000000,
          "N" : 0
        },
        "clat_ns" : {
          "min" : 0,
          "max" : 0,
          "mean" : 0.000000,
          "stddev" : 0.000000,
          "N" : 0
        },
        "lat_ns" : {
          "min" : 0,
          "max" : 0,
          "mean" : 0.000000,
          "stddev" : 0.000000,
          "N" : 0
        },
        "bw_min" : 0,
        "bw_max" : 0,
        "bw_agg" : 0.000000,
        "bw_mean" : 0.000000,
        "bw_dev" : 0.000000,
        "bw_samples" : 0,
        "iops_min" : 0,
        "iops_max" : 0,
        "iops_mean" : 0.000000,
        "iops_stddev" : 0.000000,
        "iops_samples" : 0
      },
      "trim" : {
        "io_bytes" : 0,
        "io_kbytes" : 0,
        "bw_bytes" : 0,
        "bw" : 0,
        "iops" : 0.000000,
        "runtime" : 0,
        "total_ios" : 0,
        "short_ios" : 0,
        "drop_ios" : 0,
        "slat_ns" : {
          "min" : 0,
          "max" : 0,
          "mean" : 0.000000,
          "stddev" : 0.000000,
          "N" : 0
        },
        "clat_ns" : {
          "min" : 0,
          "max" : 0,
          "mean" : 0.000000,
          "stddev" : 0.000000,
          "N" : 0
        },
        "lat_ns" : {
          "min" : 0,
          "max" : 0,
          "mean" : 0.000000,
          "stddev" : 0.000000,
          "N" : 0
        },
        "bw_min" : 0,
        "bw_max" : 0,
        "bw_agg" : 0.000000,
        "bw_mean" : 0.000000,
        "bw_dev" : 0.000000,
        "bw_samples" : 0,
        "iops_min" : 0,
        "iops_max" : 0,
        "iops_mean" : 0.000000,
        "iops_stddev" : 0.000000,
        "iops_samples" : 0
      },
      "sync" : {
        "total_ios" : 0,
        "lat_ns" : {
          "min" : 0,
          "max" : 0,
          "mean" : 0.000000,
          "stddev" : 0.000000,
          "N" : 0
        }
      },
      "job_runtime" : 9601197,
      "usr_cpu" : 4.493086,
      "sys_cpu" : 3.258812,
      "ctx" : 65695419,
      "majf" : 0,
      "minf" : 644,
      "iodepth_level" : {
        "1" : 0.000000,
        "2" : 0.000000,
        "4" : 0.000000,
        "8" : 0.000000,
        "16" : 0.000000,
        "32" : 100.000000,
        ">=64" : 0.000000
      },
      "iodepth_submit" : {
        "0" : 0.000000,
        "4" : 100.000000,
        "8" : 0.000000,
        "16" : 0.000000,
        "32" : 0.000000,
        "64" : 0.000000,
        ">=64" : 0.000000
      },
      "iodepth_complete" : {
        "0" : 0.000000,
        "4" : 99.999986,
        "8" : 0.000000,
        "16" : 0.000000,
        "32" : 0.000000,
        "64" : 0.100000,
        ">=64" : 0.000000
      },
      "latency_ns" : {
        "2" : 0.000000,
        "4" : 0.000000,
        "10" : 0.000000,
        "20" : 0.000000,
        "50" : 0.000000,
        "100" : 0.000000,
        "250" : 0.000000,
        "500" : 0.000000,
        "750" : 0.000000,
        "1000" : 0.000000
      },
      "latency_us" : {
        "2" : 0.000000,
        "4" : 0.000000,
        "10" : 0.000000,
        "20" : 0.000000,
        "50" : 0.000000,
        "100" : 0.000000,
        "250" : 0.722907,
        "500" : 10.012326,
        "750" : 16.929093,
        "1000" : 18.447865
      },
      "latency_ms" : {
        "2" : 36.633344,
        "4" : 11.919914,
        "10" : 1.810849,
        "20" : 0.496942,
        "50" : 0.854369,
        "100" : 1.076432,
        "250" : 1.010192,
        "500" : 0.087160,
        "750" : 0.000000,
        "1000" : 0.000000,
        "2000" : 0.000000,
        ">=2000" : 0.000000
      },
      "latency_depth" : 52,
      "latency_target" : 0,
      "latency_percentile" : 100.000000,
      "latency_window" : 0
    }
  ],
  "disk_util" : [
    {
      "name" : "sda",
      "read_ios" : 0,
      "write_ios" : 4579,
      "read_sectors" : 0,
      "write_sectors" : 108024,
      "read_merges" : 0,
      "write_merges" : 6273,
      "read_ticks" : 0,
      "write_ticks" : 962,
      "in_queue" : 1012,
      "util" : 0.121527
    }
  ]
}
