{
    "iodepth": [
        "1",
        "2",
        "4",
        "8",
        "16",
        "24",
        "32",
        "40",
        "52",
        "64"
    ],
    "iops": [
        127415.12195,
        184462.970247,
        275018.43321,
        306818.421211,
        403441.670778,
        336080.188255,
        408547.045981,
        318944.204478,
        390550.77806,
        303900.212618
    ],
    "total_ios": [
        38224664,
        55339260,
        82506080,
        92046140,
        121034115,
        100830442,
        122570242,
        95696657,
        117181246,
        91190729
    ],
    "clat_ms": [
        0.247271545904,
        0.343170087129,
        0.461626760593,
        0.831200976108,
        1.266094337225,
        2.282455320225,
        2.503530842701,
        4.011480412032,
        4.258507052859,
        6.738305646952001
    ],
    "clat_stdev": [
        0.065491096113,
        0.138785650938,
        0.202857382945,
        0.503003889098,
        0.827285186467,
        8.975679899709,
        6.482945222694,
        26.140252962105,
        20.04272952011,
        54.241037518169
    ],
    "usr_cpu": [
        1.769979,
        2.444875,
        3.657989,
        3.492268,
        4.49102,
        3.495671,
        4.50205,
        3.354572,
        4.493086,
        3.338
    ],
    "sys_cpu": [
        1.643729,
        2.325271,
        3.205739,
        2.859769,
        3.245326,
        2.711442,
        3.24598,
        2.66696,
        3.258812,
        2.580536
    ],
    "OSD_cpu": [
        4235.606666666625,
        4730.043333333309,
        5148.8499999999685,
        5260.269999999961,
        5369.079999999968,
        5325.249999999954,
        5373.963333333301,
        5308.556666666626,
        5365.9733333333015,
        5290.19999999995
    ],
    "OSD_mem": [
        3480.480000000245,
        3628.8000000002853,
        3628.8000000002853,
        3645.0399999996835,
        3645.599999999684,
        3645.599999999684,
        3645.599999999684,
        3645.599999999684,
        3645.599999999684,
        3645.599999999684
    ],
    "FIO_cpu": [
        761.5866666666473,
        1136.4466666666415,
        1636.2966666666757,
        1570.2799999999963,
        1912.203333333336,
        1531.1333333333328,
        1896.129999999999,
        1485.6666666666652,
        1885.5,
        1455.5333333333342
    ],
    "FIO_mem": [
        0.0,
        0.0,
        0.0,
        0.0,
        0.0,
        0.0,
        0.0,
        0.0,
        0.0,
        0.0
    ]
}