{
    "iodepth": [
        "1",
        "2",
        "4",
        "8",
        "16",
        "24",
        "32",
        "40",
        "52",
        "64"
    ],
    "iops": [
        2341.328862,
        4351.338829,
        7029.619901,
        9316.571558,
        10527.110853,
        10373.284623,
        10026.539381,
        9668.949909,
        9234.818737,
        7567.487685
    ],
    "total_ios": [
        702401,
        1305406,
        2108893,
        2795046,
        3158228,
        3112058,
        3008032,
        2900801,
        364526,
        15362
    ],
    "clat_ms": [
        0.41923986097,
        0.452141556819,
        0.5619688321399999,
        0.851676369476,
        1.5125465578389998,
        2.306056218115,
        3.1833100185019996,
        4.127837929135,
        5.609830832505,
        8.321202360324
    ],
    "clat_stdev": [
        0.24903389976999998,
        0.288886369712,
        0.454010149582,
        0.9331952364770001,
        2.854490217766,
        5.917306863814,
        9.978930424491999,
        14.543454513322999,
        21.27681027804,
        37.118174060321
    ],
    "usr_cpu": [
        2.132,
        3.627667,
        5.371,
        6.814841,
        7.434135,
        7.268521,
        7.042192,
        7.064408,
        6.222132,
        4.189256
    ],
    "sys_cpu": [
        1.751,
        2.951333,
        4.017333,
        4.784555,
        4.959868,
        4.740239,
        4.734905,
        4.630497,
        3.876165,
        2.957122
    ],
    "OSD_cpu": [
        188.70999999999998,
        274.51999999999975,
        375.7333333333332,
        467.3099999999996,
        533.803333333333,
        543.773333333333,
        542.5499999999997,
        76.2066666666669,
        516.5133333333328,
        333.16333333333296,
        509.3833333333331,
        198.18333333333368,
        4.159999999999995,
        3.999999999999997,
        3.756666666666663
    ],
    "OSD_mem": [
        44.01666666666686,
        47.919999999999995,
        50.31999999999956,
        50.39999999999955,
        50.39999999999955,
        50.39999999999955,
        50.39999999999955,
        50.39999999999955,
        50.39999999999955,
        50.39999999999955,
        50.39999999999955,
        50.39999999999955,
        50.39999999999955,
        50.39999999999955,
        50.39999999999955
    ],
    "FIO_cpu": [
        25.43333333333334,
        42.63999999999998,
        60.559999999999974,
        71.99333333333328,
        77.78999999999994,
        76.20999999999997,
        74.39333333333333,
        9.140000000000002,
        70.27666666666661,
        43.61999999999999,
        68.92999999999996,
        24.80666666666667,
        0.0,
        0.0,
        0.0
    ],
    "FIO_mem": [
        0.0,
        0.0,
        0.3733333333333325,
        0.7466666666666683,
        0.9066666666666705,
        0.8533333333333365,
        0.8533333333333365,
        0.053333333333333344,
        0.8000000000000024,
        0.15999999999999998,
        0.6933333333333341,
        0.053333333333333344,
        0.0,
        0.0,
        0.0
    ]
}