{
    "iodepth": [
        "1",
        "2",
        "4",
        "8",
        "16",
        "24",
        "32",
        "40",
        "52",
        "64"
    ],
    "iops": [
        2304.698984,
        4448.275172,
        6775.517415,
        9237.250961,
        9481.920482,
        8627.192876,
        7688.682934,
        7510.74111,
        7242.673338,
        6594.641564
    ],
    "total_ios": [
        691412,
        1334487,
        2032662,
        2771203,
        2844652,
        354569,
        196615,
        142997,
        40530,
        45536
    ],
    "clat_ms": [
        0.42646739248099996,
        0.44196654127,
        0.583927168589,
        0.859370431663,
        1.680442618144,
        2.772382003796,
        4.141873561206,
        5.2971513224989994,
        7.217688017052001,
        9.596272362069
    ],
    "clat_stdev": [
        0.23617702903899998,
        0.29406894608199996,
        0.469071047159,
        1.272141212717,
        3.69203288975,
        10.283321123072,
        18.332169622551003,
        20.758260495824,
        29.130911597432,
        41.308394292813006
    ],
    "usr_cpu": [
        2.024,
        3.742667,
        4.744667,
        6.458957,
        6.540847,
        5.71804,
        5.025224,
        4.800924,
        4.039321,
        3.621089
    ],
    "sys_cpu": [
        1.696667,
        3.032333,
        4.015,
        4.827968,
        4.367231,
        4.09509,
        3.62129,
        3.319676,
        2.859696,
        3.215527
    ],
    "OSD_cpu": [
        186.1433333333334,
        287.3166666666665,
        356.39666666666665,
        474.89999999999964,
        490.07999999999976,
        124.21000000000026,
        100.99666666666687,
        176.5633333333336,
        80.99333333333354,
        115.42333333333357,
        86.22000000000023,
        43.27333333333324,
        69.75333333333349,
        53.82333333333327,
        16.463333333333356,
        4.609999999999999,
        4.063333333333329,
        3.5733333333333293,
        3.989999999999996,
        3.67333333333333
    ],
    "OSD_mem": [
        50.9666666666673,
        52.80000000000067,
        52.80000000000067,
        52.80000000000067,
        52.80000000000067,
        52.80000000000067,
        52.80000000000067,
        52.80000000000067,
        52.80000000000067,
        52.80000000000067,
        52.80000000000067,
        52.80000000000067,
        52.80000000000067,
        52.80000000000067,
        52.80000000000067,
        52.80000000000067,
        52.80000000000067,
        52.80000000000067,
        52.80000000000067,
        52.80000000000067
    ],
    "FIO_cpu": [
        25.65333333333334,
        43.446666666666665,
        62.55999999999995,
        71.90999999999995,
        75.86666666666662,
        15.39666666666667,
        12.65,
        24.12333333333333,
        10.07,
        14.5,
        9.393333333333334,
        3.6599999999999993,
        7.570000000000002,
        5.083333333333333,
        0.89,
        0.0,
        0.0,
        0.0,
        0.0,
        0.0
    ],
    "FIO_mem": [
        0.0,
        0.0,
        0.3199999999999994,
        0.7466666666666683,
        0.8000000000000024,
        0.053333333333333344,
        0.0,
        0.0,
        0.0,
        0.0,
        0.0,
        0.0,
        0.0,
        0.0,
        0.0,
        0.0,
        0.0,
        0.0,
        0.0,
        0.0
    ]
}