{
  "fio version" : "fio-3.39-26-ga72fe",
  "timestamp" : 1750875183,
  "timestamp_ms" : 1750875183155,
  "time" : "Wed Jun 25 18:13:03 2025",
  "global options" : {
    "ioengine" : "rbd",
    "bs" : "64k",
    "rw" : "write",
    "direct" : "1",
    "runtime" : "5m",
    "time_based" : "",
    "group_reporting" : "",
    "ramp_time" : "30s",
    "thread" : "1",
    "iodepth" : "8",
    "clientname" : "admin",
    "pool" : "rbd"
  },
  "jobs" : [
    {
      "jobname" : "fio_test_0",
      "groupid" : 0,
      "job_start" : 1750874882877,
      "error" : 0,
      "eta" : 0,
      "elapsed" : 331,
      "job options" : {
        "max_latency" : "1s",
        "numjobs" : "1",
        "rbdname" : "fio_test_31"
      },
      "read" : {
        "io_bytes" : 0,
        "io_kbytes" : 0,
        "bw_bytes" : 0,
        "bw" : 0,
        "iops" : 0.000000,
        "runtime" : 0,
        "total_ios" : 0,
        "short_ios" : 0,
        "drop_ios" : 0,
        "slat_ns" : {
          "min" : 0,
          "max" : 0,
          "mean" : 0.000000,
          "stddev" : 0.000000,
          "N" : 0
        },
        "clat_ns" : {
          "min" : 0,
          "max" : 0,
          "mean" : 0.000000,
          "stddev" : 0.000000,
          "N" : 0
        },
        "lat_ns" : {
          "min" : 0,
          "max" : 0,
          "mean" : 0.000000,
          "stddev" : 0.000000,
          "N" : 0
        },
        "bw_min" : 0,
        "bw_max" : 0,
        "bw_agg" : 0.000000,
        "bw_mean" : 0.000000,
        "bw_dev" : 0.000000,
        "bw_samples" : 0,
        "iops_min" : 0,
        "iops_max" : 0,
        "iops_mean" : 0.000000,
        "iops_stddev" : 0.000000,
        "iops_samples" : 0
      },
      "write" : {
        "io_bytes" : 274239913984,
        "io_kbytes" : 267812416,
        "bw_bytes" : 913971578,
        "bw" : 892550,
        "iops" : 13945.352988,
        "runtime" : 300053,
        "total_ios" : 4184345,
        "short_ios" : 0,
        "drop_ios" : 0,
        "slat_ns" : {
          "min" : 4452,
          "max" : 1593038,
          "mean" : 16477.690053,
          "stddev" : 8290.253855,
          "N" : 4184345
        },
        "clat_ns" : {
          "min" : 378758,
          "max" : 775322799,
          "mean" : 18337492.452139,
          "stddev" : 20743553.283478,
          "N" : 4184569,
          "percentile" : {
            "1.000000" : 1351680,
            "5.000000" : 2670592,
            "10.000000" : 3489792,
            "20.000000" : 5079040,
            "30.000000" : 7307264,
            "40.000000" : 9633792,
            "50.000000" : 12386304,
            "60.000000" : 15532032,
            "70.000000" : 19791872,
            "80.000000" : 26083328,
            "90.000000" : 38535168,
            "95.000000" : 54788096,
            "99.000000" : 102236160,
            "99.500000" : 124256256,
            "99.900000" : 198180864,
            "99.950000" : 235929600,
            "99.990000" : 341835776
          }
        },
        "lat_ns" : {
          "min" : 387312,
          "max" : 775340057,
          "mean" : 18353970.274084,
          "stddev" : 20745949.467192,
          "N" : 4184569
        },
        "bw_min" : 59783,
        "bw_max" : 2348445,
        "bw_agg" : 100.000000,
        "bw_mean" : 893316.980993,
        "bw_dev" : 12560.268397,
        "bw_samples" : 19173,
        "iops_min" : 934,
        "iops_max" : 36694,
        "iops_mean" : 13956.775609,
        "iops_stddev" : 196.252982,
        "iops_samples" : 19173
      },
      "trim" : {
        "io_bytes" : 0,
        "io_kbytes" : 0,
        "bw_bytes" : 0,
        "bw" : 0,
        "iops" : 0.000000,
        "runtime" : 0,
        "total_ios" : 0,
        "short_ios" : 0,
        "drop_ios" : 0,
        "slat_ns" : {
          "min" : 0,
          "max" : 0,
          "mean" : 0.000000,
          "stddev" : 0.000000,
          "N" : 0
        },
        "clat_ns" : {
          "min" : 0,
          "max" : 0,
          "mean" : 0.000000,
          "stddev" : 0.000000,
          "N" : 0
        },
        "lat_ns" : {
          "min" : 0,
          "max" : 0,
          "mean" : 0.000000,
          "stddev" : 0.000000,
          "N" : 0
        },
        "bw_min" : 0,
        "bw_max" : 0,
        "bw_agg" : 0.000000,
        "bw_mean" : 0.000000,
        "bw_dev" : 0.000000,
        "bw_samples" : 0,
        "iops_min" : 0,
        "iops_max" : 0,
        "iops_mean" : 0.000000,
        "iops_stddev" : 0.000000,
        "iops_samples" : 0
      },
      "sync" : {
        "total_ios" : 0,
        "lat_ns" : {
          "min" : 0,
          "max" : 0,
          "mean" : 0.000000,
          "stddev" : 0.000000,
          "N" : 0
        }
      },
      "job_runtime" : 9600823,
      "usr_cpu" : 0.880529,
      "sys_cpu" : 0.296006,
      "ctx" : 4046987,
      "majf" : 0,
      "minf" : 26650,
      "iodepth_level" : {
        "1" : 0.000000,
        "2" : 0.000000,
        "4" : 0.000000,
        "8" : 100.000000,
        "16" : 0.000000,
        "32" : 0.000000,
        ">=64" : 0.000000
      },
      "iodepth_submit" : {
        "0" : 0.000000,
        "4" : 100.000000,
        "8" : 0.000000,
        "16" : 0.000000,
        "32" : 0.000000,
        "64" : 0.000000,
        ">=64" : 0.000000
      },
      "iodepth_complete" : {
        "0" : 0.000000,
        "4" : 99.999618,
        "8" : 0.100000,
        "16" : 0.000000,
        "32" : 0.000000,
        "64" : 0.000000,
        ">=64" : 0.000000
      },
      "latency_ns" : {
        "2" : 0.000000,
        "4" : 0.000000,
        "10" : 0.000000,
        "20" : 0.000000,
        "50" : 0.000000,
        "100" : 0.000000,
        "250" : 0.000000,
        "500" : 0.000000,
        "750" : 0.000000,
        "1000" : 0.000000
      },
      "latency_us" : {
        "2" : 0.000000,
        "4" : 0.000000,
        "10" : 0.000000,
        "20" : 0.000000,
        "50" : 0.000000,
        "100" : 0.000000,
        "250" : 0.000000,
        "500" : 0.011902,
        "750" : 0.175344,
        "1000" : 0.273687
      },
      "latency_ms" : {
        "2" : 2.189877,
        "4" : 11.459667,
        "10" : 27.210376,
        "20" : 29.038404,
        "50" : 23.581779,
        "100" : 5.010055,
        "250" : 1.013970,
        "500" : 0.038859,
        "750" : 0.010000,
        "1000" : 0.010000,
        "2000" : 0.000000,
        ">=2000" : 0.000000
      },
      "latency_depth" : 8,
      "latency_target" : 0,
      "latency_percentile" : 100.000000,
      "latency_window" : 0
    }
  ],
  "disk_util" : [
    {
      "name" : "sda",
      "read_ios" : 0,
      "write_ios" : 9852,
      "read_sectors" : 0,
      "write_sectors" : 327544,
      "read_merges" : 0,
      "write_merges" : 18646,
      "read_ticks" : 0,
      "write_ticks" : 1517,
      "in_queue" : 1641,
      "util" : 0.248863
    }
  ]
}
