{
  "fio version" : "fio-3.39-26-ga72fe",
  "timestamp" : 1750877178,
  "timestamp_ms" : 1750877178130,
  "time" : "Wed Jun 25 18:46:18 2025",
  "global options" : {
    "ioengine" : "rbd",
    "bs" : "64k",
    "rw" : "write",
    "direct" : "1",
    "runtime" : "5m",
    "time_based" : "",
    "group_reporting" : "",
    "ramp_time" : "30s",
    "thread" : "1",
    "iodepth" : "24",
    "clientname" : "admin",
    "pool" : "rbd"
  },
  "jobs" : [
    {
      "jobname" : "fio_test_0",
      "groupid" : 0,
      "job_start" : 1750876877779,
      "error" : 110,
      "eta" : 0,
      "elapsed" : 331,
      "job options" : {
        "max_latency" : "1s",
        "numjobs" : "1",
        "rbdname" : "fio_test_31"
      },
      "read" : {
        "io_bytes" : 0,
        "io_kbytes" : 0,
        "bw_bytes" : 0,
        "bw" : 0,
        "iops" : 0.000000,
        "runtime" : 0,
        "total_ios" : 0,
        "short_ios" : 0,
        "drop_ios" : 0,
        "slat_ns" : {
          "min" : 0,
          "max" : 0,
          "mean" : 0.000000,
          "stddev" : 0.000000,
          "N" : 0
        },
        "clat_ns" : {
          "min" : 0,
          "max" : 0,
          "mean" : 0.000000,
          "stddev" : 0.000000,
          "N" : 0
        },
        "lat_ns" : {
          "min" : 0,
          "max" : 0,
          "mean" : 0.000000,
          "stddev" : 0.000000,
          "N" : 0
        },
        "bw_min" : 0,
        "bw_max" : 0,
        "bw_agg" : 0.000000,
        "bw_mean" : 0.000000,
        "bw_dev" : 0.000000,
        "bw_samples" : 0,
        "iops_min" : 0,
        "iops_max" : 0,
        "iops_mean" : 0.000000,
        "iops_stddev" : 0.000000,
        "iops_samples" : 0
      },
      "write" : {
        "io_bytes" : 266781917184,
        "io_kbytes" : 260529216,
        "bw_bytes" : 889006355,
        "bw" : 868170,
        "iops" : 13562.707854,
        "runtime" : 300090,
        "total_ios" : 4070033,
        "short_ios" : 0,
        "drop_ios" : 0,
        "slat_ns" : {
          "min" : 4525,
          "max" : 555980,
          "mean" : 21413.611544,
          "stddev" : 8976.642294,
          "N" : 4070033
        },
        "clat_ns" : {
          "min" : 437459,
          "max" : 1177460874,
          "mean" : 56066576.270359,
          "stddev" : 64921459.132044,
          "N" : 4070769,
          "percentile" : {
            "1.000000" : 1875968,
            "5.000000" : 3817472,
            "10.000000" : 5931008,
            "20.000000" : 11337728,
            "30.000000" : 17956864,
            "40.000000" : 25821184,
            "50.000000" : 35389440,
            "60.000000" : 47448064,
            "70.000000" : 63176704,
            "80.000000" : 85458944,
            "90.000000" : 127401984,
            "95.000000" : 181403648,
            "99.000000" : 316669952,
            "99.500000" : 375390208,
            "99.900000" : 522190848,
            "99.950000" : 583008256,
            "99.990000" : 734003200
          }
        },
        "lat_ns" : {
          "min" : 446780,
          "max" : 1177477413,
          "mean" : 56087990.516704,
          "stddev" : 64923814.299154,
          "N" : 4070769
        },
        "bw_min" : 65030,
        "bw_max" : 2258184,
        "bw_agg" : 100.000000,
        "bw_mean" : 877915.863793,
        "bw_dev" : 12413.597296,
        "bw_samples" : 18979,
        "iops_min" : 1016,
        "iops_max" : 35284,
        "iops_mean" : 13716.687163,
        "iops_stddev" : 193.963007,
        "iops_samples" : 18979
      },
      "trim" : {
        "io_bytes" : 0,
        "io_kbytes" : 0,
        "bw_bytes" : 0,
        "bw" : 0,
        "iops" : 0.000000,
        "runtime" : 0,
        "total_ios" : 0,
        "short_ios" : 0,
        "drop_ios" : 0,
        "slat_ns" : {
          "min" : 0,
          "max" : 0,
          "mean" : 0.000000,
          "stddev" : 0.000000,
          "N" : 0
        },
        "clat_ns" : {
          "min" : 0,
          "max" : 0,
          "mean" : 0.000000,
          "stddev" : 0.000000,
          "N" : 0
        },
        "lat_ns" : {
          "min" : 0,
          "max" : 0,
          "mean" : 0.000000,
          "stddev" : 0.000000,
          "N" : 0
        },
        "bw_min" : 0,
        "bw_max" : 0,
        "bw_agg" : 0.000000,
        "bw_mean" : 0.000000,
        "bw_dev" : 0.000000,
        "bw_samples" : 0,
        "iops_min" : 0,
        "iops_max" : 0,
        "iops_mean" : 0.000000,
        "iops_stddev" : 0.000000,
        "iops_samples" : 0
      },
      "sync" : {
        "total_ios" : 0,
        "lat_ns" : {
          "min" : 0,
          "max" : 0,
          "mean" : 0.000000,
          "stddev" : 0.000000,
          "N" : 0
        }
      },
      "job_runtime" : 9511380,
      "usr_cpu" : 1.077877,
      "sys_cpu" : 0.294258,
      "ctx" : 3826554,
      "majf" : 0,
      "minf" : 45641,
      "iodepth_level" : {
        "1" : 0.000000,
        "2" : 0.000000,
        "4" : 0.000000,
        "8" : 0.000000,
        "16" : 100.000000,
        "32" : 0.000000,
        ">=64" : 0.000000
      },
      "iodepth_submit" : {
        "0" : 0.000000,
        "4" : 100.000000,
        "8" : 0.000000,
        "16" : 0.000000,
        "32" : 0.000000,
        "64" : 0.000000,
        ">=64" : 0.000000
      },
      "iodepth_complete" : {
        "0" : 0.100000,
        "4" : 99.999595,
        "8" : 0.000000,
        "16" : 0.000000,
        "32" : 0.100000,
        "64" : 0.000000,
        ">=64" : 0.000000
      },
      "latency_ns" : {
        "2" : 0.000000,
        "4" : 0.000000,
        "10" : 0.000000,
        "20" : 0.000000,
        "50" : 0.000000,
        "100" : 0.000000,
        "250" : 0.000000,
        "500" : 0.000000,
        "750" : 0.000000,
        "1000" : 0.000000
      },
      "latency_us" : {
        "2" : 0.000000,
        "4" : 0.000000,
        "10" : 0.000000,
        "20" : 0.000000,
        "50" : 0.000000,
        "100" : 0.000000,
        "250" : 0.000000,
        "500" : 0.010000,
        "750" : 0.059975,
        "1000" : 0.115675
      },
      "latency_ms" : {
        "2" : 1.034709,
        "4" : 4.356623,
        "10" : 12.254495,
        "20" : 15.126364,
        "50" : 28.830258,
        "100" : 22.869888,
        "250" : 13.125938,
        "500" : 2.112858,
        "750" : 0.121522,
        "1000" : 0.010000,
        "2000" : 0.010000,
        ">=2000" : 0.000000
      },
      "latency_depth" : 24,
      "latency_target" : 0,
      "latency_percentile" : 100.000000,
      "latency_window" : 0
    }
  ],
  "disk_util" : [
    {
      "name" : "sda",
      "read_ios" : 0,
      "write_ios" : 9850,
      "read_sectors" : 0,
      "write_sectors" : 328000,
      "read_merges" : 0,
      "write_merges" : 18363,
      "read_ticks" : 0,
      "write_ticks" : 1474,
      "in_queue" : 1593,
      "util" : 0.244276
    }
  ]
}
