{
  "fio version" : "fio-3.39-26-ga72fe",
  "timestamp" : 1750874518,
  "timestamp_ms" : 1750874518348,
  "time" : "Wed Jun 25 18:01:58 2025",
  "global options" : {
    "ioengine" : "rbd",
    "bs" : "64k",
    "rw" : "write",
    "direct" : "1",
    "runtime" : "5m",
    "time_based" : "",
    "group_reporting" : "",
    "ramp_time" : "30s",
    "thread" : "1",
    "iodepth" : "2",
    "clientname" : "admin",
    "pool" : "rbd"
  },
  "jobs" : [
    {
      "jobname" : "fio_test_0",
      "groupid" : 0,
      "job_start" : 1750874218211,
      "error" : 0,
      "eta" : 0,
      "elapsed" : 331,
      "job options" : {
        "max_latency" : "1s",
        "numjobs" : "1",
        "rbdname" : "fio_test_31"
      },
      "read" : {
        "io_bytes" : 0,
        "io_kbytes" : 0,
        "bw_bytes" : 0,
        "bw" : 0,
        "iops" : 0.000000,
        "runtime" : 0,
        "total_ios" : 0,
        "short_ios" : 0,
        "drop_ios" : 0,
        "slat_ns" : {
          "min" : 0,
          "max" : 0,
          "mean" : 0.000000,
          "stddev" : 0.000000,
          "N" : 0
        },
        "clat_ns" : {
          "min" : 0,
          "max" : 0,
          "mean" : 0.000000,
          "stddev" : 0.000000,
          "N" : 0
        },
        "lat_ns" : {
          "min" : 0,
          "max" : 0,
          "mean" : 0.000000,
          "stddev" : 0.000000,
          "N" : 0
        },
        "bw_min" : 0,
        "bw_max" : 0,
        "bw_agg" : 0.000000,
        "bw_mean" : 0.000000,
        "bw_dev" : 0.000000,
        "bw_samples" : 0,
        "iops_min" : 0,
        "iops_max" : 0,
        "iops_mean" : 0.000000,
        "iops_stddev" : 0.000000,
        "iops_samples" : 0
      },
      "write" : {
        "io_bytes" : 276863057920,
        "io_kbytes" : 270374080,
        "bw_bytes" : 922818414,
        "bw" : 901189,
        "iops" : 14080.984871,
        "runtime" : 300019,
        "total_ios" : 4224563,
        "short_ios" : 0,
        "drop_ios" : 0,
        "slat_ns" : {
          "min" : 4236,
          "max" : 1312219,
          "mean" : 14446.719486,
          "stddev" : 7833.669326,
          "N" : 4224563
        },
        "clat_ns" : {
          "min" : 375363,
          "max" : 411017505,
          "mean" : 4528639.651312,
          "stddev" : 4850098.897959,
          "N" : 4224595,
          "percentile" : {
            "1.000000" : 782336,
            "5.000000" : 1105920,
            "10.000000" : 1417216,
            "20.000000" : 1908736,
            "30.000000" : 2375680,
            "40.000000" : 2834432,
            "50.000000" : 3358720,
            "60.000000" : 3948544,
            "70.000000" : 4751360,
            "80.000000" : 5996544,
            "90.000000" : 8716288,
            "95.000000" : 11993088,
            "99.000000" : 21364736,
            "99.500000" : 26083328,
            "99.900000" : 39583744,
            "99.950000" : 47972352,
            "99.990000" : 158334976
          }
        },
        "lat_ns" : {
          "min" : 383736,
          "max" : 411028046,
          "mean" : 4543086.402428,
          "stddev" : 4850721.221547,
          "N" : 4224595
        },
        "bw_min" : 103718,
        "bw_max" : 2071176,
        "bw_agg" : 100.000000,
        "bw_mean" : 901622.878542,
        "bw_dev" : 10267.904266,
        "bw_samples" : 19183,
        "iops_min" : 1620,
        "iops_max" : 32361,
        "iops_mean" : 14086.070139,
        "iops_stddev" : 160.440116,
        "iops_samples" : 19183
      },
      "trim" : {
        "io_bytes" : 0,
        "io_kbytes" : 0,
        "bw_bytes" : 0,
        "bw" : 0,
        "iops" : 0.000000,
        "runtime" : 0,
        "total_ios" : 0,
        "short_ios" : 0,
        "drop_ios" : 0,
        "slat_ns" : {
          "min" : 0,
          "max" : 0,
          "mean" : 0.000000,
          "stddev" : 0.000000,
          "N" : 0
        },
        "clat_ns" : {
          "min" : 0,
          "max" : 0,
          "mean" : 0.000000,
          "stddev" : 0.000000,
          "N" : 0
        },
        "lat_ns" : {
          "min" : 0,
          "max" : 0,
          "mean" : 0.000000,
          "stddev" : 0.000000,
          "N" : 0
        },
        "bw_min" : 0,
        "bw_max" : 0,
        "bw_agg" : 0.000000,
        "bw_mean" : 0.000000,
        "bw_dev" : 0.000000,
        "bw_samples" : 0,
        "iops_min" : 0,
        "iops_max" : 0,
        "iops_mean" : 0.000000,
        "iops_stddev" : 0.000000,
        "iops_samples" : 0
      },
      "sync" : {
        "total_ios" : 0,
        "lat_ns" : {
          "min" : 0,
          "max" : 0,
          "mean" : 0.000000,
          "stddev" : 0.000000,
          "N" : 0
        }
      },
      "job_runtime" : 9600156,
      "usr_cpu" : 0.799247,
      "sys_cpu" : 0.312120,
      "ctx" : 4166201,
      "majf" : 0,
      "minf" : 19291,
      "iodepth_level" : {
        "1" : 0.000000,
        "2" : 100.000000,
        "4" : 0.000000,
        "8" : 0.000000,
        "16" : 0.000000,
        "32" : 0.000000,
        ">=64" : 0.000000
      },
      "iodepth_submit" : {
        "0" : 0.000000,
        "4" : 100.000000,
        "8" : 0.000000,
        "16" : 0.000000,
        "32" : 0.000000,
        "64" : 0.000000,
        ">=64" : 0.000000
      },
      "iodepth_complete" : {
        "0" : 0.000000,
        "4" : 100.000000,
        "8" : 0.000000,
        "16" : 0.000000,
        "32" : 0.000000,
        "64" : 0.000000,
        ">=64" : 0.000000
      },
      "latency_ns" : {
        "2" : 0.000000,
        "4" : 0.000000,
        "10" : 0.000000,
        "20" : 0.000000,
        "50" : 0.000000,
        "100" : 0.000000,
        "250" : 0.000000,
        "500" : 0.000000,
        "750" : 0.000000,
        "1000" : 0.000000
      },
      "latency_us" : {
        "2" : 0.000000,
        "4" : 0.000000,
        "10" : 0.000000,
        "20" : 0.000000,
        "50" : 0.000000,
        "100" : 0.000000,
        "250" : 0.000000,
        "500" : 0.014250,
        "750" : 0.768363,
        "1000" : 2.738674
      },
      "latency_ms" : {
        "2" : 18.822468,
        "4" : 38.718845,
        "10" : 31.349278,
        "20" : 6.359498,
        "50" : 1.183862,
        "100" : 0.027151,
        "250" : 0.015789,
        "500" : 0.010000,
        "750" : 0.000000,
        "1000" : 0.000000,
        "2000" : 0.000000,
        ">=2000" : 0.000000
      },
      "latency_depth" : 2,
      "latency_target" : 0,
      "latency_percentile" : 100.000000,
      "latency_window" : 0
    }
  ],
  "disk_util" : [
    {
      "name" : "sda",
      "read_ios" : 0,
      "write_ios" : 9856,
      "read_sectors" : 0,
      "write_sectors" : 316976,
      "read_merges" : 0,
      "write_merges" : 17990,
      "read_ticks" : 0,
      "write_ticks" : 1406,
      "in_queue" : 1529,
      "util" : 0.238816
    }
  ]
}
