{
  "fio version" : "fio-3.39-26-ga72fe",
  "timestamp" : 1750879173,
  "timestamp_ms" : 1750879173632,
  "time" : "Wed Jun 25 19:19:33 2025",
  "global options" : {
    "ioengine" : "rbd",
    "bs" : "64k",
    "rw" : "write",
    "direct" : "1",
    "runtime" : "5m",
    "time_based" : "",
    "group_reporting" : "",
    "ramp_time" : "30s",
    "thread" : "1",
    "iodepth" : "40",
    "clientname" : "admin",
    "pool" : "rbd"
  },
  "jobs" : [
    {
      "jobname" : "fio_test_0",
      "groupid" : 0,
      "job_start" : 1750878873353,
      "error" : 110,
      "eta" : 0,
      "elapsed" : 331,
      "job options" : {
        "max_latency" : "1s",
        "numjobs" : "1",
        "rbdname" : "fio_test_31"
      },
      "read" : {
        "io_bytes" : 0,
        "io_kbytes" : 0,
        "bw_bytes" : 0,
        "bw" : 0,
        "iops" : 0.000000,
        "runtime" : 0,
        "total_ios" : 0,
        "short_ios" : 0,
        "drop_ios" : 0,
        "slat_ns" : {
          "min" : 0,
          "max" : 0,
          "mean" : 0.000000,
          "stddev" : 0.000000,
          "N" : 0
        },
        "clat_ns" : {
          "min" : 0,
          "max" : 0,
          "mean" : 0.000000,
          "stddev" : 0.000000,
          "N" : 0
        },
        "lat_ns" : {
          "min" : 0,
          "max" : 0,
          "mean" : 0.000000,
          "stddev" : 0.000000,
          "N" : 0
        },
        "bw_min" : 0,
        "bw_max" : 0,
        "bw_agg" : 0.000000,
        "bw_mean" : 0.000000,
        "bw_dev" : 0.000000,
        "bw_samples" : 0,
        "iops_min" : 0,
        "iops_max" : 0,
        "iops_mean" : 0.000000,
        "iops_stddev" : 0.000000,
        "iops_samples" : 0
      },
      "write" : {
        "io_bytes" : 256074711040,
        "io_kbytes" : 250072960,
        "bw_bytes" : 853241073,
        "bw" : 833243,
        "iops" : 13015.267226,
        "runtime" : 300120,
        "total_ios" : 3906142,
        "short_ios" : 0,
        "drop_ios" : 0,
        "slat_ns" : {
          "min" : 4288,
          "max" : 3106972,
          "mean" : 18772.987913,
          "stddev" : 9111.582939,
          "N" : 3906142
        },
        "clat_ns" : {
          "min" : 361697,
          "max" : 2335033332,
          "mean" : 49144456.502677,
          "stddev" : 72798853.783190,
          "N" : 3907390,
          "percentile" : {
            "1.000000" : 1302528,
            "5.000000" : 2637824,
            "10.000000" : 4014080,
            "20.000000" : 7176192,
            "30.000000" : 11206656,
            "40.000000" : 16318464,
            "50.000000" : 23199744,
            "60.000000" : 33161216,
            "70.000000" : 47972352,
            "80.000000" : 72876032,
            "90.000000" : 124256256,
            "95.000000" : 183500800,
            "99.000000" : 350224384,
            "99.500000" : 434110464,
            "99.900000" : 633339904,
            "99.950000" : 734003200,
            "99.990000" : 1233125376
          }
        },
        "lat_ns" : {
          "min" : 370847,
          "max" : 2335051434,
          "mean" : 49163231.257888,
          "stddev" : 72801396.976028,
          "N" : 3907390
        },
        "bw_min" : 82247,
        "bw_max" : 2986933,
        "bw_agg" : 100.000000,
        "bw_mean" : 1310117.056802,
        "bw_dev" : 21340.964516,
        "bw_samples" : 9570,
        "iops_min" : 1283,
        "iops_max" : 46670,
        "iops_mean" : 20468.115377,
        "iops_stddev" : 333.447863,
        "iops_samples" : 9570
      },
      "trim" : {
        "io_bytes" : 0,
        "io_kbytes" : 0,
        "bw_bytes" : 0,
        "bw" : 0,
        "iops" : 0.000000,
        "runtime" : 0,
        "total_ios" : 0,
        "short_ios" : 0,
        "drop_ios" : 0,
        "slat_ns" : {
          "min" : 0,
          "max" : 0,
          "mean" : 0.000000,
          "stddev" : 0.000000,
          "N" : 0
        },
        "clat_ns" : {
          "min" : 0,
          "max" : 0,
          "mean" : 0.000000,
          "stddev" : 0.000000,
          "N" : 0
        },
        "lat_ns" : {
          "min" : 0,
          "max" : 0,
          "mean" : 0.000000,
          "stddev" : 0.000000,
          "N" : 0
        },
        "bw_min" : 0,
        "bw_max" : 0,
        "bw_agg" : 0.000000,
        "bw_mean" : 0.000000,
        "bw_dev" : 0.000000,
        "bw_samples" : 0,
        "iops_min" : 0,
        "iops_max" : 0,
        "iops_mean" : 0.000000,
        "iops_stddev" : 0.000000,
        "iops_samples" : 0
      },
      "sync" : {
        "total_ios" : 0,
        "lat_ns" : {
          "min" : 0,
          "max" : 0,
          "mean" : 0.000000,
          "stddev" : 0.000000,
          "N" : 0
        }
      },
      "job_runtime" : 4799567,
      "usr_cpu" : 1.772452,
      "sys_cpu" : 0.527881,
      "ctx" : 3404865,
      "majf" : 0,
      "minf" : 22294,
      "iodepth_level" : {
        "1" : 0.000000,
        "2" : 0.000000,
        "4" : 0.000000,
        "8" : 0.000000,
        "16" : 0.000000,
        "32" : 100.000000,
        ">=64" : 0.000000
      },
      "iodepth_submit" : {
        "0" : 0.000000,
        "4" : 100.000000,
        "8" : 0.000000,
        "16" : 0.000000,
        "32" : 0.000000,
        "64" : 0.000000,
        ">=64" : 0.000000
      },
      "iodepth_complete" : {
        "0" : 0.100000,
        "4" : 99.999373,
        "8" : 0.000000,
        "16" : 0.000000,
        "32" : 0.000000,
        "64" : 0.100000,
        ">=64" : 0.000000
      },
      "latency_ns" : {
        "2" : 0.000000,
        "4" : 0.000000,
        "10" : 0.000000,
        "20" : 0.000000,
        "50" : 0.000000,
        "100" : 0.000000,
        "250" : 0.000000,
        "500" : 0.000000,
        "750" : 0.000000,
        "1000" : 0.000000
      },
      "latency_us" : {
        "2" : 0.000000,
        "4" : 0.000000,
        "10" : 0.000000,
        "20" : 0.000000,
        "50" : 0.000000,
        "100" : 0.000000,
        "250" : 0.000000,
        "500" : 0.018151,
        "750" : 0.183403,
        "1000" : 0.310639
      },
      "latency_ms" : {
        "2" : 2.281714,
        "4" : 7.184352,
        "10" : 17.369287,
        "20" : 18.365999,
        "50" : 25.492058,
        "100" : 15.230629,
        "250" : 11.082726,
        "500" : 2.216253,
        "750" : 0.250529,
        "1000" : 0.034382,
        "2000" : 0.010829,
        ">=2000" : 0.010000
      },
      "latency_depth" : 40,
      "latency_target" : 0,
      "latency_percentile" : 100.000000,
      "latency_window" : 0
    }
  ],
  "disk_util" : [
    {
      "name" : "sda",
      "read_ios" : 0,
      "write_ios" : 9968,
      "read_sectors" : 0,
      "write_sectors" : 338776,
      "read_merges" : 0,
      "write_merges" : 18962,
      "read_ticks" : 0,
      "write_ticks" : 1564,
      "in_queue" : 1687,
      "util" : 0.261844
    }
  ]
}
