{
  "fio version" : "fio-3.39-26-ga72fe",
  "timestamp" : 1750874850,
  "timestamp_ms" : 1750874850708,
  "time" : "Wed Jun 25 18:07:30 2025",
  "global options" : {
    "ioengine" : "rbd",
    "bs" : "64k",
    "rw" : "write",
    "direct" : "1",
    "runtime" : "5m",
    "time_based" : "",
    "group_reporting" : "",
    "ramp_time" : "30s",
    "thread" : "1",
    "iodepth" : "4",
    "clientname" : "admin",
    "pool" : "rbd"
  },
  "jobs" : [
    {
      "jobname" : "fio_test_0",
      "groupid" : 0,
      "job_start" : 1750874550504,
      "error" : 0,
      "eta" : 0,
      "elapsed" : 331,
      "job options" : {
        "max_latency" : "1s",
        "numjobs" : "1",
        "rbdname" : "fio_test_31"
      },
      "read" : {
        "io_bytes" : 0,
        "io_kbytes" : 0,
        "bw_bytes" : 0,
        "bw" : 0,
        "iops" : 0.000000,
        "runtime" : 0,
        "total_ios" : 0,
        "short_ios" : 0,
        "drop_ios" : 0,
        "slat_ns" : {
          "min" : 0,
          "max" : 0,
          "mean" : 0.000000,
          "stddev" : 0.000000,
          "N" : 0
        },
        "clat_ns" : {
          "min" : 0,
          "max" : 0,
          "mean" : 0.000000,
          "stddev" : 0.000000,
          "N" : 0
        },
        "lat_ns" : {
          "min" : 0,
          "max" : 0,
          "mean" : 0.000000,
          "stddev" : 0.000000,
          "N" : 0
        },
        "bw_min" : 0,
        "bw_max" : 0,
        "bw_agg" : 0.000000,
        "bw_mean" : 0.000000,
        "bw_dev" : 0.000000,
        "bw_samples" : 0,
        "iops_min" : 0,
        "iops_max" : 0,
        "iops_mean" : 0.000000,
        "iops_stddev" : 0.000000,
        "iops_samples" : 0
      },
      "write" : {
        "io_bytes" : 276994195456,
        "io_kbytes" : 270502144,
        "bw_bytes" : 923246280,
        "bw" : 901607,
        "iops" : 14087.300265,
        "runtime" : 300022,
        "total_ios" : 4226500,
        "short_ios" : 0,
        "drop_ios" : 0,
        "slat_ns" : {
          "min" : 4318,
          "max" : 1109147,
          "mean" : 14484.198435,
          "stddev" : 7742.495556,
          "N" : 4226500
        },
        "clat_ns" : {
          "min" : 374404,
          "max" : 495729531,
          "mean" : 9069553.947011,
          "stddev" : 9948452.851539,
          "N" : 4226596,
          "percentile" : {
            "1.000000" : 1253376,
            "5.000000" : 1794048,
            "10.000000" : 2179072,
            "20.000000" : 3096576,
            "30.000000" : 3981312,
            "40.000000" : 5013504,
            "50.000000" : 6193152,
            "60.000000" : 7569408,
            "70.000000" : 9502720,
            "80.000000" : 12517376,
            "90.000000" : 18481152,
            "95.000000" : 26345472,
            "99.000000" : 47448064,
            "99.500000" : 57933824,
            "99.900000" : 89653248,
            "99.950000" : 110624768,
            "99.990000" : 227540992
          }
        },
        "lat_ns" : {
          "min" : 382135,
          "max" : 495751740,
          "mean" : 9084038.292542,
          "stddev" : 9949660.106382,
          "N" : 4226596
        },
        "bw_min" : 83217,
        "bw_max" : 2231755,
        "bw_agg" : 100.000000,
        "bw_mean" : 902243.849694,
        "bw_dev" : 11978.404202,
        "bw_samples" : 19173,
        "iops_min" : 1300,
        "iops_max" : 34870,
        "iops_mean" : 14096.195565,
        "iops_stddev" : 187.164124,
        "iops_samples" : 19173
      },
      "trim" : {
        "io_bytes" : 0,
        "io_kbytes" : 0,
        "bw_bytes" : 0,
        "bw" : 0,
        "iops" : 0.000000,
        "runtime" : 0,
        "total_ios" : 0,
        "short_ios" : 0,
        "drop_ios" : 0,
        "slat_ns" : {
          "min" : 0,
          "max" : 0,
          "mean" : 0.000000,
          "stddev" : 0.000000,
          "N" : 0
        },
        "clat_ns" : {
          "min" : 0,
          "max" : 0,
          "mean" : 0.000000,
          "stddev" : 0.000000,
          "N" : 0
        },
        "lat_ns" : {
          "min" : 0,
          "max" : 0,
          "mean" : 0.000000,
          "stddev" : 0.000000,
          "N" : 0
        },
        "bw_min" : 0,
        "bw_max" : 0,
        "bw_agg" : 0.000000,
        "bw_mean" : 0.000000,
        "bw_dev" : 0.000000,
        "bw_samples" : 0,
        "iops_min" : 0,
        "iops_max" : 0,
        "iops_mean" : 0.000000,
        "iops_stddev" : 0.000000,
        "iops_samples" : 0
      },
      "sync" : {
        "total_ios" : 0,
        "lat_ns" : {
          "min" : 0,
          "max" : 0,
          "mean" : 0.000000,
          "stddev" : 0.000000,
          "N" : 0
        }
      },
      "job_runtime" : 9600276,
      "usr_cpu" : 0.796977,
      "sys_cpu" : 0.305397,
      "ctx" : 4134142,
      "majf" : 0,
      "minf" : 23160,
      "iodepth_level" : {
        "1" : 0.000000,
        "2" : 0.000000,
        "4" : 100.000000,
        "8" : 0.000000,
        "16" : 0.000000,
        "32" : 0.000000,
        ">=64" : 0.000000
      },
      "iodepth_submit" : {
        "0" : 0.000000,
        "4" : 100.000000,
        "8" : 0.000000,
        "16" : 0.000000,
        "32" : 0.000000,
        "64" : 0.000000,
        ">=64" : 0.000000
      },
      "iodepth_complete" : {
        "0" : 0.000000,
        "4" : 100.000000,
        "8" : 0.000000,
        "16" : 0.000000,
        "32" : 0.000000,
        "64" : 0.000000,
        ">=64" : 0.000000
      },
      "latency_ns" : {
        "2" : 0.000000,
        "4" : 0.000000,
        "10" : 0.000000,
        "20" : 0.000000,
        "50" : 0.000000,
        "100" : 0.000000,
        "250" : 0.000000,
        "500" : 0.000000,
        "750" : 0.000000,
        "1000" : 0.000000
      },
      "latency_us" : {
        "2" : 0.000000,
        "4" : 0.000000,
        "10" : 0.000000,
        "20" : 0.000000,
        "50" : 0.000000,
        "100" : 0.000000,
        "250" : 0.000000,
        "500" : 0.011333,
        "750" : 0.176695,
        "1000" : 0.295919
      },
      "latency_ms" : {
        "2" : 7.324547,
        "4" : 22.522110,
        "10" : 41.368059,
        "20" : 19.610174,
        "50" : 7.856572,
        "100" : 0.766734,
        "250" : 0.063055,
        "500" : 0.010000,
        "750" : 0.000000,
        "1000" : 0.000000,
        "2000" : 0.000000,
        ">=2000" : 0.000000
      },
      "latency_depth" : 4,
      "latency_target" : 0,
      "latency_percentile" : 100.000000,
      "latency_window" : 0
    }
  ],
  "disk_util" : [
    {
      "name" : "sda",
      "read_ios" : 0,
      "write_ios" : 9774,
      "read_sectors" : 0,
      "write_sectors" : 320128,
      "read_merges" : 0,
      "write_merges" : 18370,
      "read_ticks" : 0,
      "write_ticks" : 1474,
      "in_queue" : 1598,
      "util" : 0.239150
    }
  ]
}
