{
  "fio version" : "fio-3.39-26-ga72fe",
  "timestamp" : 1750876180,
  "timestamp_ms" : 1750876180677,
  "time" : "Wed Jun 25 18:29:40 2025",
  "global options" : {
    "ioengine" : "rbd",
    "bs" : "64k",
    "rw" : "write",
    "direct" : "1",
    "runtime" : "5m",
    "time_based" : "",
    "group_reporting" : "",
    "ramp_time" : "30s",
    "thread" : "1",
    "iodepth" : "16",
    "clientname" : "admin",
    "pool" : "rbd"
  },
  "jobs" : [
    {
      "jobname" : "fio_test_0",
      "groupid" : 0,
      "job_start" : 1750875880418,
      "error" : 0,
      "eta" : 0,
      "elapsed" : 331,
      "job options" : {
        "max_latency" : "1s",
        "numjobs" : "1",
        "rbdname" : "fio_test_31"
      },
      "read" : {
        "io_bytes" : 0,
        "io_kbytes" : 0,
        "bw_bytes" : 0,
        "bw" : 0,
        "iops" : 0.000000,
        "runtime" : 0,
        "total_ios" : 0,
        "short_ios" : 0,
        "drop_ios" : 0,
        "slat_ns" : {
          "min" : 0,
          "max" : 0,
          "mean" : 0.000000,
          "stddev" : 0.000000,
          "N" : 0
        },
        "clat_ns" : {
          "min" : 0,
          "max" : 0,
          "mean" : 0.000000,
          "stddev" : 0.000000,
          "N" : 0
        },
        "lat_ns" : {
          "min" : 0,
          "max" : 0,
          "mean" : 0.000000,
          "stddev" : 0.000000,
          "N" : 0
        },
        "bw_min" : 0,
        "bw_max" : 0,
        "bw_agg" : 0.000000,
        "bw_mean" : 0.000000,
        "bw_dev" : 0.000000,
        "bw_samples" : 0,
        "iops_min" : 0,
        "iops_max" : 0,
        "iops_mean" : 0.000000,
        "iops_stddev" : 0.000000,
        "iops_samples" : 0
      },
      "write" : {
        "io_bytes" : 271600517120,
        "io_kbytes" : 265234880,
        "bw_bytes" : 905166092,
        "bw" : 883951,
        "iops" : 13810.138774,
        "runtime" : 300056,
        "total_ios" : 4143815,
        "short_ios" : 0,
        "drop_ios" : 0,
        "slat_ns" : {
          "min" : 4619,
          "max" : 2673923,
          "mean" : 19554.285824,
          "stddev" : 9038.811779,
          "N" : 4143815
        },
        "clat_ns" : {
          "min" : 394503,
          "max" : 767423320,
          "mean" : 37050664.848766,
          "stddev" : 44752997.177147,
          "N" : 4144295,
          "percentile" : {
            "1.000000" : 1531904,
            "5.000000" : 3031040,
            "10.000000" : 4685824,
            "20.000000" : 8159232,
            "30.000000" : 12517376,
            "40.000000" : 17432576,
            "50.000000" : 23461888,
            "60.000000" : 30539776,
            "70.000000" : 40108032,
            "80.000000" : 53739520,
            "90.000000" : 82313216,
            "95.000000" : 119013376,
            "99.000000" : 223346688,
            "99.500000" : 270532608,
            "99.900000" : 400556032,
            "99.950000" : 463470592,
            "99.990000" : 574619648
          }
        },
        "lat_ns" : {
          "min" : 405266,
          "max" : 767432067,
          "mean" : 37070219.439502,
          "stddev" : 44755622.490074,
          "N" : 4144295
        },
        "bw_min" : 58647,
        "bw_max" : 2429780,
        "bw_agg" : 100.000000,
        "bw_mean" : 884782.777581,
        "bw_dev" : 13213.357794,
        "bw_samples" : 19165,
        "iops_min" : 916,
        "iops_max" : 37964,
        "iops_mean" : 13822.015405,
        "iops_stddev" : 206.455786,
        "iops_samples" : 19165
      },
      "trim" : {
        "io_bytes" : 0,
        "io_kbytes" : 0,
        "bw_bytes" : 0,
        "bw" : 0,
        "iops" : 0.000000,
        "runtime" : 0,
        "total_ios" : 0,
        "short_ios" : 0,
        "drop_ios" : 0,
        "slat_ns" : {
          "min" : 0,
          "max" : 0,
          "mean" : 0.000000,
          "stddev" : 0.000000,
          "N" : 0
        },
        "clat_ns" : {
          "min" : 0,
          "max" : 0,
          "mean" : 0.000000,
          "stddev" : 0.000000,
          "N" : 0
        },
        "lat_ns" : {
          "min" : 0,
          "max" : 0,
          "mean" : 0.000000,
          "stddev" : 0.000000,
          "N" : 0
        },
        "bw_min" : 0,
        "bw_max" : 0,
        "bw_agg" : 0.000000,
        "bw_mean" : 0.000000,
        "bw_dev" : 0.000000,
        "bw_samples" : 0,
        "iops_min" : 0,
        "iops_max" : 0,
        "iops_mean" : 0.000000,
        "iops_stddev" : 0.000000,
        "iops_samples" : 0
      },
      "sync" : {
        "total_ios" : 0,
        "lat_ns" : {
          "min" : 0,
          "max" : 0,
          "mean" : 0.000000,
          "stddev" : 0.000000,
          "N" : 0
        }
      },
      "job_runtime" : 9600886,
      "usr_cpu" : 1.001751,
      "sys_cpu" : 0.290025,
      "ctx" : 3937372,
      "majf" : 0,
      "minf" : 56813,
      "iodepth_level" : {
        "1" : 0.000000,
        "2" : 0.000000,
        "4" : 0.000000,
        "8" : 0.000000,
        "16" : 100.000000,
        "32" : 0.000000,
        ">=64" : 0.000000
      },
      "iodepth_submit" : {
        "0" : 0.000000,
        "4" : 100.000000,
        "8" : 0.000000,
        "16" : 0.000000,
        "32" : 0.000000,
        "64" : 0.000000,
        ">=64" : 0.000000
      },
      "iodepth_complete" : {
        "0" : 0.000000,
        "4" : 99.999614,
        "8" : 0.000000,
        "16" : 0.100000,
        "32" : 0.000000,
        "64" : 0.000000,
        ">=64" : 0.000000
      },
      "latency_ns" : {
        "2" : 0.000000,
        "4" : 0.000000,
        "10" : 0.000000,
        "20" : 0.000000,
        "50" : 0.000000,
        "100" : 0.000000,
        "250" : 0.000000,
        "500" : 0.000000,
        "750" : 0.000000,
        "1000" : 0.000000
      },
      "latency_us" : {
        "2" : 0.000000,
        "4" : 0.000000,
        "10" : 0.000000,
        "20" : 0.000000,
        "50" : 0.000000,
        "100" : 0.000000,
        "250" : 0.000000,
        "500" : 0.010000,
        "750" : 0.105048,
        "1000" : 0.185216
      },
      "latency_ms" : {
        "2" : 1.682942,
        "4" : 6.020515,
        "10" : 16.626611,
        "20" : 19.766978,
        "50" : 33.294609,
        "100" : 15.274548,
        "250" : 6.371375,
        "500" : 0.650488,
        "750" : 0.029176,
        "1000" : 0.010000,
        "2000" : 0.000000,
        ">=2000" : 0.000000
      },
      "latency_depth" : 16,
      "latency_target" : 0,
      "latency_percentile" : 100.000000,
      "latency_window" : 0
    }
  ],
  "disk_util" : [
    {
      "name" : "sda",
      "read_ios" : 0,
      "write_ios" : 9873,
      "read_sectors" : 0,
      "write_sectors" : 330528,
      "read_merges" : 0,
      "write_merges" : 18796,
      "read_ticks" : 0,
      "write_ticks" : 1520,
      "in_queue" : 1645,
      "util" : 0.259161
    }
  ]
}
