{
  "fio version" : "fio-3.39-26-ga72fe",
  "timestamp" : 1750874186,
  "timestamp_ms" : 1750874186004,
  "time" : "Wed Jun 25 17:56:26 2025",
  "global options" : {
    "ioengine" : "rbd",
    "bs" : "64k",
    "rw" : "write",
    "direct" : "1",
    "runtime" : "5m",
    "time_based" : "",
    "group_reporting" : "",
    "ramp_time" : "30s",
    "thread" : "1",
    "iodepth" : "1",
    "clientname" : "admin",
    "pool" : "rbd"
  },
  "jobs" : [
    {
      "jobname" : "fio_test_0",
      "groupid" : 0,
      "job_start" : 1750873885851,
      "error" : 0,
      "eta" : 0,
      "elapsed" : 331,
      "job options" : {
        "max_latency" : "1s",
        "numjobs" : "1",
        "rbdname" : "fio_test_31"
      },
      "read" : {
        "io_bytes" : 0,
        "io_kbytes" : 0,
        "bw_bytes" : 0,
        "bw" : 0,
        "iops" : 0.000000,
        "runtime" : 0,
        "total_ios" : 0,
        "short_ios" : 0,
        "drop_ios" : 0,
        "slat_ns" : {
          "min" : 0,
          "max" : 0,
          "mean" : 0.000000,
          "stddev" : 0.000000,
          "N" : 0
        },
        "clat_ns" : {
          "min" : 0,
          "max" : 0,
          "mean" : 0.000000,
          "stddev" : 0.000000,
          "N" : 0
        },
        "lat_ns" : {
          "min" : 0,
          "max" : 0,
          "mean" : 0.000000,
          "stddev" : 0.000000,
          "N" : 0
        },
        "bw_min" : 0,
        "bw_max" : 0,
        "bw_agg" : 0.000000,
        "bw_mean" : 0.000000,
        "bw_dev" : 0.000000,
        "bw_samples" : 0,
        "iops_min" : 0,
        "iops_max" : 0,
        "iops_mean" : 0.000000,
        "iops_stddev" : 0.000000,
        "iops_samples" : 0
      },
      "write" : {
        "io_bytes" : 240640983040,
        "io_kbytes" : 235000960,
        "bw_bytes" : 802117894,
        "bw" : 783318,
        "iops" : 12239.347749,
        "runtime" : 300007,
        "total_ios" : 3671890,
        "short_ios" : 0,
        "drop_ios" : 0,
        "slat_ns" : {
          "min" : 4273,
          "max" : 723569,
          "mean" : 16428.572810,
          "stddev" : 8742.705608,
          "N" : 3671890
        },
        "clat_ns" : {
          "min" : 354147,
          "max" : 345059316,
          "mean" : 2595905.943687,
          "stddev" : 2350473.605313,
          "N" : 3671890,
          "percentile" : {
            "1.000000" : 544768,
            "5.000000" : 733184,
            "10.000000" : 897024,
            "20.000000" : 1204224,
            "30.000000" : 1499136,
            "40.000000" : 1777664,
            "50.000000" : 2072576,
            "60.000000" : 2441216,
            "70.000000" : 2867200,
            "80.000000" : 3457024,
            "90.000000" : 4685824,
            "95.000000" : 6193152,
            "99.000000" : 10551296,
            "99.500000" : 12910592,
            "99.900000" : 19791872,
            "99.950000" : 23724032,
            "99.990000" : 52166656
          }
        },
        "lat_ns" : {
          "min" : 363000,
          "max" : 345086297,
          "mean" : 2612334.516497,
          "stddev" : 2351306.452761,
          "N" : 3671890
        },
        "bw_min" : 99462,
        "bw_max" : 1693484,
        "bw_agg" : 100.000000,
        "bw_mean" : 783595.647838,
        "bw_dev" : 8423.154953,
        "bw_samples" : 19174,
        "iops_min" : 1554,
        "iops_max" : 26458,
        "iops_mean" : 12242.777980,
        "iops_stddev" : 131.611689,
        "iops_samples" : 19174
      },
      "trim" : {
        "io_bytes" : 0,
        "io_kbytes" : 0,
        "bw_bytes" : 0,
        "bw" : 0,
        "iops" : 0.000000,
        "runtime" : 0,
        "total_ios" : 0,
        "short_ios" : 0,
        "drop_ios" : 0,
        "slat_ns" : {
          "min" : 0,
          "max" : 0,
          "mean" : 0.000000,
          "stddev" : 0.000000,
          "N" : 0
        },
        "clat_ns" : {
          "min" : 0,
          "max" : 0,
          "mean" : 0.000000,
          "stddev" : 0.000000,
          "N" : 0
        },
        "lat_ns" : {
          "min" : 0,
          "max" : 0,
          "mean" : 0.000000,
          "stddev" : 0.000000,
          "N" : 0
        },
        "bw_min" : 0,
        "bw_max" : 0,
        "bw_agg" : 0.000000,
        "bw_mean" : 0.000000,
        "bw_dev" : 0.000000,
        "bw_samples" : 0,
        "iops_min" : 0,
        "iops_max" : 0,
        "iops_mean" : 0.000000,
        "iops_stddev" : 0.000000,
        "iops_samples" : 0
      },
      "sync" : {
        "total_ios" : 0,
        "lat_ns" : {
          "min" : 0,
          "max" : 0,
          "mean" : 0.000000,
          "stddev" : 0.000000,
          "N" : 0
        }
      },
      "job_runtime" : 9600052,
      "usr_cpu" : 0.795329,
      "sys_cpu" : 0.305488,
      "ctx" : 3673676,
      "majf" : 0,
      "minf" : 31459,
      "iodepth_level" : {
        "1" : 100.000000,
        "2" : 0.000000,
        "4" : 0.000000,
        "8" : 0.000000,
        "16" : 0.000000,
        "32" : 0.000000,
        ">=64" : 0.000000
      },
      "iodepth_submit" : {
        "0" : 0.000000,
        "4" : 100.000000,
        "8" : 0.000000,
        "16" : 0.000000,
        "32" : 0.000000,
        "64" : 0.000000,
        ">=64" : 0.000000
      },
      "iodepth_complete" : {
        "0" : 0.000000,
        "4" : 100.000000,
        "8" : 0.000000,
        "16" : 0.000000,
        "32" : 0.000000,
        "64" : 0.000000,
        ">=64" : 0.000000
      },
      "latency_ns" : {
        "2" : 0.000000,
        "4" : 0.000000,
        "10" : 0.000000,
        "20" : 0.000000,
        "50" : 0.000000,
        "100" : 0.000000,
        "250" : 0.000000,
        "500" : 0.000000,
        "750" : 0.000000,
        "1000" : 0.000000
      },
      "latency_us" : {
        "2" : 0.000000,
        "4" : 0.000000,
        "10" : 0.000000,
        "20" : 0.000000,
        "50" : 0.000000,
        "100" : 0.000000,
        "250" : 0.000000,
        "500" : 0.346525,
        "750" : 5.123438,
        "1000" : 7.864696
      },
      "latency_ms" : {
        "2" : 34.062785,
        "4" : 38.144961,
        "10" : 13.260800,
        "20" : 1.100006,
        "50" : 0.086195,
        "100" : 0.010000,
        "250" : 0.010000,
        "500" : 0.010000,
        "750" : 0.000000,
        "1000" : 0.000000,
        "2000" : 0.000000,
        ">=2000" : 0.000000
      },
      "latency_depth" : 1,
      "latency_target" : 0,
      "latency_percentile" : 100.000000,
      "latency_window" : 0
    }
  ],
  "disk_util" : [
    {
      "name" : "sda",
      "read_ios" : 0,
      "write_ios" : 9920,
      "read_sectors" : 0,
      "write_sectors" : 330192,
      "read_merges" : 0,
      "write_merges" : 17962,
      "read_ticks" : 0,
      "write_ticks" : 1533,
      "in_queue" : 1653,
      "util" : 0.231857
    }
  ]
}
