{
    "iodepth": [
        "1",
        "2",
        "4",
        "8",
        "16",
        "24",
        "32",
        "40",
        "52",
        "64"
    ],
    "bw": [
        783.318,
        901.189,
        901.607,
        892.55,
        883.951,
        868.17,
        836.022,
        833.243,
        807.303,
        828.503
    ],
    "total_ios": [
        3671890,
        4224563,
        4226500,
        4184345,
        4143815,
        4070033,
        3920202,
        3906142,
        3783955,
        3882434
    ],
    "clat_ms": [
        2.595905943687,
        4.528639651312,
        9.069553947011,
        18.337492452139003,
        37.050664848766,
        56.066576270359,
        61.303272459173,
        49.144456502677,
        42.838708042666006,
        44.895616016499
    ],
    "clat_stdev": [
        2.3504736053129998,
        4.8500988979590005,
        9.948452851539,
        20.743553283478,
        44.752997177147,
        64.921459132044,
        72.266289511154,
        72.79885378319,
        64.552051058768,
        58.12612951795
    ],
    "usr_cpu": [
        0.795329,
        0.799247,
        0.796977,
        0.880529,
        1.001751,
        1.077877,
        1.311891,
        1.772452,
        2.469755,
        2.942875
    ],
    "sys_cpu": [
        0.305488,
        0.31212,
        0.305397,
        0.296006,
        0.290025,
        0.294258,
        0.361278,
        0.527881,
        0.739939,
        0.832707
    ],
    "OSD_cpu": [
        714.3700000000018,
        753.0100000000003,
        749.8499999999996,
        743.1299999999995,
        744.5699999999999,
        750.9466666666673,
        743.3266666666673,
        748.4566666666661,
        755.8266666666667,
        753.1366666666675,
        745.3433333333339,
        761.4033333333335,
        748.8966666666669,
        725.4266666666663,
        737.1300000000002,
        706.7999999999996,
        693.59,
        722.7333333333335,
        671.7866666666665,
        640.613333333333,
        680.7199999999997,
        693.4233333333326
    ],
    "OSD_mem": [
        247.16999999999717,
        256.799999999997,
        256.799999999997,
        256.799999999997,
        256.799999999997,
        256.799999999997,
        256.799999999997,
        256.799999999997,
        256.799999999997,
        256.799999999997,
        256.799999999997,
        256.799999999997,
        256.799999999997,
        256.799999999997,
        256.799999999997,
        256.799999999997,
        256.799999999997,
        256.799999999997,
        256.799999999997,
        256.799999999997,
        256.799999999997,
        256.799999999997
    ],
    "FIO_cpu": [
        156.11999999999915,
        201.48000000000118,
        203.57333333333457,
        202.0033333333352,
        204.9933333333347,
        201.26666666666836,
        203.4500000000016,
        205.55333333333505,
        205.15666666666803,
        206.60000000000144,
        196.01666666666762,
        201.9833333333343,
        199.9533333333347,
        188.75000000000082,
        201.28000000000046,
        187.11000000000044,
        172.86000000000104,
        183.26666666666742,
        166.06000000000083,
        156.14666666666687,
        165.19333333333358,
        162.95666666666676
    ],
    "FIO_mem": [
        0.0,
        0.0,
        0.0,
        43.49999999999695,
        44.99999999999559,
        44.99999999999559,
        44.99999999999559,
        42.759999999997625,
        44.90666666666234,
        44.99999999999559,
        35.06000000000463,
        44.533333333329345,
        35.85333333333724,
        27.68666666667068,
        30.39333333333796,
        26.706666666670454,
        18.306666666668544,
        20.686666666669087,
        16.813333333334874,
        12.613333333333918,
        15.133333333334491,
        13.920000000000881
    ]
}