{
    "MSGR": {
        "perf-crimson-ms": {
            "cpu": [
                99.9,
                97.3,
                97.0,
                97.7,
                97.0,
                97.3,
                97.3,
                97.0,
                97.7,
                97.0,
                97.3,
                97.3,
                97.0,
                97.3,
                97.3,
                97.3,
                97.3,
                97.3,
                97.3,
                97.0,
                97.3
            ],
            "mem": [
                0.8,
                0.8,
                0.8,
                0.8,
                0.8,
                0.8,
                0.8,
                0.8,
                0.8,
                0.8,
                0.8,
                0.8,
                0.8,
                0.8,
                0.8,
                0.8,
                0.8,
                0.8,
                0.8,
                0.8,
                0.8
            ]
        },
        "reactor": {
            "cpu": [
                686.0999999999999,
                678.7,
                677.5,
                678.7,
                677.5,
                679.0,
                679.6,
                677.2,
                678.4000000000001,
                677.5,
                678.7,
                679.3000000000001,
                676.9000000000001,
                679.9000000000001,
                675.9999999999999,
                679.3000000000001,
                679.0,
                678.0,
                678.1,
                677.0999999999999,
                679.3000000000001
            ],
            "mem": [
                12.000000000000002,
                12.000000000000002,
                12.000000000000002,
                12.000000000000002,
                12.000000000000002,
                12.000000000000002,
                12.000000000000002,
                12.000000000000002,
                12.000000000000002,
                12.000000000000002,
                12.000000000000002,
                12.000000000000002,
                12.000000000000002,
                12.000000000000002,
                12.000000000000002,
                12.000000000000002,
                12.000000000000002,
                12.000000000000002,
                12.000000000000002,
                12.000000000000002,
                12.000000000000002
            ]
        }
    }
}