{
    "iodepth": [
        "1",
        "2",
        "4",
        "8",
        "16",
        "24",
        "32",
        "40",
        "52",
        "64"
    ],
    "bw": [
        744.215,
        217.712,
        439.649,
        110.086,
        336.494,
        413.195,
        1135.639,
        1376.8,
        1470.672,
        1200.147
    ],
    "total_ios": [
        1510200,
        203618,
        582914,
        94153,
        419443,
        611754,
        5323596,
        6454999,
        6895065,
        5626077
    ],
    "clat_ms": [
        2.730693800603,
        18.717016301801998,
        18.559045816571,
        145.911639583945,
        97.013262229878,
        118.508357596846,
        57.629417717793004,
        59.412311265617994,
        72.283448421797,
        89.43490336147299
    ],
    "clat_stdev": [
        232.424160125559,
        833.158179144727,
        772.302353509784,
        2656.7644692035233,
        1940.141133214609,
        2210.456704470914,
        49.163917361147,
        53.818675797596995,
        69.713932681984,
        83.318206892706
    ],
    "usr_cpu": [
        0.635982,
        0.215224,
        0.389951,
        0.110537,
        0.402388,
        0.500778,
        1.452152,
        1.688723,
        1.843597,
        1.982553
    ],
    "sys_cpu": [
        0.228356,
        0.089004,
        0.163825,
        0.043234,
        0.115473,
        0.130025,
        0.356565,
        0.386384,
        0.410074,
        0.473723
    ],
    "OSD_cpu": [
        0.0,
        0.0,
        0.0,
        0.0,
        0.0,
        0.0,
        0.0,
        0.0,
        0.0,
        0.0
    ],
    "OSD_mem": [
        0.0,
        0.0,
        0.0,
        0.0,
        0.0,
        0.0,
        0.0,
        0.0,
        0.0,
        0.0
    ],
    "FIO_cpu": [
        222.7300000000018,
        42.53333333333319,
        100.3466666666673,
        21.769999999999975,
        76.6066666666666,
        102.22000000000034,
        234.83333333333564,
        281.57666666667154,
        309.51000000000204,
        277.7533333333352
    ],
    "FIO_mem": [
        41.999999999998316,
        27.89333333333739,
        41.999999999998316,
        28.500000000004196,
        40.49999999999968,
        43.49999999999695,
        58.50000000001101,
        64.50000000001243,
        79.50000000000931,
        57.046666666677446
    ]
}