{
    "iodepth": [
        "1",
        "2",
        "4",
        "8",
        "16",
        "24",
        "32",
        "40",
        "52",
        "64"
    ],
    "iops": [
        2446.595178,
        4317.285609,
        6950.576831,
        9189.324773,
        10159.389229,
        9771.609712,
        8946.296556,
        8357.872741,
        8311.022878,
        6755.849681
    ],
    "total_ios": [
        733981,
        1295190,
        2085180,
        2756825,
        3047959,
        2931522,
        2684050,
        2403883,
        43957,
        57168
    ],
    "clat_ms": [
        0.400648974967,
        0.454844506567,
        0.568369084945,
        0.8621403527679999,
        1.5678404915620001,
        2.448321312938,
        3.568079364972,
        4.775484115953001,
        6.2441894011770005,
        9.553902822876001
    ],
    "clat_stdev": [
        0.18190592843,
        0.285896936446,
        0.462943973212,
        0.957300961293,
        3.609034589739,
        7.296544073560001,
        15.085563964696,
        20.389276508364,
        27.072547575806,
        46.105219444208004
    ],
    "usr_cpu": [
        2.286,
        4.034667,
        5.413,
        8.46161,
        7.122358,
        7.014597,
        6.4773,
        6.183201,
        5.200454,
        3.959343
    ],
    "sys_cpu": [
        1.830667,
        2.826,
        4.002333,
        4.54297,
        4.806125,
        4.462622,
        4.403417,
        4.212532,
        2.401664,
        2.741993
    ],
    "OSD_cpu": [
        193.16000000000028,
        269.7533333333333,
        370.4766666666667,
        460.43666666666655,
        522.2366666666663,
        524.0266666666664,
        508.82333333333304,
        488.17666666666656,
        52.889999999999866,
        473.3300000000001,
        89.6633333333337,
        131.87666666666684,
        3.979999999999993,
        42.243333333333254,
        28.556666666666604,
        3.9166666666666643
    ],
    "OSD_mem": [
        38.1866666666673,
        43.11999999999942,
        43.19999999999941,
        43.19999999999941,
        43.19999999999941,
        43.19999999999941,
        43.19999999999941,
        43.19999999999941,
        43.19999999999941,
        43.19999999999941,
        43.19999999999941,
        43.19999999999941,
        43.19999999999941,
        43.19999999999941,
        43.19999999999941,
        43.19999999999941
    ],
    "FIO_cpu": [
        27.03333333333332,
        45.14999999999996,
        60.61999999999994,
        73.05333333333331,
        75.82999999999998,
        72.9933333333333,
        69.86333333333332,
        65.99333333333327,
        5.546666666666666,
        63.5833333333333,
        10.293333333333333,
        16.18,
        0.0,
        3.163333333333333,
        1.7766666666666666,
        0.0
    ],
    "FIO_mem": [
        0.0,
        0.0,
        0.3733333333333325,
        0.7466666666666683,
        0.8533333333333365,
        0.8000000000000024,
        0.6933333333333341,
        0.6400000000000001,
        0.053333333333333344,
        0.586666666666666,
        0.053333333333333344,
        0.0,
        0.0,
        0.0,
        0.0,
        0.0
    ]
}