{
  "fio version" : "fio-3.39-26-ga72fe",
  "timestamp" : 1751034971,
  "timestamp_ms" : 1751034971409,
  "time" : "Fri Jun 27 14:36:11 2025",
  "global options" : {
    "ioengine" : "rbd",
    "bs" : "64k",
    "rw" : "read",
    "direct" : "1",
    "runtime" : "5m",
    "time_based" : "",
    "group_reporting" : "",
    "ramp_time" : "30s",
    "thread" : "1",
    "iodepth" : "64",
    "clientname" : "admin",
    "pool" : "rbd"
  },
  "jobs" : [
    {
      "jobname" : "fio_test_0",
      "groupid" : 0,
      "job_start" : 1751034670980,
      "error" : 110,
      "eta" : 0,
      "elapsed" : 331,
      "job options" : {
        "max_latency" : "1s",
        "numjobs" : "1",
        "rbdname" : "fio_test_31"
      },
      "read" : {
        "io_bytes" : 274908839936,
        "io_kbytes" : 268465664,
        "bw_bytes" : 916054394,
        "bw" : 894584,
        "iops" : 13971.163042,
        "runtime" : 300101,
        "total_ios" : 4192760,
        "short_ios" : 0,
        "drop_ios" : 0,
        "slat_ns" : {
          "min" : 420,
          "max" : 98734,
          "mean" : 4266.800294,
          "stddev" : 3853.360525,
          "N" : 4192760
        },
        "clat_ns" : {
          "min" : 431693,
          "max" : 1964106111,
          "mean" : 63754715.950801,
          "stddev" : 81656957.975112,
          "N" : 4194776,
          "percentile" : {
            "1.000000" : 1859584,
            "5.000000" : 4014080,
            "10.000000" : 5996544,
            "20.000000" : 10551296,
            "30.000000" : 16449536,
            "40.000000" : 24248320,
            "50.000000" : 35389440,
            "60.000000" : 50593792,
            "70.000000" : 71827456,
            "80.000000" : 100139008,
            "90.000000" : 152043520,
            "95.000000" : 212860928,
            "99.000000" : 379584512,
            "99.500000" : 471859200,
            "99.900000" : 750780416,
            "99.950000" : 859832320,
            "99.990000" : 1249902592
          }
        },
        "lat_ns" : {
          "min" : 433619,
          "max" : 1964112001,
          "mean" : 63758983.292458,
          "stddev" : 81657646.535016,
          "N" : 4194776
        },
        "bw_min" : 100886,
        "bw_max" : 3221724,
        "bw_agg" : 100.000000,
        "bw_mean" : 1361464.401076,
        "bw_dev" : 36213.815943,
        "bw_samples" : 8305,
        "iops_min" : 1576,
        "iops_max" : 50336,
        "iops_mean" : 21271.354254,
        "iops_stddev" : 565.814469,
        "iops_samples" : 8305
      },
      "write" : {
        "io_bytes" : 0,
        "io_kbytes" : 0,
        "bw_bytes" : 0,
        "bw" : 0,
        "iops" : 0.000000,
        "runtime" : 0,
        "total_ios" : 0,
        "short_ios" : 0,
        "drop_ios" : 0,
        "slat_ns" : {
          "min" : 0,
          "max" : 0,
          "mean" : 0.000000,
          "stddev" : 0.000000,
          "N" : 0
        },
        "clat_ns" : {
          "min" : 0,
          "max" : 0,
          "mean" : 0.000000,
          "stddev" : 0.000000,
          "N" : 0
        },
        "lat_ns" : {
          "min" : 0,
          "max" : 0,
          "mean" : 0.000000,
          "stddev" : 0.000000,
          "N" : 0
        },
        "bw_min" : 0,
        "bw_max" : 0,
        "bw_agg" : 0.000000,
        "bw_mean" : 0.000000,
        "bw_dev" : 0.000000,
        "bw_samples" : 0,
        "iops_min" : 0,
        "iops_max" : 0,
        "iops_mean" : 0.000000,
        "iops_stddev" : 0.000000,
        "iops_samples" : 0
      },
      "trim" : {
        "io_bytes" : 0,
        "io_kbytes" : 0,
        "bw_bytes" : 0,
        "bw" : 0,
        "iops" : 0.000000,
        "runtime" : 0,
        "total_ios" : 0,
        "short_ios" : 0,
        "drop_ios" : 0,
        "slat_ns" : {
          "min" : 0,
          "max" : 0,
          "mean" : 0.000000,
          "stddev" : 0.000000,
          "N" : 0
        },
        "clat_ns" : {
          "min" : 0,
          "max" : 0,
          "mean" : 0.000000,
          "stddev" : 0.000000,
          "N" : 0
        },
        "lat_ns" : {
          "min" : 0,
          "max" : 0,
          "mean" : 0.000000,
          "stddev" : 0.000000,
          "N" : 0
        },
        "bw_min" : 0,
        "bw_max" : 0,
        "bw_agg" : 0.000000,
        "bw_mean" : 0.000000,
        "bw_dev" : 0.000000,
        "bw_samples" : 0,
        "iops_min" : 0,
        "iops_max" : 0,
        "iops_mean" : 0.000000,
        "iops_stddev" : 0.000000,
        "iops_samples" : 0
      },
      "sync" : {
        "total_ios" : 0,
        "lat_ns" : {
          "min" : 0,
          "max" : 0,
          "mean" : 0.000000,
          "stddev" : 0.000000,
          "N" : 0
        }
      },
      "job_runtime" : 4171230,
      "usr_cpu" : 0.654435,
      "sys_cpu" : 0.644942,
      "ctx" : 4111845,
      "majf" : 0,
      "minf" : 327,
      "iodepth_level" : {
        "1" : 0.000000,
        "2" : 0.000000,
        "4" : 0.000000,
        "8" : 0.000000,
        "16" : 0.000000,
        "32" : 0.000000,
        ">=64" : 100.000000
      },
      "iodepth_submit" : {
        "0" : 0.000000,
        "4" : 100.000000,
        "8" : 0.000000,
        "16" : 0.000000,
        "32" : 0.000000,
        "64" : 0.000000,
        ">=64" : 0.000000
      },
      "iodepth_complete" : {
        "0" : 0.100000,
        "4" : 99.999344,
        "8" : 0.000000,
        "16" : 0.000000,
        "32" : 0.000000,
        "64" : 0.100000,
        ">=64" : 0.000000
      },
      "latency_ns" : {
        "2" : 0.000000,
        "4" : 0.000000,
        "10" : 0.000000,
        "20" : 0.000000,
        "50" : 0.000000,
        "100" : 0.000000,
        "250" : 0.000000,
        "500" : 0.000000,
        "750" : 0.000000,
        "1000" : 0.000000
      },
      "latency_us" : {
        "2" : 0.000000,
        "4" : 0.000000,
        "10" : 0.000000,
        "20" : 0.000000,
        "50" : 0.000000,
        "100" : 0.000000,
        "250" : 0.000000,
        "500" : 0.010000,
        "750" : 0.098360,
        "1000" : 0.181241
      },
      "latency_ms" : {
        "2" : 0.924689,
        "4" : 3.747913,
        "10" : 13.953506,
        "20" : 16.091191,
        "50" : 24.595803,
        "100" : 20.364247,
        "250" : 16.703293,
        "500" : 2.967282,
        "750" : 0.317667,
        "1000" : 0.076680,
        "2000" : 0.021561,
        ">=2000" : 0.000000
      },
      "latency_depth" : 64,
      "latency_target" : 0,
      "latency_percentile" : 100.000000,
      "latency_window" : 0
    }
  ],
  "disk_util" : [
    {
      "name" : "sda",
      "read_ios" : 0,
      "write_ios" : 4039,
      "read_sectors" : 0,
      "write_sectors" : 99840,
      "read_merges" : 0,
      "write_merges" : 5457,
      "read_ticks" : 0,
      "write_ticks" : 682,
      "in_queue" : 724,
      "util" : 0.089668
    }
  ]
}
