{
  "fio version" : "fio-3.39-26-ga72fe",
  "timestamp" : 1751027988,
  "timestamp_ms" : 1751027988493,
  "time" : "Fri Jun 27 12:39:48 2025",
  "global options" : {
    "ioengine" : "rbd",
    "bs" : "64k",
    "rw" : "read",
    "direct" : "1",
    "runtime" : "5m",
    "time_based" : "",
    "group_reporting" : "",
    "ramp_time" : "30s",
    "thread" : "1",
    "iodepth" : "4",
    "clientname" : "admin",
    "pool" : "rbd"
  },
  "jobs" : [
    {
      "jobname" : "fio_test_0",
      "groupid" : 0,
      "job_start" : 1751027688355,
      "error" : 0,
      "eta" : 0,
      "elapsed" : 331,
      "job options" : {
        "max_latency" : "1s",
        "numjobs" : "1",
        "rbdname" : "fio_test_31"
      },
      "read" : {
        "io_bytes" : 203224055808,
        "io_kbytes" : 198460992,
        "bw_bytes" : 677372876,
        "bw" : 661496,
        "iops" : 10335.569866,
        "runtime" : 300018,
        "total_ios" : 3100857,
        "short_ios" : 0,
        "drop_ios" : 0,
        "slat_ns" : {
          "min" : 554,
          "max" : 264124,
          "mean" : 6496.259999,
          "stddev" : 4688.784070,
          "N" : 3100857
        },
        "clat_ns" : {
          "min" : 517421,
          "max" : 133830236,
          "mean" : 12375175.243915,
          "stddev" : 7077948.468112,
          "N" : 3100953,
          "percentile" : {
            "1.000000" : 1957888,
            "5.000000" : 2932736,
            "10.000000" : 4947968,
            "20.000000" : 8716288,
            "30.000000" : 9371648,
            "40.000000" : 10027008,
            "50.000000" : 10682368,
            "60.000000" : 11862016,
            "70.000000" : 13303808,
            "80.000000" : 15925248,
            "90.000000" : 20316160,
            "95.000000" : 25296896,
            "99.000000" : 39059456,
            "99.500000" : 46399488,
            "99.900000" : 60030976,
            "99.950000" : 66322432,
            "99.990000" : 81264640
          }
        },
        "lat_ns" : {
          "min" : 519715,
          "max" : 133835208,
          "mean" : 12381671.591874,
          "stddev" : 7078370.014539,
          "N" : 3100953
        },
        "bw_min" : 187304,
        "bw_max" : 1082731,
        "bw_agg" : 100.000000,
        "bw_mean" : 661861.657215,
        "bw_dev" : 5681.417791,
        "bw_samples" : 19181,
        "iops_min" : 2926,
        "iops_max" : 16914,
        "iops_mean" : 10339.883923,
        "iops_stddev" : 88.762803,
        "iops_samples" : 19181
      },
      "write" : {
        "io_bytes" : 0,
        "io_kbytes" : 0,
        "bw_bytes" : 0,
        "bw" : 0,
        "iops" : 0.000000,
        "runtime" : 0,
        "total_ios" : 0,
        "short_ios" : 0,
        "drop_ios" : 0,
        "slat_ns" : {
          "min" : 0,
          "max" : 0,
          "mean" : 0.000000,
          "stddev" : 0.000000,
          "N" : 0
        },
        "clat_ns" : {
          "min" : 0,
          "max" : 0,
          "mean" : 0.000000,
          "stddev" : 0.000000,
          "N" : 0
        },
        "lat_ns" : {
          "min" : 0,
          "max" : 0,
          "mean" : 0.000000,
          "stddev" : 0.000000,
          "N" : 0
        },
        "bw_min" : 0,
        "bw_max" : 0,
        "bw_agg" : 0.000000,
        "bw_mean" : 0.000000,
        "bw_dev" : 0.000000,
        "bw_samples" : 0,
        "iops_min" : 0,
        "iops_max" : 0,
        "iops_mean" : 0.000000,
        "iops_stddev" : 0.000000,
        "iops_samples" : 0
      },
      "trim" : {
        "io_bytes" : 0,
        "io_kbytes" : 0,
        "bw_bytes" : 0,
        "bw" : 0,
        "iops" : 0.000000,
        "runtime" : 0,
        "total_ios" : 0,
        "short_ios" : 0,
        "drop_ios" : 0,
        "slat_ns" : {
          "min" : 0,
          "max" : 0,
          "mean" : 0.000000,
          "stddev" : 0.000000,
          "N" : 0
        },
        "clat_ns" : {
          "min" : 0,
          "max" : 0,
          "mean" : 0.000000,
          "stddev" : 0.000000,
          "N" : 0
        },
        "lat_ns" : {
          "min" : 0,
          "max" : 0,
          "mean" : 0.000000,
          "stddev" : 0.000000,
          "N" : 0
        },
        "bw_min" : 0,
        "bw_max" : 0,
        "bw_agg" : 0.000000,
        "bw_mean" : 0.000000,
        "bw_dev" : 0.000000,
        "bw_samples" : 0,
        "iops_min" : 0,
        "iops_max" : 0,
        "iops_mean" : 0.000000,
        "iops_stddev" : 0.000000,
        "iops_samples" : 0
      },
      "sync" : {
        "total_ios" : 0,
        "lat_ns" : {
          "min" : 0,
          "max" : 0,
          "mean" : 0.000000,
          "stddev" : 0.000000,
          "N" : 0
        }
      },
      "job_runtime" : 9600346,
      "usr_cpu" : 0.361445,
      "sys_cpu" : 0.273667,
      "ctx" : 3097726,
      "majf" : 0,
      "minf" : 444,
      "iodepth_level" : {
        "1" : 0.000000,
        "2" : 0.000000,
        "4" : 100.000000,
        "8" : 0.000000,
        "16" : 0.000000,
        "32" : 0.000000,
        ">=64" : 0.000000
      },
      "iodepth_submit" : {
        "0" : 0.000000,
        "4" : 100.000000,
        "8" : 0.000000,
        "16" : 0.000000,
        "32" : 0.000000,
        "64" : 0.000000,
        ">=64" : 0.000000
      },
      "iodepth_complete" : {
        "0" : 0.000000,
        "4" : 100.000000,
        "8" : 0.000000,
        "16" : 0.000000,
        "32" : 0.000000,
        "64" : 0.000000,
        ">=64" : 0.000000
      },
      "latency_ns" : {
        "2" : 0.000000,
        "4" : 0.000000,
        "10" : 0.000000,
        "20" : 0.000000,
        "50" : 0.000000,
        "100" : 0.000000,
        "250" : 0.000000,
        "500" : 0.000000,
        "750" : 0.000000,
        "1000" : 0.000000
      },
      "latency_us" : {
        "2" : 0.000000,
        "4" : 0.000000,
        "10" : 0.000000,
        "20" : 0.000000,
        "50" : 0.000000,
        "100" : 0.000000,
        "250" : 0.000000,
        "500" : 0.000000,
        "750" : 0.010868,
        "1000" : 0.067917
      },
      "latency_ms" : {
        "2" : 1.096213,
        "4" : 7.742763,
        "10" : 31.599716,
        "20" : 48.879036,
        "50" : 10.252230,
        "100" : 0.353483,
        "250" : 0.010000,
        "500" : 0.000000,
        "750" : 0.000000,
        "1000" : 0.000000,
        "2000" : 0.000000,
        ">=2000" : 0.000000
      },
      "latency_depth" : 4,
      "latency_target" : 0,
      "latency_percentile" : 100.000000,
      "latency_window" : 0
    }
  ],
  "disk_util" : [
    {
      "name" : "sda",
      "read_ios" : 0,
      "write_ios" : 4005,
      "read_sectors" : 0,
      "write_sectors" : 96464,
      "read_merges" : 0,
      "write_merges" : 5241,
      "read_ticks" : 0,
      "write_ticks" : 705,
      "in_queue" : 742,
      "util" : 0.097587
    }
  ]
}
