{
  "fio version" : "fio-3.39-26-ga72fe",
  "timestamp" : 1751032975,
  "timestamp_ms" : 1751032975168,
  "time" : "Fri Jun 27 14:02:55 2025",
  "global options" : {
    "ioengine" : "rbd",
    "bs" : "64k",
    "rw" : "read",
    "direct" : "1",
    "runtime" : "5m",
    "time_based" : "",
    "group_reporting" : "",
    "ramp_time" : "30s",
    "thread" : "1",
    "iodepth" : "40",
    "clientname" : "admin",
    "pool" : "rbd"
  },
  "jobs" : [
    {
      "jobname" : "fio_test_0",
      "groupid" : 0,
      "job_start" : 1751032674782,
      "error" : 110,
      "eta" : 0,
      "elapsed" : 331,
      "job options" : {
        "max_latency" : "1s",
        "numjobs" : "1",
        "rbdname" : "fio_test_31"
      },
      "read" : {
        "io_bytes" : 226456109056,
        "io_kbytes" : 221148544,
        "bw_bytes" : 754536791,
        "bw" : 736852,
        "iops" : 11509.159486,
        "runtime" : 300126,
        "total_ios" : 3454198,
        "short_ios" : 0,
        "drop_ios" : 0,
        "slat_ns" : {
          "min" : 516,
          "max" : 114688,
          "mean" : 5612.408606,
          "stddev" : 4459.268711,
          "N" : 3454198
        },
        "clat_ns" : {
          "min" : 790490,
          "max" : 1899520364,
          "mean" : 92218874.028689,
          "stddev" : 83195592.410409,
          "N" : 3455446,
          "percentile" : {
            "1.000000" : 3686400,
            "5.000000" : 9240576,
            "10.000000" : 16318464,
            "20.000000" : 29753344,
            "30.000000" : 42729472,
            "40.000000" : 55836672,
            "50.000000" : 69730304,
            "60.000000" : 86507520,
            "70.000000" : 107479040,
            "80.000000" : 139460608,
            "90.000000" : 193986560,
            "95.000000" : 250609664,
            "99.000000" : 396361728,
            "99.500000" : 463470592,
            "99.900000" : 658505728,
            "99.950000" : 750780416,
            "99.990000" : 926941184
          }
        },
        "lat_ns" : {
          "min" : 795168,
          "max" : 1899523088,
          "mean" : 92224486.436673,
          "stddev" : 83195899.578272,
          "N" : 3455446
        },
        "bw_min" : 72192,
        "bw_max" : 1641674,
        "bw_agg" : 100.000000,
        "bw_mean" : 872062.926121,
        "bw_dev" : 9471.990725,
        "bw_samples" : 15884,
        "iops_min" : 1128,
        "iops_max" : 25649,
        "iops_mean" : 13625.064435,
        "iops_stddev" : 147.996748,
        "iops_samples" : 15884
      },
      "write" : {
        "io_bytes" : 0,
        "io_kbytes" : 0,
        "bw_bytes" : 0,
        "bw" : 0,
        "iops" : 0.000000,
        "runtime" : 0,
        "total_ios" : 0,
        "short_ios" : 0,
        "drop_ios" : 0,
        "slat_ns" : {
          "min" : 0,
          "max" : 0,
          "mean" : 0.000000,
          "stddev" : 0.000000,
          "N" : 0
        },
        "clat_ns" : {
          "min" : 0,
          "max" : 0,
          "mean" : 0.000000,
          "stddev" : 0.000000,
          "N" : 0
        },
        "lat_ns" : {
          "min" : 0,
          "max" : 0,
          "mean" : 0.000000,
          "stddev" : 0.000000,
          "N" : 0
        },
        "bw_min" : 0,
        "bw_max" : 0,
        "bw_agg" : 0.000000,
        "bw_mean" : 0.000000,
        "bw_dev" : 0.000000,
        "bw_samples" : 0,
        "iops_min" : 0,
        "iops_max" : 0,
        "iops_mean" : 0.000000,
        "iops_stddev" : 0.000000,
        "iops_samples" : 0
      },
      "trim" : {
        "io_bytes" : 0,
        "io_kbytes" : 0,
        "bw_bytes" : 0,
        "bw" : 0,
        "iops" : 0.000000,
        "runtime" : 0,
        "total_ios" : 0,
        "short_ios" : 0,
        "drop_ios" : 0,
        "slat_ns" : {
          "min" : 0,
          "max" : 0,
          "mean" : 0.000000,
          "stddev" : 0.000000,
          "N" : 0
        },
        "clat_ns" : {
          "min" : 0,
          "max" : 0,
          "mean" : 0.000000,
          "stddev" : 0.000000,
          "N" : 0
        },
        "lat_ns" : {
          "min" : 0,
          "max" : 0,
          "mean" : 0.000000,
          "stddev" : 0.000000,
          "N" : 0
        },
        "bw_min" : 0,
        "bw_max" : 0,
        "bw_agg" : 0.000000,
        "bw_mean" : 0.000000,
        "bw_dev" : 0.000000,
        "bw_samples" : 0,
        "iops_min" : 0,
        "iops_max" : 0,
        "iops_mean" : 0.000000,
        "iops_stddev" : 0.000000,
        "iops_samples" : 0
      },
      "sync" : {
        "total_ios" : 0,
        "lat_ns" : {
          "min" : 0,
          "max" : 0,
          "mean" : 0.000000,
          "stddev" : 0.000000,
          "N" : 0
        }
      },
      "job_runtime" : 7963414,
      "usr_cpu" : 0.408568,
      "sys_cpu" : 0.326795,
      "ctx" : 3415961,
      "majf" : 0,
      "minf" : 430,
      "iodepth_level" : {
        "1" : 0.000000,
        "2" : 0.000000,
        "4" : 0.000000,
        "8" : 0.000000,
        "16" : 0.000000,
        "32" : 100.000000,
        ">=64" : 0.000000
      },
      "iodepth_submit" : {
        "0" : 0.000000,
        "4" : 100.000000,
        "8" : 0.000000,
        "16" : 0.000000,
        "32" : 0.000000,
        "64" : 0.000000,
        ">=64" : 0.000000
      },
      "iodepth_complete" : {
        "0" : 0.100000,
        "4" : 99.999378,
        "8" : 0.000000,
        "16" : 0.000000,
        "32" : 0.000000,
        "64" : 0.100000,
        ">=64" : 0.000000
      },
      "latency_ns" : {
        "2" : 0.000000,
        "4" : 0.000000,
        "10" : 0.000000,
        "20" : 0.000000,
        "50" : 0.000000,
        "100" : 0.000000,
        "250" : 0.000000,
        "500" : 0.000000,
        "750" : 0.000000,
        "1000" : 0.000000
      },
      "latency_us" : {
        "2" : 0.000000,
        "4" : 0.000000,
        "10" : 0.000000,
        "20" : 0.000000,
        "50" : 0.000000,
        "100" : 0.000000,
        "250" : 0.000000,
        "500" : 0.000000,
        "750" : 0.000000,
        "1000" : 0.010000
      },
      "latency_ms" : {
        "2" : 0.010000,
        "4" : 1.197615,
        "10" : 4.354267,
        "20" : 7.137489,
        "50" : 22.789342,
        "100" : 31.272961,
        "250" : 28.274783,
        "500" : 4.650023,
        "750" : 0.306526,
        "1000" : 0.043628,
        "2000" : 0.010000,
        ">=2000" : 0.000000
      },
      "latency_depth" : 40,
      "latency_target" : 0,
      "latency_percentile" : 100.000000,
      "latency_window" : 0
    }
  ],
  "disk_util" : [
    {
      "name" : "sda",
      "read_ios" : 0,
      "write_ios" : 4044,
      "read_sectors" : 0,
      "write_sectors" : 100192,
      "read_merges" : 0,
      "write_merges" : 5452,
      "read_ticks" : 0,
      "write_ticks" : 714,
      "in_queue" : 753,
      "util" : 0.089988
    }
  ]
}
