{
  "fio version" : "fio-3.39-26-ga72fe",
  "timestamp" : 1751029982,
  "timestamp_ms" : 1751029982565,
  "time" : "Fri Jun 27 13:13:02 2025",
  "global options" : {
    "ioengine" : "rbd",
    "bs" : "64k",
    "rw" : "read",
    "direct" : "1",
    "runtime" : "5m",
    "time_based" : "",
    "group_reporting" : "",
    "ramp_time" : "30s",
    "thread" : "1",
    "iodepth" : "16",
    "clientname" : "admin",
    "pool" : "rbd"
  },
  "jobs" : [
    {
      "jobname" : "fio_test_0",
      "groupid" : 0,
      "job_start" : 1751029682318,
      "error" : 0,
      "eta" : 0,
      "elapsed" : 331,
      "job options" : {
        "max_latency" : "1s",
        "numjobs" : "1",
        "rbdname" : "fio_test_31"
      },
      "read" : {
        "io_bytes" : 211698384896,
        "io_kbytes" : 206736704,
        "bw_bytes" : 705494315,
        "bw" : 688959,
        "iops" : 10763.389331,
        "runtime" : 300071,
        "total_ios" : 3229781,
        "short_ios" : 0,
        "drop_ios" : 0,
        "slat_ns" : {
          "min" : 530,
          "max" : 83339,
          "mean" : 6196.923159,
          "stddev" : 4582.255189,
          "N" : 3229781
        },
        "clat_ns" : {
          "min" : 580527,
          "max" : 465757857,
          "mean" : 47555861.525262,
          "stddev" : 30597467.956651,
          "N" : 3230261,
          "percentile" : {
            "1.000000" : 3227648,
            "5.000000" : 7438336,
            "10.000000" : 12910592,
            "20.000000" : 23724032,
            "30.000000" : 33423360,
            "40.000000" : 38010880,
            "50.000000" : 42205184,
            "60.000000" : 47972352,
            "70.000000" : 54788096,
            "80.000000" : 66322432,
            "90.000000" : 84410368,
            "95.000000" : 103284736,
            "99.000000" : 154140672,
            "99.500000" : 179306496,
            "99.900000" : 233832448,
            "99.950000" : 252706816,
            "99.990000" : 329252864
          }
        },
        "lat_ns" : {
          "min" : 583220,
          "max" : 465761858,
          "mean" : 47562058.497192,
          "stddev" : 30597858.302530,
          "N" : 3230261
        },
        "bw_min" : 118148,
        "bw_max" : 1184453,
        "bw_agg" : 100.000000,
        "bw_mean" : 689558.430979,
        "bw_dev" : 5740.243399,
        "bw_samples" : 19169,
        "iops_min" : 1846,
        "iops_max" : 18506,
        "iops_mean" : 10773.884299,
        "iops_stddev" : 89.688065,
        "iops_samples" : 19169
      },
      "write" : {
        "io_bytes" : 0,
        "io_kbytes" : 0,
        "bw_bytes" : 0,
        "bw" : 0,
        "iops" : 0.000000,
        "runtime" : 0,
        "total_ios" : 0,
        "short_ios" : 0,
        "drop_ios" : 0,
        "slat_ns" : {
          "min" : 0,
          "max" : 0,
          "mean" : 0.000000,
          "stddev" : 0.000000,
          "N" : 0
        },
        "clat_ns" : {
          "min" : 0,
          "max" : 0,
          "mean" : 0.000000,
          "stddev" : 0.000000,
          "N" : 0
        },
        "lat_ns" : {
          "min" : 0,
          "max" : 0,
          "mean" : 0.000000,
          "stddev" : 0.000000,
          "N" : 0
        },
        "bw_min" : 0,
        "bw_max" : 0,
        "bw_agg" : 0.000000,
        "bw_mean" : 0.000000,
        "bw_dev" : 0.000000,
        "bw_samples" : 0,
        "iops_min" : 0,
        "iops_max" : 0,
        "iops_mean" : 0.000000,
        "iops_stddev" : 0.000000,
        "iops_samples" : 0
      },
      "trim" : {
        "io_bytes" : 0,
        "io_kbytes" : 0,
        "bw_bytes" : 0,
        "bw" : 0,
        "iops" : 0.000000,
        "runtime" : 0,
        "total_ios" : 0,
        "short_ios" : 0,
        "drop_ios" : 0,
        "slat_ns" : {
          "min" : 0,
          "max" : 0,
          "mean" : 0.000000,
          "stddev" : 0.000000,
          "N" : 0
        },
        "clat_ns" : {
          "min" : 0,
          "max" : 0,
          "mean" : 0.000000,
          "stddev" : 0.000000,
          "N" : 0
        },
        "lat_ns" : {
          "min" : 0,
          "max" : 0,
          "mean" : 0.000000,
          "stddev" : 0.000000,
          "N" : 0
        },
        "bw_min" : 0,
        "bw_max" : 0,
        "bw_agg" : 0.000000,
        "bw_mean" : 0.000000,
        "bw_dev" : 0.000000,
        "bw_samples" : 0,
        "iops_min" : 0,
        "iops_max" : 0,
        "iops_mean" : 0.000000,
        "iops_stddev" : 0.000000,
        "iops_samples" : 0
      },
      "sync" : {
        "total_ios" : 0,
        "lat_ns" : {
          "min" : 0,
          "max" : 0,
          "mean" : 0.000000,
          "stddev" : 0.000000,
          "N" : 0
        }
      },
      "job_runtime" : 9601499,
      "usr_cpu" : 0.353611,
      "sys_cpu" : 0.275603,
      "ctx" : 3213493,
      "majf" : 0,
      "minf" : 281,
      "iodepth_level" : {
        "1" : 0.000000,
        "2" : 0.000000,
        "4" : 0.000000,
        "8" : 0.000000,
        "16" : 100.000000,
        "32" : 0.000000,
        ">=64" : 0.000000
      },
      "iodepth_submit" : {
        "0" : 0.000000,
        "4" : 100.000000,
        "8" : 0.000000,
        "16" : 0.000000,
        "32" : 0.000000,
        "64" : 0.000000,
        ">=64" : 0.000000
      },
      "iodepth_complete" : {
        "0" : 0.000000,
        "4" : 99.999505,
        "8" : 0.000000,
        "16" : 0.100000,
        "32" : 0.000000,
        "64" : 0.000000,
        ">=64" : 0.000000
      },
      "latency_ns" : {
        "2" : 0.000000,
        "4" : 0.000000,
        "10" : 0.000000,
        "20" : 0.000000,
        "50" : 0.000000,
        "100" : 0.000000,
        "250" : 0.000000,
        "500" : 0.000000,
        "750" : 0.000000,
        "1000" : 0.000000
      },
      "latency_us" : {
        "2" : 0.000000,
        "4" : 0.000000,
        "10" : 0.000000,
        "20" : 0.000000,
        "50" : 0.000000,
        "100" : 0.000000,
        "250" : 0.000000,
        "500" : 0.000000,
        "750" : 0.010000,
        "1000" : 0.010000
      },
      "latency_ms" : {
        "2" : 0.010000,
        "4" : 1.714667,
        "10" : 5.649114,
        "20" : 9.090647,
        "50" : 46.717223,
        "100" : 31.229114,
        "250" : 5.549540,
        "500" : 0.054090,
        "750" : 0.000000,
        "1000" : 0.000000,
        "2000" : 0.000000,
        ">=2000" : 0.000000
      },
      "latency_depth" : 16,
      "latency_target" : 0,
      "latency_percentile" : 100.000000,
      "latency_window" : 0
    }
  ],
  "disk_util" : [
    {
      "name" : "sda",
      "read_ios" : 0,
      "write_ios" : 3806,
      "read_sectors" : 0,
      "write_sectors" : 95888,
      "read_merges" : 0,
      "write_merges" : 5272,
      "read_ticks" : 0,
      "write_ticks" : 622,
      "in_queue" : 662,
      "util" : 0.098516
    }
  ]
}
