{
  "fio version" : "fio-3.39-26-ga72fe",
  "timestamp" : 1751033973,
  "timestamp_ms" : 1751033973346,
  "time" : "Fri Jun 27 14:19:33 2025",
  "global options" : {
    "ioengine" : "rbd",
    "bs" : "64k",
    "rw" : "read",
    "direct" : "1",
    "runtime" : "5m",
    "time_based" : "",
    "group_reporting" : "",
    "ramp_time" : "30s",
    "thread" : "1",
    "iodepth" : "52",
    "clientname" : "admin",
    "pool" : "rbd"
  },
  "jobs" : [
    {
      "jobname" : "fio_test_0",
      "groupid" : 0,
      "job_start" : 1751033672694,
      "error" : 110,
      "eta" : 0,
      "elapsed" : 331,
      "job options" : {
        "max_latency" : "1s",
        "numjobs" : "1",
        "rbdname" : "fio_test_31"
      },
      "read" : {
        "io_bytes" : 225401503744,
        "io_kbytes" : 220118656,
        "bw_bytes" : 750862799,
        "bw" : 733264,
        "iops" : 11451.820514,
        "runtime" : 300190,
        "total_ios" : 3437722,
        "short_ios" : 0,
        "drop_ios" : 0,
        "slat_ns" : {
          "min" : 515,
          "max" : 213263,
          "mean" : 5492.315098,
          "stddev" : 4504.765802,
          "N" : 3437722
        },
        "clat_ns" : {
          "min" : 417978,
          "max" : 1897402965,
          "mean" : 95534708.099083,
          "stddev" : 87083574.539581,
          "N" : 3439354,
          "percentile" : {
            "1.000000" : 3457024,
            "5.000000" : 8716288,
            "10.000000" : 15663104,
            "20.000000" : 30015488,
            "30.000000" : 44302336,
            "40.000000" : 58982400,
            "50.000000" : 73924608,
            "60.000000" : 90701824,
            "70.000000" : 111673344,
            "80.000000" : 143654912,
            "90.000000" : 200278016,
            "95.000000" : 258998272,
            "99.000000" : 413138944,
            "99.500000" : 492830720,
            "99.900000" : 675282944,
            "99.950000" : 759169024,
            "99.990000" : 1044381696
          }
        },
        "lat_ns" : {
          "min" : 422060,
          "max" : 1897405345,
          "mean" : 95540200.214867,
          "stddev" : 87083952.725956,
          "N" : 3439354
        },
        "bw_min" : 96696,
        "bw_max" : 1932088,
        "bw_agg" : 100.000000,
        "bw_mean" : 1020763.247016,
        "bw_dev" : 12032.363473,
        "bw_samples" : 12593,
        "iops_min" : 1509,
        "iops_max" : 30187,
        "iops_mean" : 15948.304222,
        "iops_stddev" : 188.002169,
        "iops_samples" : 12593
      },
      "write" : {
        "io_bytes" : 0,
        "io_kbytes" : 0,
        "bw_bytes" : 0,
        "bw" : 0,
        "iops" : 0.000000,
        "runtime" : 0,
        "total_ios" : 0,
        "short_ios" : 0,
        "drop_ios" : 0,
        "slat_ns" : {
          "min" : 0,
          "max" : 0,
          "mean" : 0.000000,
          "stddev" : 0.000000,
          "N" : 0
        },
        "clat_ns" : {
          "min" : 0,
          "max" : 0,
          "mean" : 0.000000,
          "stddev" : 0.000000,
          "N" : 0
        },
        "lat_ns" : {
          "min" : 0,
          "max" : 0,
          "mean" : 0.000000,
          "stddev" : 0.000000,
          "N" : 0
        },
        "bw_min" : 0,
        "bw_max" : 0,
        "bw_agg" : 0.000000,
        "bw_mean" : 0.000000,
        "bw_dev" : 0.000000,
        "bw_samples" : 0,
        "iops_min" : 0,
        "iops_max" : 0,
        "iops_mean" : 0.000000,
        "iops_stddev" : 0.000000,
        "iops_samples" : 0
      },
      "trim" : {
        "io_bytes" : 0,
        "io_kbytes" : 0,
        "bw_bytes" : 0,
        "bw" : 0,
        "iops" : 0.000000,
        "runtime" : 0,
        "total_ios" : 0,
        "short_ios" : 0,
        "drop_ios" : 0,
        "slat_ns" : {
          "min" : 0,
          "max" : 0,
          "mean" : 0.000000,
          "stddev" : 0.000000,
          "N" : 0
        },
        "clat_ns" : {
          "min" : 0,
          "max" : 0,
          "mean" : 0.000000,
          "stddev" : 0.000000,
          "N" : 0
        },
        "lat_ns" : {
          "min" : 0,
          "max" : 0,
          "mean" : 0.000000,
          "stddev" : 0.000000,
          "N" : 0
        },
        "bw_min" : 0,
        "bw_max" : 0,
        "bw_agg" : 0.000000,
        "bw_mean" : 0.000000,
        "bw_dev" : 0.000000,
        "bw_samples" : 0,
        "iops_min" : 0,
        "iops_max" : 0,
        "iops_mean" : 0.000000,
        "iops_stddev" : 0.000000,
        "iops_samples" : 0
      },
      "sync" : {
        "total_ios" : 0,
        "lat_ns" : {
          "min" : 0,
          "max" : 0,
          "mean" : 0.000000,
          "stddev" : 0.000000,
          "N" : 0
        }
      },
      "job_runtime" : 6314512,
      "usr_cpu" : 0.488193,
      "sys_cpu" : 0.410958,
      "ctx" : 3386237,
      "majf" : 0,
      "minf" : 305,
      "iodepth_level" : {
        "1" : 0.000000,
        "2" : 0.000000,
        "4" : 0.000000,
        "8" : 0.000000,
        "16" : 0.000000,
        "32" : 100.000000,
        ">=64" : 0.000000
      },
      "iodepth_submit" : {
        "0" : 0.000000,
        "4" : 100.000000,
        "8" : 0.000000,
        "16" : 0.000000,
        "32" : 0.000000,
        "64" : 0.000000,
        ">=64" : 0.000000
      },
      "iodepth_complete" : {
        "0" : 0.100000,
        "4" : 99.999346,
        "8" : 0.000000,
        "16" : 0.000000,
        "32" : 0.000000,
        "64" : 0.100000,
        ">=64" : 0.000000
      },
      "latency_ns" : {
        "2" : 0.000000,
        "4" : 0.000000,
        "10" : 0.000000,
        "20" : 0.000000,
        "50" : 0.000000,
        "100" : 0.000000,
        "250" : 0.000000,
        "500" : 0.000000,
        "750" : 0.000000,
        "1000" : 0.000000
      },
      "latency_us" : {
        "2" : 0.000000,
        "4" : 0.000000,
        "10" : 0.000000,
        "20" : 0.000000,
        "50" : 0.000000,
        "100" : 0.000000,
        "250" : 0.000000,
        "500" : 0.010000,
        "750" : 0.010000,
        "1000" : 0.015068
      },
      "latency_ms" : {
        "2" : 0.102335,
        "4" : 1.302752,
        "10" : 4.482794,
        "20" : 7.215243,
        "50" : 20.788912,
        "100" : 30.985693,
        "250" : 29.551488,
        "500" : 5.124469,
        "750" : 0.420744,
        "1000" : 0.043575,
        "2000" : 0.010414,
        ">=2000" : 0.000000
      },
      "latency_depth" : 52,
      "latency_target" : 0,
      "latency_percentile" : 100.000000,
      "latency_window" : 0
    }
  ],
  "disk_util" : [
    {
      "name" : "sda",
      "read_ios" : 1,
      "write_ios" : 4010,
      "read_sectors" : 8,
      "write_sectors" : 97968,
      "read_merges" : 0,
      "write_merges" : 5236,
      "read_ticks" : 0,
      "write_ticks" : 693,
      "in_queue" : 731,
      "util" : 0.089304
    }
  ]
}
