{
  "fio version" : "fio-3.39-26-ga72fe",
  "timestamp" : 1751027323,
  "timestamp_ms" : 1751027323878,
  "time" : "Fri Jun 27 12:28:43 2025",
  "global options" : {
    "ioengine" : "rbd",
    "bs" : "64k",
    "rw" : "read",
    "direct" : "1",
    "runtime" : "5m",
    "time_based" : "",
    "group_reporting" : "",
    "ramp_time" : "30s",
    "thread" : "1",
    "iodepth" : "1",
    "clientname" : "admin",
    "pool" : "rbd"
  },
  "jobs" : [
    {
      "jobname" : "fio_test_0",
      "groupid" : 0,
      "job_start" : 1751027023709,
      "error" : 0,
      "eta" : 0,
      "elapsed" : 331,
      "job options" : {
        "max_latency" : "1s",
        "numjobs" : "1",
        "rbdname" : "fio_test_31"
      },
      "read" : {
        "io_bytes" : 202509778944,
        "io_kbytes" : 197763456,
        "bw_bytes" : 675023596,
        "bw" : 659202,
        "iops" : 10300.042666,
        "runtime" : 300004,
        "total_ios" : 3090054,
        "short_ios" : 0,
        "drop_ios" : 0,
        "slat_ns" : {
          "min" : 1267,
          "max" : 128391,
          "mean" : 6634.247005,
          "stddev" : 4612.778644,
          "N" : 3090054
        },
        "clat_ns" : {
          "min" : 469019,
          "max" : 25021891,
          "mean" : 3097913.579362,
          "stddev" : 1946797.402201,
          "N" : 3090054,
          "percentile" : {
            "1.000000" : 659456,
            "5.000000" : 831488,
            "10.000000" : 937984,
            "20.000000" : 1253376,
            "30.000000" : 2408448,
            "40.000000" : 2670592,
            "50.000000" : 2867200,
            "60.000000" : 3096576,
            "70.000000" : 3424256,
            "80.000000" : 3981312,
            "90.000000" : 5275648,
            "95.000000" : 6914048,
            "99.000000" : 10289152,
            "99.500000" : 11730944,
            "99.900000" : 14614528,
            "99.950000" : 15794176,
            "99.990000" : 18481152
          }
        },
        "lat_ns" : {
          "min" : 470934,
          "max" : 25033427,
          "mean" : 3104547.826367,
          "stddev" : 1947541.385950,
          "N" : 3090054
        },
        "bw_min" : 236823,
        "bw_max" : 966757,
        "bw_agg" : 100.000000,
        "bw_mean" : 659534.906135,
        "bw_dev" : 3745.784753,
        "bw_samples" : 19174,
        "iops_min" : 3700,
        "iops_max" : 15104,
        "iops_mean" : 10304.329071,
        "iops_stddev" : 58.525485,
        "iops_samples" : 19174
      },
      "write" : {
        "io_bytes" : 0,
        "io_kbytes" : 0,
        "bw_bytes" : 0,
        "bw" : 0,
        "iops" : 0.000000,
        "runtime" : 0,
        "total_ios" : 0,
        "short_ios" : 0,
        "drop_ios" : 0,
        "slat_ns" : {
          "min" : 0,
          "max" : 0,
          "mean" : 0.000000,
          "stddev" : 0.000000,
          "N" : 0
        },
        "clat_ns" : {
          "min" : 0,
          "max" : 0,
          "mean" : 0.000000,
          "stddev" : 0.000000,
          "N" : 0
        },
        "lat_ns" : {
          "min" : 0,
          "max" : 0,
          "mean" : 0.000000,
          "stddev" : 0.000000,
          "N" : 0
        },
        "bw_min" : 0,
        "bw_max" : 0,
        "bw_agg" : 0.000000,
        "bw_mean" : 0.000000,
        "bw_dev" : 0.000000,
        "bw_samples" : 0,
        "iops_min" : 0,
        "iops_max" : 0,
        "iops_mean" : 0.000000,
        "iops_stddev" : 0.000000,
        "iops_samples" : 0
      },
      "trim" : {
        "io_bytes" : 0,
        "io_kbytes" : 0,
        "bw_bytes" : 0,
        "bw" : 0,
        "iops" : 0.000000,
        "runtime" : 0,
        "total_ios" : 0,
        "short_ios" : 0,
        "drop_ios" : 0,
        "slat_ns" : {
          "min" : 0,
          "max" : 0,
          "mean" : 0.000000,
          "stddev" : 0.000000,
          "N" : 0
        },
        "clat_ns" : {
          "min" : 0,
          "max" : 0,
          "mean" : 0.000000,
          "stddev" : 0.000000,
          "N" : 0
        },
        "lat_ns" : {
          "min" : 0,
          "max" : 0,
          "mean" : 0.000000,
          "stddev" : 0.000000,
          "N" : 0
        },
        "bw_min" : 0,
        "bw_max" : 0,
        "bw_agg" : 0.000000,
        "bw_mean" : 0.000000,
        "bw_dev" : 0.000000,
        "bw_samples" : 0,
        "iops_min" : 0,
        "iops_max" : 0,
        "iops_mean" : 0.000000,
        "iops_stddev" : 0.000000,
        "iops_samples" : 0
      },
      "sync" : {
        "total_ios" : 0,
        "lat_ns" : {
          "min" : 0,
          "max" : 0,
          "mean" : 0.000000,
          "stddev" : 0.000000,
          "N" : 0
        }
      },
      "job_runtime" : 9600040,
      "usr_cpu" : 0.363790,
      "sys_cpu" : 0.274353,
      "ctx" : 3090697,
      "majf" : 0,
      "minf" : 189,
      "iodepth_level" : {
        "1" : 100.000000,
        "2" : 0.000000,
        "4" : 0.000000,
        "8" : 0.000000,
        "16" : 0.000000,
        "32" : 0.000000,
        ">=64" : 0.000000
      },
      "iodepth_submit" : {
        "0" : 0.000000,
        "4" : 100.000000,
        "8" : 0.000000,
        "16" : 0.000000,
        "32" : 0.000000,
        "64" : 0.000000,
        ">=64" : 0.000000
      },
      "iodepth_complete" : {
        "0" : 0.000000,
        "4" : 100.000000,
        "8" : 0.000000,
        "16" : 0.000000,
        "32" : 0.000000,
        "64" : 0.000000,
        ">=64" : 0.000000
      },
      "latency_ns" : {
        "2" : 0.000000,
        "4" : 0.000000,
        "10" : 0.000000,
        "20" : 0.000000,
        "50" : 0.000000,
        "100" : 0.000000,
        "250" : 0.000000,
        "500" : 0.000000,
        "750" : 0.000000,
        "1000" : 0.000000
      },
      "latency_us" : {
        "2" : 0.000000,
        "4" : 0.000000,
        "10" : 0.000000,
        "20" : 0.000000,
        "50" : 0.000000,
        "100" : 0.000000,
        "250" : 0.000000,
        "500" : 0.011650,
        "750" : 2.358017,
        "1000" : 11.045373
      },
      "latency_ms" : {
        "2" : 12.289753,
        "4" : 54.540924,
        "10" : 18.584594,
        "20" : 1.165934,
        "50" : 0.010000,
        "100" : 0.000000,
        "250" : 0.000000,
        "500" : 0.000000,
        "750" : 0.000000,
        "1000" : 0.000000,
        "2000" : 0.000000,
        ">=2000" : 0.000000
      },
      "latency_depth" : 1,
      "latency_target" : 0,
      "latency_percentile" : 100.000000,
      "latency_window" : 0
    }
  ],
  "disk_util" : [
    {
      "name" : "sda",
      "read_ios" : 2,
      "write_ios" : 4049,
      "read_sectors" : 16,
      "write_sectors" : 121504,
      "read_merges" : 0,
      "write_merges" : 5432,
      "read_ticks" : 0,
      "write_ticks" : 822,
      "in_queue" : 861,
      "util" : 0.100322
    }
  ]
}
