{
  "fio version" : "fio-3.39-26-ga72fe",
  "timestamp" : 1751028985,
  "timestamp_ms" : 1751028985514,
  "time" : "Fri Jun 27 12:56:25 2025",
  "global options" : {
    "ioengine" : "rbd",
    "bs" : "64k",
    "rw" : "read",
    "direct" : "1",
    "runtime" : "5m",
    "time_based" : "",
    "group_reporting" : "",
    "ramp_time" : "30s",
    "thread" : "1",
    "iodepth" : "8",
    "clientname" : "admin",
    "pool" : "rbd"
  },
  "jobs" : [
    {
      "jobname" : "fio_test_0",
      "groupid" : 0,
      "job_start" : 1751028685319,
      "error" : 0,
      "eta" : 0,
      "elapsed" : 331,
      "job options" : {
        "max_latency" : "1s",
        "numjobs" : "1",
        "rbdname" : "fio_test_31"
      },
      "read" : {
        "io_bytes" : 209026875392,
        "io_kbytes" : 204127808,
        "bw_bytes" : 696663362,
        "bw" : 680335,
        "iops" : 10629.492734,
        "runtime" : 300040,
        "total_ios" : 3189273,
        "short_ios" : 0,
        "drop_ios" : 0,
        "slat_ns" : {
          "min" : 506,
          "max" : 133945,
          "mean" : 6232.827213,
          "stddev" : 4572.308773,
          "N" : 3189273
        },
        "clat_ns" : {
          "min" : 497982,
          "max" : 189124249,
          "mean" : 24073961.631106,
          "stddev" : 14222731.504391,
          "N" : 3189497,
          "percentile" : {
            "1.000000" : 2703360,
            "5.000000" : 4947968,
            "10.000000" : 6258688,
            "20.000000" : 15663104,
            "30.000000" : 18219008,
            "40.000000" : 19791872,
            "50.000000" : 21364736,
            "60.000000" : 23986176,
            "70.000000" : 26869760,
            "80.000000" : 32374784,
            "90.000000" : 41156608,
            "95.000000" : 50593792,
            "99.000000" : 72876032,
            "99.500000" : 83361792,
            "99.900000" : 108527616,
            "99.950000" : 120061952,
            "99.990000" : 147849216
          }
        },
        "lat_ns" : {
          "min" : 500100,
          "max" : 189143669,
          "mean" : 24080194.557398,
          "stddev" : 14223218.393786,
          "N" : 3189497
        },
        "bw_min" : 162568,
        "bw_max" : 1070970,
        "bw_agg" : 100.000000,
        "bw_mean" : 680796.560125,
        "bw_dev" : 5692.000305,
        "bw_samples" : 19175,
        "iops_min" : 2540,
        "iops_max" : 16732,
        "iops_mean" : 10635.995337,
        "iops_stddev" : 88.929745,
        "iops_samples" : 19175
      },
      "write" : {
        "io_bytes" : 0,
        "io_kbytes" : 0,
        "bw_bytes" : 0,
        "bw" : 0,
        "iops" : 0.000000,
        "runtime" : 0,
        "total_ios" : 0,
        "short_ios" : 0,
        "drop_ios" : 0,
        "slat_ns" : {
          "min" : 0,
          "max" : 0,
          "mean" : 0.000000,
          "stddev" : 0.000000,
          "N" : 0
        },
        "clat_ns" : {
          "min" : 0,
          "max" : 0,
          "mean" : 0.000000,
          "stddev" : 0.000000,
          "N" : 0
        },
        "lat_ns" : {
          "min" : 0,
          "max" : 0,
          "mean" : 0.000000,
          "stddev" : 0.000000,
          "N" : 0
        },
        "bw_min" : 0,
        "bw_max" : 0,
        "bw_agg" : 0.000000,
        "bw_mean" : 0.000000,
        "bw_dev" : 0.000000,
        "bw_samples" : 0,
        "iops_min" : 0,
        "iops_max" : 0,
        "iops_mean" : 0.000000,
        "iops_stddev" : 0.000000,
        "iops_samples" : 0
      },
      "trim" : {
        "io_bytes" : 0,
        "io_kbytes" : 0,
        "bw_bytes" : 0,
        "bw" : 0,
        "iops" : 0.000000,
        "runtime" : 0,
        "total_ios" : 0,
        "short_ios" : 0,
        "drop_ios" : 0,
        "slat_ns" : {
          "min" : 0,
          "max" : 0,
          "mean" : 0.000000,
          "stddev" : 0.000000,
          "N" : 0
        },
        "clat_ns" : {
          "min" : 0,
          "max" : 0,
          "mean" : 0.000000,
          "stddev" : 0.000000,
          "N" : 0
        },
        "lat_ns" : {
          "min" : 0,
          "max" : 0,
          "mean" : 0.000000,
          "stddev" : 0.000000,
          "N" : 0
        },
        "bw_min" : 0,
        "bw_max" : 0,
        "bw_agg" : 0.000000,
        "bw_mean" : 0.000000,
        "bw_dev" : 0.000000,
        "bw_samples" : 0,
        "iops_min" : 0,
        "iops_max" : 0,
        "iops_mean" : 0.000000,
        "iops_stddev" : 0.000000,
        "iops_samples" : 0
      },
      "sync" : {
        "total_ios" : 0,
        "lat_ns" : {
          "min" : 0,
          "max" : 0,
          "mean" : 0.000000,
          "stddev" : 0.000000,
          "N" : 0
        }
      },
      "job_runtime" : 9600732,
      "usr_cpu" : 0.352890,
      "sys_cpu" : 0.275489,
      "ctx" : 3181714,
      "majf" : 0,
      "minf" : 231,
      "iodepth_level" : {
        "1" : 0.000000,
        "2" : 0.000000,
        "4" : 0.000000,
        "8" : 100.000000,
        "16" : 0.000000,
        "32" : 0.000000,
        ">=64" : 0.000000
      },
      "iodepth_submit" : {
        "0" : 0.000000,
        "4" : 100.000000,
        "8" : 0.000000,
        "16" : 0.000000,
        "32" : 0.000000,
        "64" : 0.000000,
        ">=64" : 0.000000
      },
      "iodepth_complete" : {
        "0" : 0.000000,
        "4" : 99.999498,
        "8" : 0.100000,
        "16" : 0.000000,
        "32" : 0.000000,
        "64" : 0.000000,
        ">=64" : 0.000000
      },
      "latency_ns" : {
        "2" : 0.000000,
        "4" : 0.000000,
        "10" : 0.000000,
        "20" : 0.000000,
        "50" : 0.000000,
        "100" : 0.000000,
        "250" : 0.000000,
        "500" : 0.000000,
        "750" : 0.000000,
        "1000" : 0.000000
      },
      "latency_us" : {
        "2" : 0.000000,
        "4" : 0.000000,
        "10" : 0.000000,
        "20" : 0.000000,
        "50" : 0.000000,
        "100" : 0.000000,
        "250" : 0.000000,
        "500" : 0.010000,
        "750" : 0.010000,
        "1000" : 0.055969
      },
      "latency_ms" : {
        "2" : 0.356476,
        "4" : 2.833843,
        "10" : 11.023672,
        "20" : 27.086455,
        "50" : 53.371066,
        "100" : 5.092414,
        "250" : 0.178599,
        "500" : 0.000000,
        "750" : 0.000000,
        "1000" : 0.000000,
        "2000" : 0.000000,
        ">=2000" : 0.000000
      },
      "latency_depth" : 8,
      "latency_target" : 0,
      "latency_percentile" : 100.000000,
      "latency_window" : 0
    }
  ],
  "disk_util" : [
    {
      "name" : "sda",
      "read_ios" : 0,
      "write_ios" : 3903,
      "read_sectors" : 0,
      "write_sectors" : 97136,
      "read_merges" : 0,
      "write_merges" : 5380,
      "read_ticks" : 0,
      "write_ticks" : 642,
      "in_queue" : 683,
      "util" : 0.098207
    }
  ]
}
