{
  "fio version" : "fio-3.39-26-ga72fe",
  "timestamp" : 1751030979,
  "timestamp_ms" : 1751030979660,
  "time" : "Fri Jun 27 13:29:39 2025",
  "global options" : {
    "ioengine" : "rbd",
    "bs" : "64k",
    "rw" : "read",
    "direct" : "1",
    "runtime" : "5m",
    "time_based" : "",
    "group_reporting" : "",
    "ramp_time" : "30s",
    "thread" : "1",
    "iodepth" : "24",
    "clientname" : "admin",
    "pool" : "rbd"
  },
  "jobs" : [
    {
      "jobname" : "fio_test_0",
      "groupid" : 0,
      "job_start" : 1751030679426,
      "error" : 0,
      "eta" : 0,
      "elapsed" : 331,
      "job options" : {
        "max_latency" : "1s",
        "numjobs" : "1",
        "rbdname" : "fio_test_31"
      },
      "read" : {
        "io_bytes" : 223159648256,
        "io_kbytes" : 217929344,
        "bw_bytes" : 743508610,
        "bw" : 726082,
        "iops" : 11342.588891,
        "runtime" : 300144,
        "total_ios" : 3404410,
        "short_ios" : 0,
        "drop_ios" : 0,
        "slat_ns" : {
          "min" : 497,
          "max" : 66719,
          "mean" : 5888.754636,
          "stddev" : 4470.098700,
          "N" : 3404410
        },
        "clat_ns" : {
          "min" : 629475,
          "max" : 726034151,
          "mean" : 67684193.263419,
          "stddev" : 50241354.898223,
          "N" : 3405146,
          "percentile" : {
            "1.000000" : 3424256,
            "5.000000" : 8093696,
            "10.000000" : 14090240,
            "20.000000" : 25821184,
            "30.000000" : 37486592,
            "40.000000" : 49020928,
            "50.000000" : 58982400,
            "60.000000" : 68681728,
            "70.000000" : 81264640,
            "80.000000" : 100139008,
            "90.000000" : 131596288,
            "95.000000" : 162529280,
            "99.000000" : 238026752,
            "99.500000" : 274726912,
            "99.900000" : 358612992,
            "99.950000" : 404750336,
            "99.990000" : 517996544
          }
        },
        "lat_ns" : {
          "min" : 632864,
          "max" : 726042464,
          "mean" : 67690082.226267,
          "stddev" : 50241748.517679,
          "N" : 3405146
        },
        "bw_min" : 104588,
        "bw_max" : 1268303,
        "bw_agg" : 100.000000,
        "bw_mean" : 726840.622346,
        "bw_dev" : 6659.943914,
        "bw_samples" : 19174,
        "iops_min" : 1634,
        "iops_max" : 19817,
        "iops_mean" : 11355.718094,
        "iops_stddev" : 104.056912,
        "iops_samples" : 19174
      },
      "write" : {
        "io_bytes" : 0,
        "io_kbytes" : 0,
        "bw_bytes" : 0,
        "bw" : 0,
        "iops" : 0.000000,
        "runtime" : 0,
        "total_ios" : 0,
        "short_ios" : 0,
        "drop_ios" : 0,
        "slat_ns" : {
          "min" : 0,
          "max" : 0,
          "mean" : 0.000000,
          "stddev" : 0.000000,
          "N" : 0
        },
        "clat_ns" : {
          "min" : 0,
          "max" : 0,
          "mean" : 0.000000,
          "stddev" : 0.000000,
          "N" : 0
        },
        "lat_ns" : {
          "min" : 0,
          "max" : 0,
          "mean" : 0.000000,
          "stddev" : 0.000000,
          "N" : 0
        },
        "bw_min" : 0,
        "bw_max" : 0,
        "bw_agg" : 0.000000,
        "bw_mean" : 0.000000,
        "bw_dev" : 0.000000,
        "bw_samples" : 0,
        "iops_min" : 0,
        "iops_max" : 0,
        "iops_mean" : 0.000000,
        "iops_stddev" : 0.000000,
        "iops_samples" : 0
      },
      "trim" : {
        "io_bytes" : 0,
        "io_kbytes" : 0,
        "bw_bytes" : 0,
        "bw" : 0,
        "iops" : 0.000000,
        "runtime" : 0,
        "total_ios" : 0,
        "short_ios" : 0,
        "drop_ios" : 0,
        "slat_ns" : {
          "min" : 0,
          "max" : 0,
          "mean" : 0.000000,
          "stddev" : 0.000000,
          "N" : 0
        },
        "clat_ns" : {
          "min" : 0,
          "max" : 0,
          "mean" : 0.000000,
          "stddev" : 0.000000,
          "N" : 0
        },
        "lat_ns" : {
          "min" : 0,
          "max" : 0,
          "mean" : 0.000000,
          "stddev" : 0.000000,
          "N" : 0
        },
        "bw_min" : 0,
        "bw_max" : 0,
        "bw_agg" : 0.000000,
        "bw_mean" : 0.000000,
        "bw_dev" : 0.000000,
        "bw_samples" : 0,
        "iops_min" : 0,
        "iops_max" : 0,
        "iops_mean" : 0.000000,
        "iops_stddev" : 0.000000,
        "iops_samples" : 0
      },
      "sync" : {
        "total_ios" : 0,
        "lat_ns" : {
          "min" : 0,
          "max" : 0,
          "mean" : 0.000000,
          "stddev" : 0.000000,
          "N" : 0
        }
      },
      "job_runtime" : 9602394,
      "usr_cpu" : 0.354495,
      "sys_cpu" : 0.277077,
      "ctx" : 3381723,
      "majf" : 0,
      "minf" : 504,
      "iodepth_level" : {
        "1" : 0.000000,
        "2" : 0.000000,
        "4" : 0.000000,
        "8" : 0.000000,
        "16" : 100.000000,
        "32" : 0.000000,
        ">=64" : 0.000000
      },
      "iodepth_submit" : {
        "0" : 0.000000,
        "4" : 100.000000,
        "8" : 0.000000,
        "16" : 0.000000,
        "32" : 0.000000,
        "64" : 0.000000,
        ">=64" : 0.000000
      },
      "iodepth_complete" : {
        "0" : 0.000000,
        "4" : 99.999530,
        "8" : 0.000000,
        "16" : 0.000000,
        "32" : 0.100000,
        "64" : 0.000000,
        ">=64" : 0.000000
      },
      "latency_ns" : {
        "2" : 0.000000,
        "4" : 0.000000,
        "10" : 0.000000,
        "20" : 0.000000,
        "50" : 0.000000,
        "100" : 0.000000,
        "250" : 0.000000,
        "500" : 0.000000,
        "750" : 0.000000,
        "1000" : 0.000000
      },
      "latency_us" : {
        "2" : 0.000000,
        "4" : 0.000000,
        "10" : 0.000000,
        "20" : 0.000000,
        "50" : 0.000000,
        "100" : 0.000000,
        "250" : 0.000000,
        "500" : 0.000000,
        "750" : 0.010000,
        "1000" : 0.010000
      },
      "latency_ms" : {
        "2" : 0.010000,
        "4" : 1.467450,
        "10" : 5.094480,
        "20" : 8.347614,
        "50" : 25.800359,
        "100" : 39.321439,
        "250" : 19.191754,
        "500" : 0.781986,
        "750" : 0.012895,
        "1000" : 0.000000,
        "2000" : 0.000000,
        ">=2000" : 0.000000
      },
      "latency_depth" : 24,
      "latency_target" : 0,
      "latency_percentile" : 100.000000,
      "latency_window" : 0
    }
  ],
  "disk_util" : [
    {
      "name" : "sda",
      "read_ios" : 0,
      "write_ios" : 4050,
      "read_sectors" : 0,
      "write_sectors" : 99600,
      "read_merges" : 0,
      "write_merges" : 5454,
      "read_ticks" : 0,
      "write_ticks" : 688,
      "in_queue" : 729,
      "util" : 0.100027
    }
  ]
}
