{
    "iodepth": [
        "1",
        "2",
        "4",
        "8",
        "16",
        "24",
        "32",
        "40",
        "52",
        "64"
    ],
    "bw": [
        659.202,
        686.957,
        661.496,
        680.335,
        688.959,
        726.082,
        748.308,
        736.852,
        733.264,
        894.584
    ],
    "total_ios": [
        3090054,
        3220178,
        3100857,
        3189273,
        3229781,
        3404410,
        3509055,
        3454198,
        3437722,
        4192760
    ],
    "clat_ms": [
        3.097913579362,
        5.954102693254,
        12.375175243915,
        24.073961631106002,
        47.555861525261996,
        67.684193263419,
        86.90703164075201,
        92.218874028689,
        95.534708099083,
        63.754715950801
    ],
    "clat_stdev": [
        1.946797402201,
        4.037757887751,
        7.077948468112,
        14.222731504391,
        30.597467956651,
        50.241354898223,
        76.176618173934,
        83.195592410409,
        87.083574539581,
        81.65695797511201
    ],
    "usr_cpu": [
        0.36379,
        0.357933,
        0.361445,
        0.35289,
        0.353611,
        0.354495,
        0.350496,
        0.408568,
        0.488193,
        0.654435
    ],
    "sys_cpu": [
        0.274353,
        0.275132,
        0.273667,
        0.275489,
        0.275603,
        0.277077,
        0.280674,
        0.326795,
        0.410958,
        0.644942
    ],
    "OSD_cpu": [
        1324.6266666666668,
        1372.316666666666,
        1374.0500000000009,
        1400.5433333333326,
        1398.4199999999992,
        1385.4799999999998,
        1424.7266666666685,
        1426.4666666666665,
        1422.803333333334,
        1447.0766666666682,
        1435.4699999999998,
        1445.7366666666678,
        1468.0833333333344,
        1469.910000000001,
        1462.5133333333338,
        1473.2500000000007,
        1467.8933333333362,
        1486.586666666666,
        1437.450000000003,
        1469.4033333333339,
        1474.6499999999992,
        1459.970000000001,
        1475.6566666666681,
        1458.326666666669
    ],
    "OSD_mem": [
        660.6599999999828,
        686.3999999999814,
        686.3999999999814,
        686.3999999999814,
        686.3999999999814,
        686.3999999999814,
        686.3999999999814,
        686.3999999999814,
        686.3999999999814,
        686.3999999999814,
        686.3999999999814,
        686.3999999999814,
        686.3999999999814,
        686.3999999999814,
        686.3999999999814,
        686.3999999999814,
        686.3999999999814,
        686.3999999999814,
        686.3999999999814,
        686.3999999999814,
        686.3999999999814,
        686.3999999999814,
        686.3999999999814,
        686.3999999999814
    ],
    "FIO_cpu": [
        182.06666666666663,
        194.80000000000058,
        194.03666666666743,
        194.98000000000098,
        193.7100000000011,
        192.89333333333397,
        197.92333333333514,
        195.91333333333495,
        197.3666666666683,
        199.336666666668,
        200.5233333333351,
        199.81666666666868,
        202.96666666666837,
        200.7133333333351,
        202.0100000000021,
        204.8166666666681,
        201.63666666666623,
        205.00000000000168,
        189.34333333333416,
        201.30000000000027,
        202.25666666666592,
        193.15333333333407,
        198.62333333333234,
        195.01333333333326
    ],
    "FIO_mem": [
        0.0,
        0.0,
        0.0,
        0.0,
        1.5000000000000122,
        0.0,
        43.49999999999695,
        33.000000000005215,
        36.00000000000377,
        44.99999999999559,
        44.99999999999559,
        44.99999999999559,
        44.626666666662594,
        44.95333333332896,
        44.99999999999559,
        43.973333333329855,
        38.98000000000106,
        44.626666666662594,
        29.6933333333378,
        37.06666666666947,
        36.460000000003355,
        29.226666666671026,
        33.240000000005274,
        29.50666666667109
    ]
}