{
  "fio version" : "fio-3.39-26-ga72fe",
  "timestamp" : 1751020897,
  "timestamp_ms" : 1751020897873,
  "time" : "Fri Jun 27 10:41:37 2025",
  "global options" : {
    "ioengine" : "rbd",
    "bs" : "4k",
    "rw" : "randread",
    "direct" : "1",
    "runtime" : "5m",
    "time_based" : "",
    "group_reporting" : "",
    "ramp_time" : "30s",
    "thread" : "1",
    "iodepth" : "40",
    "clientname" : "admin",
    "pool" : "rbd"
  },
  "jobs" : [
    {
      "jobname" : "fio_test_0",
      "groupid" : 0,
      "job_start" : 1751020597762,
      "error" : 0,
      "eta" : 0,
      "elapsed" : 331,
      "job options" : {
        "max_latency" : "1s",
        "numjobs" : "1",
        "rbdname" : "fio_test_31"
      },
      "read" : {
        "io_bytes" : 188809220096,
        "io_kbytes" : 184384004,
        "bw_bytes" : 629231928,
        "bw" : 614484,
        "iops" : 153616.917114,
        "runtime" : 300063,
        "total_ios" : 46094753,
        "short_ios" : 0,
        "drop_ios" : 0,
        "slat_ns" : {
          "min" : 425,
          "max" : 345716,
          "mean" : 2199.860625,
          "stddev" : 1415.171592,
          "N" : 46094753
        },
        "clat_ns" : {
          "min" : 120966,
          "max" : 482117426,
          "mean" : 8330532.624520,
          "stddev" : 30286148.942565,
          "N" : 46096001,
          "percentile" : {
            "1.000000" : 419840,
            "5.000000" : 823296,
            "10.000000" : 1089536,
            "20.000000" : 1515520,
            "30.000000" : 1957888,
            "40.000000" : 2375680,
            "50.000000" : 2899968,
            "60.000000" : 3489792,
            "70.000000" : 4358144,
            "80.000000" : 5472256,
            "90.000000" : 7503872,
            "95.000000" : 13434880,
            "99.000000" : 193986560,
            "99.500000" : 250609664,
            "99.900000" : 329252864,
            "99.950000" : 346030080,
            "99.990000" : 400556032
          }
        },
        "lat_ns" : {
          "min" : 122804,
          "max" : 482120197,
          "mean" : 8332732.481034,
          "stddev" : 30286151.805718,
          "N" : 46096001
        },
        "bw_min" : 223276,
        "bw_max" : 835649,
        "bw_agg" : 100.000000,
        "bw_mean" : 614827.916422,
        "bw_dev" : 2255.975799,
        "bw_samples" : 19183,
        "iops_min" : 55817,
        "iops_max" : 208912,
        "iops_mean" : 153706.007437,
        "iops_stddev" : 563.995728,
        "iops_samples" : 19183
      },
      "write" : {
        "io_bytes" : 0,
        "io_kbytes" : 0,
        "bw_bytes" : 0,
        "bw" : 0,
        "iops" : 0.000000,
        "runtime" : 0,
        "total_ios" : 0,
        "short_ios" : 0,
        "drop_ios" : 0,
        "slat_ns" : {
          "min" : 0,
          "max" : 0,
          "mean" : 0.000000,
          "stddev" : 0.000000,
          "N" : 0
        },
        "clat_ns" : {
          "min" : 0,
          "max" : 0,
          "mean" : 0.000000,
          "stddev" : 0.000000,
          "N" : 0
        },
        "lat_ns" : {
          "min" : 0,
          "max" : 0,
          "mean" : 0.000000,
          "stddev" : 0.000000,
          "N" : 0
        },
        "bw_min" : 0,
        "bw_max" : 0,
        "bw_agg" : 0.000000,
        "bw_mean" : 0.000000,
        "bw_dev" : 0.000000,
        "bw_samples" : 0,
        "iops_min" : 0,
        "iops_max" : 0,
        "iops_mean" : 0.000000,
        "iops_stddev" : 0.000000,
        "iops_samples" : 0
      },
      "trim" : {
        "io_bytes" : 0,
        "io_kbytes" : 0,
        "bw_bytes" : 0,
        "bw" : 0,
        "iops" : 0.000000,
        "runtime" : 0,
        "total_ios" : 0,
        "short_ios" : 0,
        "drop_ios" : 0,
        "slat_ns" : {
          "min" : 0,
          "max" : 0,
          "mean" : 0.000000,
          "stddev" : 0.000000,
          "N" : 0
        },
        "clat_ns" : {
          "min" : 0,
          "max" : 0,
          "mean" : 0.000000,
          "stddev" : 0.000000,
          "N" : 0
        },
        "lat_ns" : {
          "min" : 0,
          "max" : 0,
          "mean" : 0.000000,
          "stddev" : 0.000000,
          "N" : 0
        },
        "bw_min" : 0,
        "bw_max" : 0,
        "bw_agg" : 0.000000,
        "bw_mean" : 0.000000,
        "bw_dev" : 0.000000,
        "bw_samples" : 0,
        "iops_min" : 0,
        "iops_max" : 0,
        "iops_mean" : 0.000000,
        "iops_stddev" : 0.000000,
        "iops_samples" : 0
      },
      "sync" : {
        "total_ios" : 0,
        "lat_ns" : {
          "min" : 0,
          "max" : 0,
          "mean" : 0.000000,
          "stddev" : 0.000000,
          "N" : 0
        }
      },
      "job_runtime" : 9601813,
      "usr_cpu" : 1.629546,
      "sys_cpu" : 1.302619,
      "ctx" : 25660339,
      "majf" : 0,
      "minf" : 641,
      "iodepth_level" : {
        "1" : 0.000000,
        "2" : 0.000000,
        "4" : 0.000000,
        "8" : 0.000000,
        "16" : 0.000000,
        "32" : 100.000000,
        ">=64" : 0.000000
      },
      "iodepth_submit" : {
        "0" : 0.000000,
        "4" : 100.000000,
        "8" : 0.000000,
        "16" : 0.000000,
        "32" : 0.000000,
        "64" : 0.000000,
        ">=64" : 0.000000
      },
      "iodepth_complete" : {
        "0" : 0.000000,
        "4" : 99.999965,
        "8" : 0.000000,
        "16" : 0.000000,
        "32" : 0.000000,
        "64" : 0.100000,
        ">=64" : 0.000000
      },
      "latency_ns" : {
        "2" : 0.000000,
        "4" : 0.000000,
        "10" : 0.000000,
        "20" : 0.000000,
        "50" : 0.000000,
        "100" : 0.000000,
        "250" : 0.000000,
        "500" : 0.000000,
        "750" : 0.000000,
        "1000" : 0.000000
      },
      "latency_us" : {
        "2" : 0.000000,
        "4" : 0.000000,
        "10" : 0.000000,
        "20" : 0.000000,
        "50" : 0.000000,
        "100" : 0.000000,
        "250" : 0.220752,
        "500" : 1.376167,
        "750" : 2.492596,
        "1000" : 4.069424
      },
      "latency_ms" : {
        "2" : 23.931813,
        "4" : 34.751665,
        "10" : 26.732403,
        "20" : 2.301854,
        "50" : 1.256907,
        "100" : 0.906403,
        "250" : 1.455367,
        "500" : 0.507357,
        "750" : 0.000000,
        "1000" : 0.000000,
        "2000" : 0.000000,
        ">=2000" : 0.000000
      },
      "latency_depth" : 40,
      "latency_target" : 0,
      "latency_percentile" : 100.000000,
      "latency_window" : 0
    }
  ],
  "disk_util" : [
    {
      "name" : "sda",
      "read_ios" : 1,
      "write_ios" : 4087,
      "read_sectors" : 8,
      "write_sectors" : 91832,
      "read_merges" : 0,
      "write_merges" : 5304,
      "read_ticks" : 0,
      "write_ticks" : 695,
      "in_queue" : 733,
      "util" : 0.097578
    }
  ]
}
