{
  "fio version" : "fio-3.39-26-ga72fe",
  "timestamp" : 1751020233,
  "timestamp_ms" : 1751020233261,
  "time" : "Fri Jun 27 10:30:33 2025",
  "global options" : {
    "ioengine" : "rbd",
    "bs" : "4k",
    "rw" : "randread",
    "direct" : "1",
    "runtime" : "5m",
    "time_based" : "",
    "group_reporting" : "",
    "ramp_time" : "30s",
    "thread" : "1",
    "iodepth" : "24",
    "clientname" : "admin",
    "pool" : "rbd"
  },
  "jobs" : [
    {
      "jobname" : "fio_test_0",
      "groupid" : 0,
      "job_start" : 1751019933154,
      "error" : 0,
      "eta" : 0,
      "elapsed" : 331,
      "job options" : {
        "max_latency" : "1s",
        "numjobs" : "1",
        "rbdname" : "fio_test_31"
      },
      "read" : {
        "io_bytes" : 197774790656,
        "io_kbytes" : 193139444,
        "bw_bytes" : 659205355,
        "bw" : 643755,
        "iops" : 160936.354243,
        "runtime" : 300020,
        "total_ios" : 48284125,
        "short_ios" : 0,
        "drop_ios" : 0,
        "slat_ns" : {
          "min" : 422,
          "max" : 121711,
          "mean" : 2169.268702,
          "stddev" : 1368.767516,
          "N" : 48284125
        },
        "clat_ns" : {
          "min" : 127947,
          "max" : 180415105,
          "mean" : 4769140.192133,
          "stddev" : 6294507.002400,
          "N" : 48284861,
          "percentile" : {
            "1.000000" : 374784,
            "5.000000" : 765952,
            "10.000000" : 1056768,
            "20.000000" : 1531904,
            "30.000000" : 2023424,
            "40.000000" : 2637824,
            "50.000000" : 3489792,
            "60.000000" : 4423680,
            "70.000000" : 5210112,
            "80.000000" : 6455296,
            "90.000000" : 8454144,
            "95.000000" : 11468800,
            "99.000000" : 30539776,
            "99.500000" : 45350912,
            "99.900000" : 80216064,
            "99.950000" : 92798976,
            "99.990000" : 123207680
          }
        },
        "lat_ns" : {
          "min" : 130198,
          "max" : 180416126,
          "mean" : 4771309.456852,
          "stddev" : 6294506.868133,
          "N" : 48284861
        },
        "bw_min" : 198512,
        "bw_max" : 840851,
        "bw_agg" : 100.000000,
        "bw_mean" : 644029.619747,
        "bw_dev" : 2378.026470,
        "bw_samples" : 19185,
        "iops_min" : 49628,
        "iops_max" : 210210,
        "iops_mean" : 161006.339087,
        "iops_stddev" : 594.506407,
        "iops_samples" : 19185
      },
      "write" : {
        "io_bytes" : 0,
        "io_kbytes" : 0,
        "bw_bytes" : 0,
        "bw" : 0,
        "iops" : 0.000000,
        "runtime" : 0,
        "total_ios" : 0,
        "short_ios" : 0,
        "drop_ios" : 0,
        "slat_ns" : {
          "min" : 0,
          "max" : 0,
          "mean" : 0.000000,
          "stddev" : 0.000000,
          "N" : 0
        },
        "clat_ns" : {
          "min" : 0,
          "max" : 0,
          "mean" : 0.000000,
          "stddev" : 0.000000,
          "N" : 0
        },
        "lat_ns" : {
          "min" : 0,
          "max" : 0,
          "mean" : 0.000000,
          "stddev" : 0.000000,
          "N" : 0
        },
        "bw_min" : 0,
        "bw_max" : 0,
        "bw_agg" : 0.000000,
        "bw_mean" : 0.000000,
        "bw_dev" : 0.000000,
        "bw_samples" : 0,
        "iops_min" : 0,
        "iops_max" : 0,
        "iops_mean" : 0.000000,
        "iops_stddev" : 0.000000,
        "iops_samples" : 0
      },
      "trim" : {
        "io_bytes" : 0,
        "io_kbytes" : 0,
        "bw_bytes" : 0,
        "bw" : 0,
        "iops" : 0.000000,
        "runtime" : 0,
        "total_ios" : 0,
        "short_ios" : 0,
        "drop_ios" : 0,
        "slat_ns" : {
          "min" : 0,
          "max" : 0,
          "mean" : 0.000000,
          "stddev" : 0.000000,
          "N" : 0
        },
        "clat_ns" : {
          "min" : 0,
          "max" : 0,
          "mean" : 0.000000,
          "stddev" : 0.000000,
          "N" : 0
        },
        "lat_ns" : {
          "min" : 0,
          "max" : 0,
          "mean" : 0.000000,
          "stddev" : 0.000000,
          "N" : 0
        },
        "bw_min" : 0,
        "bw_max" : 0,
        "bw_agg" : 0.000000,
        "bw_mean" : 0.000000,
        "bw_dev" : 0.000000,
        "bw_samples" : 0,
        "iops_min" : 0,
        "iops_max" : 0,
        "iops_mean" : 0.000000,
        "iops_stddev" : 0.000000,
        "iops_samples" : 0
      },
      "sync" : {
        "total_ios" : 0,
        "lat_ns" : {
          "min" : 0,
          "max" : 0,
          "mean" : 0.000000,
          "stddev" : 0.000000,
          "N" : 0
        }
      },
      "job_runtime" : 9600456,
      "usr_cpu" : 1.664098,
      "sys_cpu" : 1.354134,
      "ctx" : 26663222,
      "majf" : 0,
      "minf" : 208,
      "iodepth_level" : {
        "1" : 0.000000,
        "2" : 0.000000,
        "4" : 0.000000,
        "8" : 0.000000,
        "16" : 100.000000,
        "32" : 0.000000,
        ">=64" : 0.000000
      },
      "iodepth_submit" : {
        "0" : 0.000000,
        "4" : 100.000000,
        "8" : 0.000000,
        "16" : 0.000000,
        "32" : 0.000000,
        "64" : 0.000000,
        ">=64" : 0.000000
      },
      "iodepth_complete" : {
        "0" : 0.000000,
        "4" : 99.999967,
        "8" : 0.000000,
        "16" : 0.000000,
        "32" : 0.100000,
        "64" : 0.000000,
        ">=64" : 0.000000
      },
      "latency_ns" : {
        "2" : 0.000000,
        "4" : 0.000000,
        "10" : 0.000000,
        "20" : 0.000000,
        "50" : 0.000000,
        "100" : 0.000000,
        "250" : 0.000000,
        "500" : 0.000000,
        "750" : 0.000000,
        "1000" : 0.000000
      },
      "latency_us" : {
        "2" : 0.000000,
        "4" : 0.000000,
        "10" : 0.000000,
        "20" : 0.000000,
        "50" : 0.000000,
        "100" : 0.000000,
        "250" : 0.338022,
        "500" : 1.668559,
        "750" : 2.740048,
        "1000" : 4.133574
      },
      "latency_ms" : {
        "2" : 20.355100,
        "4" : 26.985644,
        "10" : 37.070865,
        "20" : 4.827096,
        "50" : 1.469893,
        "100" : 0.378325,
        "250" : 0.034398,
        "500" : 0.000000,
        "750" : 0.000000,
        "1000" : 0.000000,
        "2000" : 0.000000,
        ">=2000" : 0.000000
      },
      "latency_depth" : 24,
      "latency_target" : 0,
      "latency_percentile" : 100.000000,
      "latency_window" : 0
    }
  ],
  "disk_util" : [
    {
      "name" : "sda",
      "read_ios" : 1,
      "write_ios" : 3934,
      "read_sectors" : 8,
      "write_sectors" : 91640,
      "read_merges" : 0,
      "write_merges" : 5171,
      "read_ticks" : 0,
      "write_ticks" : 666,
      "in_queue" : 704,
      "util" : 0.086364
    }
  ]
}
