{
  "fio version" : "fio-3.39-26-ga72fe",
  "timestamp" : 1751017235,
  "timestamp_ms" : 1751017235577,
  "time" : "Fri Jun 27 09:40:35 2025",
  "global options" : {
    "ioengine" : "rbd",
    "bs" : "4k",
    "rw" : "randread",
    "direct" : "1",
    "runtime" : "5m",
    "time_based" : "",
    "group_reporting" : "",
    "ramp_time" : "30s",
    "thread" : "1",
    "iodepth" : "1",
    "clientname" : "admin",
    "pool" : "rbd"
  },
  "jobs" : [
    {
      "jobname" : "fio_test_0",
      "groupid" : 0,
      "job_start" : 1751016935325,
      "error" : 0,
      "eta" : 0,
      "elapsed" : 331,
      "job options" : {
        "max_latency" : "1s",
        "numjobs" : "1",
        "rbdname" : "fio_test_31"
      },
      "read" : {
        "io_bytes" : 156526776320,
        "io_kbytes" : 152858180,
        "bw_bytes" : 521752442,
        "bw" : 509523,
        "iops" : 127380.964127,
        "runtime" : 300002,
        "total_ios" : 38214544,
        "short_ios" : 0,
        "drop_ios" : 0,
        "slat_ns" : {
          "min" : 1362,
          "max" : 483773,
          "mean" : 2863.056390,
          "stddev" : 872.049566,
          "N" : 38214545
        },
        "clat_ns" : {
          "min" : 3431,
          "max" : 4572200,
          "mean" : 247381.011144,
          "stddev" : 65026.383904,
          "N" : 38214544,
          "percentile" : {
            "1.000000" : 160768,
            "5.000000" : 177152,
            "10.000000" : 187392,
            "20.000000" : 197632,
            "30.000000" : 207872,
            "40.000000" : 216064,
            "50.000000" : 226304,
            "60.000000" : 242688,
            "70.000000" : 264192,
            "80.000000" : 292864,
            "90.000000" : 333824,
            "95.000000" : 374784,
            "99.000000" : 460800,
            "99.500000" : 493568,
            "99.900000" : 577536,
            "99.950000" : 618496,
            "99.990000" : 757760
          }
        },
        "lat_ns" : {
          "min" : 130251,
          "max" : 4574558,
          "mean" : 250244.067507,
          "stddev" : 65045.165275,
          "N" : 38214544
        },
        "bw_min" : 496899,
        "bw_max" : 525448,
        "bw_agg" : 100.000000,
        "bw_mean" : 509638.613333,
        "bw_dev" : 106.199950,
        "bw_samples" : 19200,
        "iops_min" : 124223,
        "iops_max" : 131361,
        "iops_mean" : 127408.495000,
        "iops_stddev" : 26.561500,
        "iops_samples" : 19200
      },
      "write" : {
        "io_bytes" : 0,
        "io_kbytes" : 0,
        "bw_bytes" : 0,
        "bw" : 0,
        "iops" : 0.000000,
        "runtime" : 0,
        "total_ios" : 0,
        "short_ios" : 0,
        "drop_ios" : 0,
        "slat_ns" : {
          "min" : 0,
          "max" : 0,
          "mean" : 0.000000,
          "stddev" : 0.000000,
          "N" : 0
        },
        "clat_ns" : {
          "min" : 0,
          "max" : 0,
          "mean" : 0.000000,
          "stddev" : 0.000000,
          "N" : 0
        },
        "lat_ns" : {
          "min" : 0,
          "max" : 0,
          "mean" : 0.000000,
          "stddev" : 0.000000,
          "N" : 0
        },
        "bw_min" : 0,
        "bw_max" : 0,
        "bw_agg" : 0.000000,
        "bw_mean" : 0.000000,
        "bw_dev" : 0.000000,
        "bw_samples" : 0,
        "iops_min" : 0,
        "iops_max" : 0,
        "iops_mean" : 0.000000,
        "iops_stddev" : 0.000000,
        "iops_samples" : 0
      },
      "trim" : {
        "io_bytes" : 0,
        "io_kbytes" : 0,
        "bw_bytes" : 0,
        "bw" : 0,
        "iops" : 0.000000,
        "runtime" : 0,
        "total_ios" : 0,
        "short_ios" : 0,
        "drop_ios" : 0,
        "slat_ns" : {
          "min" : 0,
          "max" : 0,
          "mean" : 0.000000,
          "stddev" : 0.000000,
          "N" : 0
        },
        "clat_ns" : {
          "min" : 0,
          "max" : 0,
          "mean" : 0.000000,
          "stddev" : 0.000000,
          "N" : 0
        },
        "lat_ns" : {
          "min" : 0,
          "max" : 0,
          "mean" : 0.000000,
          "stddev" : 0.000000,
          "N" : 0
        },
        "bw_min" : 0,
        "bw_max" : 0,
        "bw_agg" : 0.000000,
        "bw_mean" : 0.000000,
        "bw_dev" : 0.000000,
        "bw_samples" : 0,
        "iops_min" : 0,
        "iops_max" : 0,
        "iops_mean" : 0.000000,
        "iops_stddev" : 0.000000,
        "iops_samples" : 0
      },
      "sync" : {
        "total_ios" : 0,
        "lat_ns" : {
          "min" : 0,
          "max" : 0,
          "mean" : 0.000000,
          "stddev" : 0.000000,
          "N" : 0
        }
      },
      "job_runtime" : 9600001,
      "usr_cpu" : 1.757864,
      "sys_cpu" : 1.643969,
      "ctx" : 38214991,
      "majf" : 0,
      "minf" : 547,
      "iodepth_level" : {
        "1" : 100.000000,
        "2" : 0.000000,
        "4" : 0.000000,
        "8" : 0.000000,
        "16" : 0.000000,
        "32" : 0.000000,
        ">=64" : 0.000000
      },
      "iodepth_submit" : {
        "0" : 0.000000,
        "4" : 100.000000,
        "8" : 0.000000,
        "16" : 0.000000,
        "32" : 0.000000,
        "64" : 0.000000,
        ">=64" : 0.000000
      },
      "iodepth_complete" : {
        "0" : 0.000000,
        "4" : 100.000000,
        "8" : 0.000000,
        "16" : 0.000000,
        "32" : 0.000000,
        "64" : 0.000000,
        ">=64" : 0.000000
      },
      "latency_ns" : {
        "2" : 0.000000,
        "4" : 0.000000,
        "10" : 0.000000,
        "20" : 0.000000,
        "50" : 0.000000,
        "100" : 0.000000,
        "250" : 0.000000,
        "500" : 0.000000,
        "750" : 0.000000,
        "1000" : 0.000000
      },
      "latency_us" : {
        "2" : 0.000000,
        "4" : 0.010000,
        "10" : 0.000000,
        "20" : 0.000000,
        "50" : 0.000000,
        "100" : 0.000000,
        "250" : 63.573450,
        "500" : 35.979158,
        "750" : 0.436957,
        "1000" : 0.010000
      },
      "latency_ms" : {
        "2" : 0.010000,
        "4" : 0.010000,
        "10" : 0.010000,
        "20" : 0.000000,
        "50" : 0.000000,
        "100" : 0.000000,
        "250" : 0.000000,
        "500" : 0.000000,
        "750" : 0.000000,
        "1000" : 0.000000,
        "2000" : 0.000000,
        ">=2000" : 0.000000
      },
      "latency_depth" : 1,
      "latency_target" : 0,
      "latency_percentile" : 100.000000,
      "latency_window" : 0
    }
  ],
  "disk_util" : [
    {
      "name" : "sda",
      "read_ios" : 0,
      "write_ios" : 4002,
      "read_sectors" : 0,
      "write_sectors" : 121688,
      "read_merges" : 0,
      "write_merges" : 5054,
      "read_ticks" : 0,
      "write_ticks" : 850,
      "in_queue" : 898,
      "util" : 0.114534
    }
  ]
}
