{
  "fio version" : "fio-3.39-26-ga72fe",
  "timestamp" : 1751020565,
  "timestamp_ms" : 1751020565575,
  "time" : "Fri Jun 27 10:36:05 2025",
  "global options" : {
    "ioengine" : "rbd",
    "bs" : "4k",
    "rw" : "randread",
    "direct" : "1",
    "runtime" : "5m",
    "time_based" : "",
    "group_reporting" : "",
    "ramp_time" : "30s",
    "thread" : "1",
    "iodepth" : "32",
    "clientname" : "admin",
    "pool" : "rbd"
  },
  "jobs" : [
    {
      "jobname" : "fio_test_0",
      "groupid" : 0,
      "job_start" : 1751020265458,
      "error" : 0,
      "eta" : 0,
      "elapsed" : 331,
      "job options" : {
        "max_latency" : "1s",
        "numjobs" : "1",
        "rbdname" : "fio_test_31"
      },
      "read" : {
        "io_bytes" : 192711516160,
        "io_kbytes" : 188194840,
        "bw_bytes" : 642286082,
        "bw" : 627232,
        "iops" : 156804.819357,
        "runtime" : 300040,
        "total_ios" : 47047718,
        "short_ios" : 0,
        "drop_ios" : 0,
        "slat_ns" : {
          "min" : 421,
          "max" : 721634,
          "mean" : 2254.714742,
          "stddev" : 1507.487650,
          "N" : 47047718
        },
        "clat_ns" : {
          "min" : 128391,
          "max" : 371497370,
          "mean" : 6527516.654825,
          "stddev" : 18687513.905827,
          "N" : 47048710,
          "percentile" : {
            "1.000000" : 382976,
            "5.000000" : 749568,
            "10.000000" : 1019904,
            "20.000000" : 1482752,
            "30.000000" : 1925120,
            "40.000000" : 2408448,
            "50.000000" : 2998272,
            "60.000000" : 3620864,
            "70.000000" : 4554752,
            "80.000000" : 5734400,
            "90.000000" : 7962624,
            "95.000000" : 13959168,
            "99.000000" : 108527616,
            "99.500000" : 152043520,
            "99.900000" : 221249536,
            "99.950000" : 242221056,
            "99.990000" : 287309824
          }
        },
        "lat_ns" : {
          "min" : 130845,
          "max" : 371499602,
          "mean" : 6529771.365151,
          "stddev" : 18687516.168739,
          "N" : 47048710
        },
        "bw_min" : 233363,
        "bw_max" : 831943,
        "bw_agg" : 100.000000,
        "bw_mean" : 627538.151586,
        "bw_dev" : 2258.893908,
        "bw_samples" : 19177,
        "iops_min" : 58340,
        "iops_max" : 207985,
        "iops_mean" : 156883.926630,
        "iops_stddev" : 564.724112,
        "iops_samples" : 19177
      },
      "write" : {
        "io_bytes" : 0,
        "io_kbytes" : 0,
        "bw_bytes" : 0,
        "bw" : 0,
        "iops" : 0.000000,
        "runtime" : 0,
        "total_ios" : 0,
        "short_ios" : 0,
        "drop_ios" : 0,
        "slat_ns" : {
          "min" : 0,
          "max" : 0,
          "mean" : 0.000000,
          "stddev" : 0.000000,
          "N" : 0
        },
        "clat_ns" : {
          "min" : 0,
          "max" : 0,
          "mean" : 0.000000,
          "stddev" : 0.000000,
          "N" : 0
        },
        "lat_ns" : {
          "min" : 0,
          "max" : 0,
          "mean" : 0.000000,
          "stddev" : 0.000000,
          "N" : 0
        },
        "bw_min" : 0,
        "bw_max" : 0,
        "bw_agg" : 0.000000,
        "bw_mean" : 0.000000,
        "bw_dev" : 0.000000,
        "bw_samples" : 0,
        "iops_min" : 0,
        "iops_max" : 0,
        "iops_mean" : 0.000000,
        "iops_stddev" : 0.000000,
        "iops_samples" : 0
      },
      "trim" : {
        "io_bytes" : 0,
        "io_kbytes" : 0,
        "bw_bytes" : 0,
        "bw" : 0,
        "iops" : 0.000000,
        "runtime" : 0,
        "total_ios" : 0,
        "short_ios" : 0,
        "drop_ios" : 0,
        "slat_ns" : {
          "min" : 0,
          "max" : 0,
          "mean" : 0.000000,
          "stddev" : 0.000000,
          "N" : 0
        },
        "clat_ns" : {
          "min" : 0,
          "max" : 0,
          "mean" : 0.000000,
          "stddev" : 0.000000,
          "N" : 0
        },
        "lat_ns" : {
          "min" : 0,
          "max" : 0,
          "mean" : 0.000000,
          "stddev" : 0.000000,
          "N" : 0
        },
        "bw_min" : 0,
        "bw_max" : 0,
        "bw_agg" : 0.000000,
        "bw_mean" : 0.000000,
        "bw_dev" : 0.000000,
        "bw_samples" : 0,
        "iops_min" : 0,
        "iops_max" : 0,
        "iops_mean" : 0.000000,
        "iops_stddev" : 0.000000,
        "iops_samples" : 0
      },
      "sync" : {
        "total_ios" : 0,
        "lat_ns" : {
          "min" : 0,
          "max" : 0,
          "mean" : 0.000000,
          "stddev" : 0.000000,
          "N" : 0
        }
      },
      "job_runtime" : 9601100,
      "usr_cpu" : 1.690775,
      "sys_cpu" : 1.370614,
      "ctx" : 26847691,
      "majf" : 0,
      "minf" : 556,
      "iodepth_level" : {
        "1" : 0.000000,
        "2" : 0.000000,
        "4" : 0.000000,
        "8" : 0.000000,
        "16" : 0.000000,
        "32" : 100.000000,
        ">=64" : 0.000000
      },
      "iodepth_submit" : {
        "0" : 0.000000,
        "4" : 100.000000,
        "8" : 0.000000,
        "16" : 0.000000,
        "32" : 0.000000,
        "64" : 0.000000,
        ">=64" : 0.000000
      },
      "iodepth_complete" : {
        "0" : 0.000000,
        "4" : 99.999966,
        "8" : 0.000000,
        "16" : 0.000000,
        "32" : 0.100000,
        "64" : 0.000000,
        ">=64" : 0.000000
      },
      "latency_ns" : {
        "2" : 0.000000,
        "4" : 0.000000,
        "10" : 0.000000,
        "20" : 0.000000,
        "50" : 0.000000,
        "100" : 0.000000,
        "250" : 0.000000,
        "500" : 0.000000,
        "750" : 0.000000,
        "1000" : 0.000000
      },
      "latency_us" : {
        "2" : 0.000000,
        "4" : 0.000000,
        "10" : 0.000000,
        "20" : 0.000000,
        "50" : 0.000000,
        "100" : 0.000000,
        "250" : 0.270725,
        "500" : 1.711120,
        "750" : 3.003604,
        "1000" : 4.490105
      },
      "latency_ms" : {
        "2" : 23.064991,
        "4" : 31.137557,
        "10" : 29.479553,
        "20" : 2.865093,
        "50" : 1.768787,
        "100" : 1.081145,
        "250" : 1.093018,
        "500" : 0.036410,
        "750" : 0.000000,
        "1000" : 0.000000,
        "2000" : 0.000000,
        ">=2000" : 0.000000
      },
      "latency_depth" : 32,
      "latency_target" : 0,
      "latency_percentile" : 100.000000,
      "latency_window" : 0
    }
  ],
  "disk_util" : [
    {
      "name" : "sda",
      "read_ios" : 0,
      "write_ios" : 4019,
      "read_sectors" : 0,
      "write_sectors" : 99896,
      "read_merges" : 0,
      "write_merges" : 5274,
      "read_ticks" : 0,
      "write_ticks" : 707,
      "in_queue" : 746,
      "util" : 0.097883
    }
  ]
}
