{
    "iodepth": [
        "1",
        "2",
        "4",
        "8",
        "16",
        "24",
        "32",
        "40",
        "52",
        "64"
    ],
    "iops": [
        2303.85232,
        3435.695214,
        4252.489158,
        4802.447984,
        5025.902988,
        4758.35575,
        4466.717332,
        4218.389694,
        4062.278547,
        4000.729837
    ],
    "total_ios": [
        691158,
        1030712,
        1275751,
        1440744,
        1507791,
        1427521,
        1340042,
        1265538,
        1218712,
        1068927
    ],
    "clat_ms": [
        0.425363945824,
        0.574284536572,
        0.9328837321219999,
        1.6581683701830001,
        3.175461373559,
        5.034653089617,
        7.154022708797999,
        9.470864253447,
        12.788589428207999,
        15.981104040091001
    ],
    "clat_stdev": [
        0.230943910783,
        0.31854768044000004,
        0.526514198189,
        1.0114832714889999,
        2.3068578168859997,
        5.084628566579,
        9.013572112695,
        14.310992093761001,
        23.374372602357,
        34.81752429495
    ],
    "usr_cpu": [
        2.333333,
        3.068333,
        3.574667,
        3.898654,
        4.065626,
        3.902641,
        3.649273,
        3.597285,
        3.555596,
        3.483768
    ],
    "sys_cpu": [
        1.846,
        2.402667,
        2.662,
        2.607991,
        2.395643,
        2.180652,
        2.172964,
        1.979307,
        1.893629,
        1.874003
    ],
    "OSD_cpu": [
        149.1266666666667,
        164.89000000000001,
        177.4066666666667,
        180.57666666666665,
        185.3833333333333,
        185.08666666666667,
        186.44,
        181.20999999999998,
        179.43666666666664,
        67.06333333333335,
        1.413333333333333,
        173.8366666666667
    ],
    "OSD_mem": [
        7.360000000000025,
        8.380000000000024,
        8.400000000000023,
        8.400000000000023,
        8.979999999999999,
        9.0,
        9.0,
        9.0,
        9.0,
        9.0,
        9.0,
        9.0
    ],
    "FIO_cpu": [
        24.720000000000006,
        35.166666666666664,
        40.82333333333331,
        42.263333333333286,
        41.86666666666665,
        39.38999999999995,
        37.88666666666665,
        36.06666666666665,
        34.88333333333334,
        12.023333333333339,
        0.0,
        33.70999999999999
    ],
    "FIO_mem": [
        0.0,
        0.0,
        0.0,
        0.0,
        0.0,
        0.0,
        0.0,
        0.0,
        0.0,
        0.0,
        0.0,
        0.0
    ]
}