{
  "fio version" : "fio-3.39-26-ga72fe",
  "timestamp" : 1747834830,
  "timestamp_ms" : 1747834830554,
  "time" : "Wed May 21 13:40:30 2025",
  "global options" : {
    "write_iops_log" : "sea_1osd_56reactor_32fio_bal_osd_rc_1procs_randread",
    "write_bw_log" : "sea_1osd_56reactor_32fio_bal_osd_rc_1procs_randread",
    "write_lat_log" : "sea_1osd_56reactor_32fio_bal_osd_rc_1procs_randread",
    "ioengine" : "rbd",
    "bs" : "4k",
    "rw" : "randread",
    "direct" : "1",
    "runtime" : "5m",
    "time_based" : "",
    "group_reporting" : "",
    "ramp_time" : "30s",
    "thread" : "1",
    "iodepth" : "52",
    "clientname" : "admin",
    "pool" : "rbd"
  },
  "jobs" : [
    {
      "jobname" : "fio_test_0",
      "groupid" : 0,
      "job_start" : 1747834497048,
      "error" : 0,
      "eta" : 0,
      "elapsed" : 364,
      "job options" : {
        "max_latency" : "1s",
        "numjobs" : "1",
        "rbdname" : "fio_test_31"
      },
      "read" : {
        "io_bytes" : 375618613248,
        "io_kbytes" : 366815052,
        "bw_bytes" : 1251790822,
        "bw" : 1222451,
        "iops" : 305607.551697,
        "runtime" : 300065,
        "total_ios" : 91702130,
        "short_ios" : 0,
        "drop_ios" : 0,
        "slat_ns" : {
          "min" : 428,
          "max" : 2899060,
          "mean" : 2234.390619,
          "stddev" : 1238.125946,
          "N" : 91702131
        },
        "clat_ns" : {
          "min" : 15338,
          "max" : 591907026,
          "mean" : 5399911.363902,
          "stddev" : 45211293.914491,
          "N" : 91703762,
          "percentile" : {
            "1.000000" : 214016,
            "5.000000" : 276480,
            "10.000000" : 337920,
            "20.000000" : 440320,
            "30.000000" : 544768,
            "40.000000" : 667648,
            "50.000000" : 815104,
            "60.000000" : 1028096,
            "70.000000" : 1400832,
            "80.000000" : 2023424,
            "90.000000" : 3424256,
            "95.000000" : 4145152,
            "99.000000" : 17956864,
            "99.500000" : 509607936,
            "99.900000" : 541065216,
            "99.950000" : 549453824,
            "99.990000" : 566231040
          }
        },
        "lat_ns" : {
          "min" : 135968,
          "max" : 591910304,
          "mean" : 5402145.754977,
          "stddev" : 45211295.238258,
          "N" : 91703762
        },
        "bw_min" : 194,
        "bw_max" : 1362901,
        "bw_agg" : 15.296143,
        "bw_mean" : 186988.807984,
        "bw_dev" : 3475.332692,
        "bw_samples" : 91703762,
        "iops_min" : 32,
        "iops_max" : 32,
        "iops_mean" : 32.000000,
        "iops_stddev" : 0.000000,
        "iops_samples" : 91703762
      },
      "write" : {
        "io_bytes" : 0,
        "io_kbytes" : 0,
        "bw_bytes" : 0,
        "bw" : 0,
        "iops" : 0.000000,
        "runtime" : 0,
        "total_ios" : 0,
        "short_ios" : 0,
        "drop_ios" : 0,
        "slat_ns" : {
          "min" : 0,
          "max" : 0,
          "mean" : 0.000000,
          "stddev" : 0.000000,
          "N" : 0
        },
        "clat_ns" : {
          "min" : 0,
          "max" : 0,
          "mean" : 0.000000,
          "stddev" : 0.000000,
          "N" : 0
        },
        "lat_ns" : {
          "min" : 0,
          "max" : 0,
          "mean" : 0.000000,
          "stddev" : 0.000000,
          "N" : 0
        },
        "bw_min" : 0,
        "bw_max" : 0,
        "bw_agg" : 0.000000,
        "bw_mean" : 0.000000,
        "bw_dev" : 0.000000,
        "bw_samples" : 0,
        "iops_min" : 0,
        "iops_max" : 0,
        "iops_mean" : 0.000000,
        "iops_stddev" : 0.000000,
        "iops_samples" : 0
      },
      "trim" : {
        "io_bytes" : 0,
        "io_kbytes" : 0,
        "bw_bytes" : 0,
        "bw" : 0,
        "iops" : 0.000000,
        "runtime" : 0,
        "total_ios" : 0,
        "short_ios" : 0,
        "drop_ios" : 0,
        "slat_ns" : {
          "min" : 0,
          "max" : 0,
          "mean" : 0.000000,
          "stddev" : 0.000000,
          "N" : 0
        },
        "clat_ns" : {
          "min" : 0,
          "max" : 0,
          "mean" : 0.000000,
          "stddev" : 0.000000,
          "N" : 0
        },
        "lat_ns" : {
          "min" : 0,
          "max" : 0,
          "mean" : 0.000000,
          "stddev" : 0.000000,
          "N" : 0
        },
        "bw_min" : 0,
        "bw_max" : 0,
        "bw_agg" : 0.000000,
        "bw_mean" : 0.000000,
        "bw_dev" : 0.000000,
        "bw_samples" : 0,
        "iops_min" : 0,
        "iops_max" : 0,
        "iops_mean" : 0.000000,
        "iops_stddev" : 0.000000,
        "iops_samples" : 0
      },
      "sync" : {
        "total_ios" : 0,
        "lat_ns" : {
          "min" : 0,
          "max" : 0,
          "mean" : 0.000000,
          "stddev" : 0.000000,
          "N" : 0
        }
      },
      "job_runtime" : 9601930,
      "usr_cpu" : 3.732593,
      "sys_cpu" : 2.730139,
      "ctx" : 55624939,
      "majf" : 0,
      "minf" : 675332,
      "iodepth_level" : {
        "1" : 0.100000,
        "2" : 0.100000,
        "4" : 0.100000,
        "8" : 0.100000,
        "16" : 0.100000,
        "32" : 99.987898,
        ">=64" : 0.000000
      },
      "iodepth_submit" : {
        "0" : 0.000000,
        "4" : 100.000000,
        "8" : 0.000000,
        "16" : 0.000000,
        "32" : 0.000000,
        "64" : 0.000000,
        ">=64" : 0.000000
      },
      "iodepth_complete" : {
        "0" : 0.000000,
        "4" : 99.999983,
        "8" : 0.000000,
        "16" : 0.000000,
        "32" : 0.000000,
        "64" : 0.100000,
        ">=64" : 0.000000
      },
      "latency_ns" : {
        "2" : 0.000000,
        "4" : 0.000000,
        "10" : 0.000000,
        "20" : 0.000000,
        "50" : 0.000000,
        "100" : 0.000000,
        "250" : 0.000000,
        "500" : 0.000000,
        "750" : 0.000000,
        "1000" : 0.000000
      },
      "latency_us" : {
        "2" : 0.000000,
        "4" : 0.000000,
        "10" : 0.000000,
        "20" : 0.010000,
        "50" : 0.000000,
        "100" : 0.010000,
        "250" : 3.219704,
        "500" : 22.628558,
        "750" : 20.030632,
        "1000" : 12.927847
      },
      "latency_ms" : {
        "2" : 20.627243,
        "4" : 14.420272,
        "10" : 4.942647,
        "20" : 0.238205,
        "50" : 0.146681,
        "100" : 0.023500,
        "250" : 0.010000,
        "500" : 0.199134,
        "750" : 0.591546,
        "1000" : 0.000000,
        "2000" : 0.000000,
        ">=2000" : 0.000000
      },
      "latency_depth" : 52,
      "latency_target" : 0,
      "latency_percentile" : 100.000000,
      "latency_window" : 0
    }
  ],
  "disk_util" : [
    {
      "name" : "sda",
      "read_ios" : 0,
      "write_ios" : 15972,
      "read_sectors" : 0,
      "write_sectors" : 22415376,
      "read_merges" : 0,
      "write_merges" : 9572,
      "read_ticks" : 0,
      "write_ticks" : 154366,
      "in_queue" : 155034,
      "util" : 6.139711
    }
  ]
}
