{
  "fio version" : "fio-3.39-26-ga72fe",
  "timestamp" : 1747843090,
  "timestamp_ms" : 1747843090424,
  "time" : "Wed May 21 15:58:10 2025",
  "global options" : {
    "write_iops_log" : "sea_1osd_56reactor_32fio_bal_osd_rc_1procs_seqread",
    "write_bw_log" : "sea_1osd_56reactor_32fio_bal_osd_rc_1procs_seqread",
    "write_lat_log" : "sea_1osd_56reactor_32fio_bal_osd_rc_1procs_seqread",
    "ioengine" : "rbd",
    "bs" : "64k",
    "rw" : "read",
    "direct" : "1",
    "runtime" : "5m",
    "time_based" : "",
    "group_reporting" : "",
    "ramp_time" : "30s",
    "thread" : "1",
    "iodepth" : "16",
    "clientname" : "admin",
    "pool" : "rbd"
  },
  "jobs" : [
    {
      "jobname" : "fio_test_0",
      "groupid" : 0,
      "job_start" : 1747842787165,
      "error" : 0,
      "eta" : 0,
      "elapsed" : 334,
      "job options" : {
        "max_latency" : "1s",
        "numjobs" : "1",
        "rbdname" : "fio_test_31"
      },
      "read" : {
        "io_bytes" : 561408507904,
        "io_kbytes" : 548250496,
        "bw_bytes" : 1871124683,
        "bw" : 1827270,
        "iops" : 28549.497064,
        "runtime" : 300038,
        "total_ios" : 8565934,
        "short_ios" : 0,
        "drop_ios" : 0,
        "slat_ns" : {
          "min" : 415,
          "max" : 134386,
          "mean" : 3347.098825,
          "stddev" : 2034.325579,
          "N" : 8565934
        },
        "clat_ns" : {
          "min" : 521027,
          "max" : 226545835,
          "mean" : 17919059.679567,
          "stddev" : 15614070.279695,
          "N" : 8566414,
          "percentile" : {
            "1.000000" : 1187840,
            "5.000000" : 2703360,
            "10.000000" : 4014080,
            "20.000000" : 6651904,
            "30.000000" : 8454144,
            "40.000000" : 10551296,
            "50.000000" : 13172736,
            "60.000000" : 15532032,
            "70.000000" : 20054016,
            "80.000000" : 28180480,
            "90.000000" : 39059456,
            "95.000000" : 47972352,
            "99.000000" : 73924608,
            "99.500000" : 86507520,
            "99.900000" : 119013376,
            "99.950000" : 133693440,
            "99.990000" : 160432128
          }
        },
        "lat_ns" : {
          "min" : 523719,
          "max" : 226550090,
          "mean" : 17922406.831562,
          "stddev" : 15614472.286937,
          "N" : 8566414
        },
        "bw_min" : 11432,
        "bw_max" : 3452553,
        "bw_agg" : 13.719755,
        "bw_mean" : 250697.286767,
        "bw_dev" : 9685.969459,
        "bw_samples" : 8566414,
        "iops_min" : 32,
        "iops_max" : 32,
        "iops_mean" : 32.000000,
        "iops_stddev" : 0.000000,
        "iops_samples" : 8566414
      },
      "write" : {
        "io_bytes" : 0,
        "io_kbytes" : 0,
        "bw_bytes" : 0,
        "bw" : 0,
        "iops" : 0.000000,
        "runtime" : 0,
        "total_ios" : 0,
        "short_ios" : 0,
        "drop_ios" : 0,
        "slat_ns" : {
          "min" : 0,
          "max" : 0,
          "mean" : 0.000000,
          "stddev" : 0.000000,
          "N" : 0
        },
        "clat_ns" : {
          "min" : 0,
          "max" : 0,
          "mean" : 0.000000,
          "stddev" : 0.000000,
          "N" : 0
        },
        "lat_ns" : {
          "min" : 0,
          "max" : 0,
          "mean" : 0.000000,
          "stddev" : 0.000000,
          "N" : 0
        },
        "bw_min" : 0,
        "bw_max" : 0,
        "bw_agg" : 0.000000,
        "bw_mean" : 0.000000,
        "bw_dev" : 0.000000,
        "bw_samples" : 0,
        "iops_min" : 0,
        "iops_max" : 0,
        "iops_mean" : 0.000000,
        "iops_stddev" : 0.000000,
        "iops_samples" : 0
      },
      "trim" : {
        "io_bytes" : 0,
        "io_kbytes" : 0,
        "bw_bytes" : 0,
        "bw" : 0,
        "iops" : 0.000000,
        "runtime" : 0,
        "total_ios" : 0,
        "short_ios" : 0,
        "drop_ios" : 0,
        "slat_ns" : {
          "min" : 0,
          "max" : 0,
          "mean" : 0.000000,
          "stddev" : 0.000000,
          "N" : 0
        },
        "clat_ns" : {
          "min" : 0,
          "max" : 0,
          "mean" : 0.000000,
          "stddev" : 0.000000,
          "N" : 0
        },
        "lat_ns" : {
          "min" : 0,
          "max" : 0,
          "mean" : 0.000000,
          "stddev" : 0.000000,
          "N" : 0
        },
        "bw_min" : 0,
        "bw_max" : 0,
        "bw_agg" : 0.000000,
        "bw_mean" : 0.000000,
        "bw_dev" : 0.000000,
        "bw_samples" : 0,
        "iops_min" : 0,
        "iops_max" : 0,
        "iops_mean" : 0.000000,
        "iops_stddev" : 0.000000,
        "iops_samples" : 0
      },
      "sync" : {
        "total_ios" : 0,
        "lat_ns" : {
          "min" : 0,
          "max" : 0,
          "mean" : 0.000000,
          "stddev" : 0.000000,
          "N" : 0
        }
      },
      "job_runtime" : 9600693,
      "usr_cpu" : 0.506828,
      "sys_cpu" : 0.442197,
      "ctx" : 8560112,
      "majf" : 0,
      "minf" : 436090,
      "iodepth_level" : {
        "1" : 0.100000,
        "2" : 0.100000,
        "4" : 0.100000,
        "8" : 0.100000,
        "16" : 99.955697,
        "32" : 0.000000,
        ">=64" : 0.000000
      },
      "iodepth_submit" : {
        "0" : 0.000000,
        "4" : 100.000000,
        "8" : 0.000000,
        "16" : 0.000000,
        "32" : 0.000000,
        "64" : 0.000000,
        ">=64" : 0.000000
      },
      "iodepth_complete" : {
        "0" : 0.000000,
        "4" : 99.999813,
        "8" : 0.000000,
        "16" : 0.100000,
        "32" : 0.000000,
        "64" : 0.000000,
        ">=64" : 0.000000
      },
      "latency_ns" : {
        "2" : 0.000000,
        "4" : 0.000000,
        "10" : 0.000000,
        "20" : 0.000000,
        "50" : 0.000000,
        "100" : 0.000000,
        "250" : 0.000000,
        "500" : 0.000000,
        "750" : 0.000000,
        "1000" : 0.000000
      },
      "latency_us" : {
        "2" : 0.000000,
        "4" : 0.000000,
        "10" : 0.000000,
        "20" : 0.000000,
        "50" : 0.000000,
        "100" : 0.000000,
        "250" : 0.000000,
        "500" : 0.000000,
        "750" : 0.110531,
        "1000" : 0.436602
      },
      "latency_ms" : {
        "2" : 2.310641,
        "4" : 6.928772,
        "10" : 28.030779,
        "20" : 31.984066,
        "50" : 25.898752,
        "100" : 4.063538,
        "250" : 0.241923,
        "500" : 0.000000,
        "750" : 0.000000,
        "1000" : 0.000000,
        "2000" : 0.000000,
        ">=2000" : 0.000000
      },
      "latency_depth" : 16,
      "latency_target" : 0,
      "latency_percentile" : 100.000000,
      "latency_window" : 0
    }
  ],
  "disk_util" : [
    {
      "name" : "sda",
      "read_ios" : 1,
      "write_ios" : 5234,
      "read_sectors" : 8,
      "write_sectors" : 2277672,
      "read_merges" : 0,
      "write_merges" : 6113,
      "read_ticks" : 0,
      "write_ticks" : 14628,
      "in_queue" : 14859,
      "util" : 0.749931
    }
  ]
}
