{
  "fio version" : "fio-3.39-26-ga72fe",
  "timestamp" : 1747844519,
  "timestamp_ms" : 1747844519273,
  "time" : "Wed May 21 16:21:59 2025",
  "global options" : {
    "write_iops_log" : "sea_1osd_56reactor_32fio_bal_osd_rc_1procs_seqread",
    "write_bw_log" : "sea_1osd_56reactor_32fio_bal_osd_rc_1procs_seqread",
    "write_lat_log" : "sea_1osd_56reactor_32fio_bal_osd_rc_1procs_seqread",
    "ioengine" : "rbd",
    "bs" : "64k",
    "rw" : "read",
    "direct" : "1",
    "runtime" : "5m",
    "time_based" : "",
    "group_reporting" : "",
    "ramp_time" : "30s",
    "thread" : "1",
    "iodepth" : "64",
    "clientname" : "admin",
    "pool" : "rbd"
  },
  "jobs" : [
    {
      "jobname" : "fio_test_0",
      "groupid" : 0,
      "job_start" : 1747844467952,
      "error" : 110,
      "eta" : 0,
      "elapsed" : 82,
      "job options" : {
        "max_latency" : "1s",
        "numjobs" : "1",
        "rbdname" : "fio_test_31"
      },
      "read" : {
        "io_bytes" : 3656974336,
        "io_kbytes" : 3571264,
        "bw_bytes" : 71586069,
        "bw" : 69908,
        "iops" : 1052.853088,
        "runtime" : 51085,
        "total_ios" : 53785,
        "short_ios" : 0,
        "drop_ios" : 0,
        "slat_ns" : {
          "min" : 346,
          "max" : 33466,
          "mean" : 2825.015692,
          "stddev" : 1827.867236,
          "N" : 53785
        },
        "clat_ns" : {
          "min" : 563780,
          "max" : 51577549633,
          "mean" : 1797915043.030502,
          "stddev" : 9152804550.838579,
          "N" : 55801,
          "percentile" : {
            "1.000000" : 1482752,
            "5.000000" : 3194880,
            "10.000000" : 4751360,
            "20.000000" : 7962624,
            "30.000000" : 10944512,
            "40.000000" : 14483456,
            "50.000000" : 19005440,
            "60.000000" : 25559040,
            "70.000000" : 34340864,
            "80.000000" : 56885248,
            "90.000000" : 164626432,
            "95.000000" : 287309824,
            "99.000000" : 17112760320,
            "99.500000" : 17112760320,
            "99.900000" : 17112760320,
            "99.950000" : 17112760320,
            "99.990000" : 17112760320
          }
        },
        "lat_ns" : {
          "min" : 565853,
          "max" : 51577551904,
          "mean" : 1797917885.894984,
          "stddev" : 9152804654.373087,
          "N" : 55801
        },
        "bw_min" : 32,
        "bw_max" : 1750360,
        "bw_agg" : 100.000000,
        "bw_mean" : 118363.997031,
        "bw_dev" : 8328.663659,
        "bw_samples" : 55801,
        "iops_min" : 32,
        "iops_max" : 32,
        "iops_mean" : 32.000000,
        "iops_stddev" : 0.000000,
        "iops_samples" : 55801
      },
      "write" : {
        "io_bytes" : 0,
        "io_kbytes" : 0,
        "bw_bytes" : 0,
        "bw" : 0,
        "iops" : 0.000000,
        "runtime" : 0,
        "total_ios" : 0,
        "short_ios" : 0,
        "drop_ios" : 0,
        "slat_ns" : {
          "min" : 0,
          "max" : 0,
          "mean" : 0.000000,
          "stddev" : 0.000000,
          "N" : 0
        },
        "clat_ns" : {
          "min" : 0,
          "max" : 0,
          "mean" : 0.000000,
          "stddev" : 0.000000,
          "N" : 0
        },
        "lat_ns" : {
          "min" : 0,
          "max" : 0,
          "mean" : 0.000000,
          "stddev" : 0.000000,
          "N" : 0
        },
        "bw_min" : 0,
        "bw_max" : 0,
        "bw_agg" : 0.000000,
        "bw_mean" : 0.000000,
        "bw_dev" : 0.000000,
        "bw_samples" : 0,
        "iops_min" : 0,
        "iops_max" : 0,
        "iops_mean" : 0.000000,
        "iops_stddev" : 0.000000,
        "iops_samples" : 0
      },
      "trim" : {
        "io_bytes" : 0,
        "io_kbytes" : 0,
        "bw_bytes" : 0,
        "bw" : 0,
        "iops" : 0.000000,
        "runtime" : 0,
        "total_ios" : 0,
        "short_ios" : 0,
        "drop_ios" : 0,
        "slat_ns" : {
          "min" : 0,
          "max" : 0,
          "mean" : 0.000000,
          "stddev" : 0.000000,
          "N" : 0
        },
        "clat_ns" : {
          "min" : 0,
          "max" : 0,
          "mean" : 0.000000,
          "stddev" : 0.000000,
          "N" : 0
        },
        "lat_ns" : {
          "min" : 0,
          "max" : 0,
          "mean" : 0.000000,
          "stddev" : 0.000000,
          "N" : 0
        },
        "bw_min" : 0,
        "bw_max" : 0,
        "bw_agg" : 0.000000,
        "bw_mean" : 0.000000,
        "bw_dev" : 0.000000,
        "bw_samples" : 0,
        "iops_min" : 0,
        "iops_max" : 0,
        "iops_mean" : 0.000000,
        "iops_stddev" : 0.000000,
        "iops_samples" : 0
      },
      "sync" : {
        "total_ios" : 0,
        "lat_ns" : {
          "min" : 0,
          "max" : 0,
          "mean" : 0.000000,
          "stddev" : 0.000000,
          "N" : 0
        }
      },
      "job_runtime" : 1259964,
      "usr_cpu" : 0.020794,
      "sys_cpu" : 0.018889,
      "ctx" : 55695,
      "majf" : 0,
      "minf" : 3294,
      "iodepth_level" : {
        "1" : 0.100000,
        "2" : 0.100000,
        "4" : 0.185925,
        "8" : 0.371851,
        "16" : 0.743702,
        "32" : 1.487404,
        ">=64" : 97.069815
      },
      "iodepth_submit" : {
        "0" : 0.000000,
        "4" : 100.000000,
        "8" : 0.000000,
        "16" : 0.000000,
        "32" : 0.000000,
        "64" : 0.000000,
        ">=64" : 0.000000
      },
      "iodepth_complete" : {
        "0" : 0.100000,
        "4" : 99.941502,
        "8" : 0.000000,
        "16" : 0.000000,
        "32" : 0.000000,
        "64" : 0.100000,
        ">=64" : 0.000000
      },
      "latency_ns" : {
        "2" : 0.000000,
        "4" : 0.000000,
        "10" : 0.000000,
        "20" : 0.000000,
        "50" : 0.000000,
        "100" : 0.000000,
        "250" : 0.000000,
        "500" : 0.000000,
        "750" : 0.000000,
        "1000" : 0.000000
      },
      "latency_us" : {
        "2" : 0.000000,
        "4" : 0.000000,
        "10" : 0.000000,
        "20" : 0.000000,
        "50" : 0.000000,
        "100" : 0.000000,
        "250" : 0.000000,
        "500" : 0.000000,
        "750" : 0.079948,
        "1000" : 0.206377
      },
      "latency_ms" : {
        "2" : 1.693781,
        "4" : 5.758111,
        "10" : 19.998141,
        "20" : 26.196895,
        "50" : 26.951752,
        "100" : 8.956029,
        "250" : 7.721484,
        "500" : 2.457934,
        "750" : 0.039044,
        "1000" : 0.000000,
        "2000" : 0.000000,
        ">=2000" : 3.688761
      },
      "latency_depth" : 64,
      "latency_target" : 0,
      "latency_percentile" : 100.000000,
      "latency_window" : 0
    }
  ],
  "disk_util" : [
    {
      "name" : "sda",
      "read_ios" : 6,
      "write_ios" : 1559,
      "read_sectors" : 64,
      "write_sectors" : 298144,
      "read_merges" : 0,
      "write_merges" : 1855,
      "read_ticks" : 4,
      "write_ticks" : 3450,
      "in_queue" : 3467,
      "util" : 0.454478
    }
  ]
}
