{
  "fio version" : "fio-3.39-26-ga72fe",
  "timestamp" : 1747842550,
  "timestamp_ms" : 1747842550395,
  "time" : "Wed May 21 15:49:10 2025",
  "global options" : {
    "write_iops_log" : "sea_1osd_56reactor_32fio_bal_osd_rc_1procs_seqread",
    "write_bw_log" : "sea_1osd_56reactor_32fio_bal_osd_rc_1procs_seqread",
    "write_lat_log" : "sea_1osd_56reactor_32fio_bal_osd_rc_1procs_seqread",
    "ioengine" : "rbd",
    "bs" : "64k",
    "rw" : "read",
    "direct" : "1",
    "runtime" : "5m",
    "time_based" : "",
    "group_reporting" : "",
    "ramp_time" : "30s",
    "thread" : "1",
    "iodepth" : "4",
    "clientname" : "admin",
    "pool" : "rbd"
  },
  "jobs" : [
    {
      "jobname" : "fio_test_0",
      "groupid" : 0,
      "job_start" : 1747842247391,
      "error" : 0,
      "eta" : 0,
      "elapsed" : 334,
      "job options" : {
        "max_latency" : "1s",
        "numjobs" : "1",
        "rbdname" : "fio_test_31"
      },
      "read" : {
        "io_bytes" : 502108258304,
        "io_kbytes" : 490340096,
        "bw_bytes" : 1673616092,
        "bw" : 1634390,
        "iops" : 25537.031605,
        "runtime" : 300014,
        "total_ios" : 7661467,
        "short_ios" : 0,
        "drop_ios" : 0,
        "slat_ns" : {
          "min" : 468,
          "max" : 305667,
          "mean" : 3561.485974,
          "stddev" : 2292.085462,
          "N" : 7661468
        },
        "clat_ns" : {
          "min" : 474173,
          "max" : 106585524,
          "mean" : 5006387.824645,
          "stddev" : 3415121.846753,
          "N" : 7661563,
          "percentile" : {
            "1.000000" : 1122304,
            "5.000000" : 1974272,
            "10.000000" : 2007040,
            "20.000000" : 2506752,
            "30.000000" : 2965504,
            "40.000000" : 3457024,
            "50.000000" : 3784704,
            "60.000000" : 4358144,
            "70.000000" : 5537792,
            "80.000000" : 7503872,
            "90.000000" : 9895936,
            "95.000000" : 11468800,
            "99.000000" : 16449536,
            "99.500000" : 19005440,
            "99.900000" : 25559040,
            "99.950000" : 28442624,
            "99.990000" : 39583744
          }
        },
        "lat_ns" : {
          "min" : 476379,
          "max" : 106592738,
          "mean" : 5009949.355315,
          "stddev" : 3415617.876933,
          "N" : 7661563
        },
        "bw_min" : 38996,
        "bw_max" : 3512916,
        "bw_agg" : 36.574975,
        "bw_mean" : 597778.425500,
        "bw_dev" : 10989.026143,
        "bw_samples" : 7661563,
        "iops_min" : 32,
        "iops_max" : 32,
        "iops_mean" : 32.000000,
        "iops_stddev" : 0.000000,
        "iops_samples" : 7661563
      },
      "write" : {
        "io_bytes" : 0,
        "io_kbytes" : 0,
        "bw_bytes" : 0,
        "bw" : 0,
        "iops" : 0.000000,
        "runtime" : 0,
        "total_ios" : 0,
        "short_ios" : 0,
        "drop_ios" : 0,
        "slat_ns" : {
          "min" : 0,
          "max" : 0,
          "mean" : 0.000000,
          "stddev" : 0.000000,
          "N" : 0
        },
        "clat_ns" : {
          "min" : 0,
          "max" : 0,
          "mean" : 0.000000,
          "stddev" : 0.000000,
          "N" : 0
        },
        "lat_ns" : {
          "min" : 0,
          "max" : 0,
          "mean" : 0.000000,
          "stddev" : 0.000000,
          "N" : 0
        },
        "bw_min" : 0,
        "bw_max" : 0,
        "bw_agg" : 0.000000,
        "bw_mean" : 0.000000,
        "bw_dev" : 0.000000,
        "bw_samples" : 0,
        "iops_min" : 0,
        "iops_max" : 0,
        "iops_mean" : 0.000000,
        "iops_stddev" : 0.000000,
        "iops_samples" : 0
      },
      "trim" : {
        "io_bytes" : 0,
        "io_kbytes" : 0,
        "bw_bytes" : 0,
        "bw" : 0,
        "iops" : 0.000000,
        "runtime" : 0,
        "total_ios" : 0,
        "short_ios" : 0,
        "drop_ios" : 0,
        "slat_ns" : {
          "min" : 0,
          "max" : 0,
          "mean" : 0.000000,
          "stddev" : 0.000000,
          "N" : 0
        },
        "clat_ns" : {
          "min" : 0,
          "max" : 0,
          "mean" : 0.000000,
          "stddev" : 0.000000,
          "N" : 0
        },
        "lat_ns" : {
          "min" : 0,
          "max" : 0,
          "mean" : 0.000000,
          "stddev" : 0.000000,
          "N" : 0
        },
        "bw_min" : 0,
        "bw_max" : 0,
        "bw_agg" : 0.000000,
        "bw_mean" : 0.000000,
        "bw_dev" : 0.000000,
        "bw_samples" : 0,
        "iops_min" : 0,
        "iops_max" : 0,
        "iops_mean" : 0.000000,
        "iops_stddev" : 0.000000,
        "iops_samples" : 0
      },
      "sync" : {
        "total_ios" : 0,
        "lat_ns" : {
          "min" : 0,
          "max" : 0,
          "mean" : 0.000000,
          "stddev" : 0.000000,
          "N" : 0
        }
      },
      "job_runtime" : 9600147,
      "usr_cpu" : 0.488440,
      "sys_cpu" : 0.410129,
      "ctx" : 7657370,
      "majf" : 0,
      "minf" : 391862,
      "iodepth_level" : {
        "1" : 0.100000,
        "2" : 0.100000,
        "4" : 99.991229,
        "8" : 0.000000,
        "16" : 0.000000,
        "32" : 0.000000,
        ">=64" : 0.000000
      },
      "iodepth_submit" : {
        "0" : 0.000000,
        "4" : 100.000000,
        "8" : 0.000000,
        "16" : 0.000000,
        "32" : 0.000000,
        "64" : 0.000000,
        ">=64" : 0.000000
      },
      "iodepth_complete" : {
        "0" : 0.000000,
        "4" : 100.000000,
        "8" : 0.000000,
        "16" : 0.000000,
        "32" : 0.000000,
        "64" : 0.000000,
        ">=64" : 0.000000
      },
      "latency_ns" : {
        "2" : 0.000000,
        "4" : 0.000000,
        "10" : 0.000000,
        "20" : 0.000000,
        "50" : 0.000000,
        "100" : 0.000000,
        "250" : 0.000000,
        "500" : 0.000000,
        "750" : 0.000000,
        "1000" : 0.000000
      },
      "latency_us" : {
        "2" : 0.000000,
        "4" : 0.000000,
        "10" : 0.000000,
        "20" : 0.000000,
        "50" : 0.000000,
        "100" : 0.000000,
        "250" : 0.000000,
        "500" : 0.010000,
        "750" : 0.136788,
        "1000" : 0.558209
      },
      "latency_ms" : {
        "2" : 8.901820,
        "4" : 45.936033,
        "10" : 34.800072,
        "20" : 9.290440,
        "50" : 0.375176,
        "100" : 0.010000,
        "250" : 0.010000,
        "500" : 0.000000,
        "750" : 0.000000,
        "1000" : 0.000000,
        "2000" : 0.000000,
        ">=2000" : 0.000000
      },
      "latency_depth" : 4,
      "latency_target" : 0,
      "latency_percentile" : 100.000000,
      "latency_window" : 0
    }
  ],
  "disk_util" : [
    {
      "name" : "sda",
      "read_ios" : 0,
      "write_ios" : 5159,
      "read_sectors" : 0,
      "write_sectors" : 2069248,
      "read_merges" : 0,
      "write_merges" : 6020,
      "read_ticks" : 0,
      "write_ticks" : 13183,
      "in_queue" : 13248,
      "util" : 0.678630
    }
  ]
}
