{
  "fio version" : "fio-3.39-26-ga72fe",
  "timestamp" : 1747842643,
  "timestamp_ms" : 1747842643156,
  "time" : "Wed May 21 15:50:43 2025",
  "global options" : {
    "write_iops_log" : "sea_1osd_56reactor_32fio_bal_osd_rc_1procs_seqread",
    "write_bw_log" : "sea_1osd_56reactor_32fio_bal_osd_rc_1procs_seqread",
    "write_lat_log" : "sea_1osd_56reactor_32fio_bal_osd_rc_1procs_seqread",
    "ioengine" : "rbd",
    "bs" : "64k",
    "rw" : "read",
    "direct" : "1",
    "runtime" : "5m",
    "time_based" : "",
    "group_reporting" : "",
    "ramp_time" : "30s",
    "thread" : "1",
    "iodepth" : "8",
    "clientname" : "admin",
    "pool" : "rbd"
  },
  "jobs" : [
    {
      "jobname" : "fio_test_0",
      "groupid" : 0,
      "job_start" : 1747842582654,
      "error" : 110,
      "eta" : 0,
      "elapsed" : 91,
      "job options" : {
        "max_latency" : "1s",
        "numjobs" : "1",
        "rbdname" : "fio_test_31"
      },
      "read" : {
        "io_bytes" : 26730299392,
        "io_kbytes" : 26103808,
        "bw_bytes" : 443288547,
        "bw" : 432898,
        "iops" : 6760.331675,
        "runtime" : 60300,
        "total_ios" : 407648,
        "short_ios" : 0,
        "drop_ios" : 0,
        "slat_ns" : {
          "min" : 369,
          "max" : 43658,
          "mean" : 3258.766867,
          "stddev" : 1873.509456,
          "N" : 407648
        },
        "clat_ns" : {
          "min" : 475989,
          "max" : 50399506584,
          "mean" : 37768490.214376,
          "stddev" : 1196847137.100074,
          "N" : 407872,
          "percentile" : {
            "1.000000" : 1036288,
            "5.000000" : 2179072,
            "10.000000" : 2965504,
            "20.000000" : 3555328,
            "30.000000" : 4014080,
            "40.000000" : 4816896,
            "50.000000" : 5799936,
            "60.000000" : 6914048,
            "70.000000" : 7766016,
            "80.000000" : 10551296,
            "90.000000" : 15007744,
            "95.000000" : 20054016,
            "99.000000" : 34340864,
            "99.500000" : 43778048,
            "99.900000" : 119013376,
            "99.950000" : 17112760320,
            "99.990000" : 17112760320
          }
        },
        "lat_ns" : {
          "min" : 477734,
          "max" : 50399510849,
          "mean" : 37771748.935502,
          "stddev" : 1196847136.500887,
          "N" : 407872
        },
        "bw_min" : 32,
        "bw_max" : 3566088,
        "bw_agg" : 97.320628,
        "bw_mean" : 421300.550899,
        "bw_dev" : 10634.705124,
        "bw_samples" : 407872,
        "iops_min" : 32,
        "iops_max" : 32,
        "iops_mean" : 32.000000,
        "iops_stddev" : 0.000000,
        "iops_samples" : 407872
      },
      "write" : {
        "io_bytes" : 0,
        "io_kbytes" : 0,
        "bw_bytes" : 0,
        "bw" : 0,
        "iops" : 0.000000,
        "runtime" : 0,
        "total_ios" : 0,
        "short_ios" : 0,
        "drop_ios" : 0,
        "slat_ns" : {
          "min" : 0,
          "max" : 0,
          "mean" : 0.000000,
          "stddev" : 0.000000,
          "N" : 0
        },
        "clat_ns" : {
          "min" : 0,
          "max" : 0,
          "mean" : 0.000000,
          "stddev" : 0.000000,
          "N" : 0
        },
        "lat_ns" : {
          "min" : 0,
          "max" : 0,
          "mean" : 0.000000,
          "stddev" : 0.000000,
          "N" : 0
        },
        "bw_min" : 0,
        "bw_max" : 0,
        "bw_agg" : 0.000000,
        "bw_mean" : 0.000000,
        "bw_dev" : 0.000000,
        "bw_samples" : 0,
        "iops_min" : 0,
        "iops_max" : 0,
        "iops_mean" : 0.000000,
        "iops_stddev" : 0.000000,
        "iops_samples" : 0
      },
      "trim" : {
        "io_bytes" : 0,
        "io_kbytes" : 0,
        "bw_bytes" : 0,
        "bw" : 0,
        "iops" : 0.000000,
        "runtime" : 0,
        "total_ios" : 0,
        "short_ios" : 0,
        "drop_ios" : 0,
        "slat_ns" : {
          "min" : 0,
          "max" : 0,
          "mean" : 0.000000,
          "stddev" : 0.000000,
          "N" : 0
        },
        "clat_ns" : {
          "min" : 0,
          "max" : 0,
          "mean" : 0.000000,
          "stddev" : 0.000000,
          "N" : 0
        },
        "lat_ns" : {
          "min" : 0,
          "max" : 0,
          "mean" : 0.000000,
          "stddev" : 0.000000,
          "N" : 0
        },
        "bw_min" : 0,
        "bw_max" : 0,
        "bw_agg" : 0.000000,
        "bw_mean" : 0.000000,
        "bw_dev" : 0.000000,
        "bw_samples" : 0,
        "iops_min" : 0,
        "iops_max" : 0,
        "iops_mean" : 0.000000,
        "iops_stddev" : 0.000000,
        "iops_samples" : 0
      },
      "sync" : {
        "total_ios" : 0,
        "lat_ns" : {
          "min" : 0,
          "max" : 0,
          "mean" : 0.000000,
          "stddev" : 0.000000,
          "N" : 0
        }
      },
      "job_runtime" : 1926115,
      "usr_cpu" : 0.113233,
      "sys_cpu" : 0.103628,
      "ctx" : 407616,
      "majf" : 0,
      "minf" : 24421,
      "iodepth_level" : {
        "1" : 0.100000,
        "2" : 0.100000,
        "4" : 0.100000,
        "8" : 99.828283,
        "16" : 0.000000,
        "32" : 0.000000,
        ">=64" : 0.000000
      },
      "iodepth_submit" : {
        "0" : 0.000000,
        "4" : 100.000000,
        "8" : 0.000000,
        "16" : 0.000000,
        "32" : 0.000000,
        "64" : 0.000000,
        ">=64" : 0.000000
      },
      "iodepth_complete" : {
        "0" : 0.100000,
        "4" : 99.992151,
        "8" : 0.100000,
        "16" : 0.000000,
        "32" : 0.000000,
        "64" : 0.000000,
        ">=64" : 0.000000
      },
      "latency_ns" : {
        "2" : 0.000000,
        "4" : 0.000000,
        "10" : 0.000000,
        "20" : 0.000000,
        "50" : 0.000000,
        "100" : 0.000000,
        "250" : 0.000000,
        "500" : 0.000000,
        "750" : 0.000000,
        "1000" : 0.000000
      },
      "latency_us" : {
        "2" : 0.000000,
        "4" : 0.000000,
        "10" : 0.000000,
        "20" : 0.000000,
        "50" : 0.000000,
        "100" : 0.000000,
        "250" : 0.000000,
        "500" : 0.010000,
        "750" : 0.270331,
        "1000" : 0.614501
      },
      "latency_ms" : {
        "2" : 3.260902,
        "4" : 23.483986,
        "10" : 51.188035,
        "20" : 16.106298,
        "50" : 4.771273,
        "100" : 0.136147,
        "250" : 0.159942,
        "500" : 0.000000,
        "750" : 0.000000,
        "1000" : 0.000000,
        "2000" : 0.000000,
        ">=2000" : 0.062799
      },
      "latency_depth" : 8,
      "latency_target" : 0,
      "latency_percentile" : 100.000000,
      "latency_window" : 0
    }
  ],
  "disk_util" : [
    {
      "name" : "sda",
      "read_ios" : 9,
      "write_ios" : 1588,
      "read_sectors" : 88,
      "write_sectors" : 353808,
      "read_merges" : 0,
      "write_merges" : 1853,
      "read_ticks" : 2,
      "write_ticks" : 3341,
      "in_queue" : 3356,
      "util" : 0.446256
    }
  ]
}
