{
  "fio version" : "fio-3.39-26-ga72fe",
  "timestamp" : 1747843426,
  "timestamp_ms" : 1747843426434,
  "time" : "Wed May 21 16:03:46 2025",
  "global options" : {
    "write_iops_log" : "sea_1osd_56reactor_32fio_bal_osd_rc_1procs_seqread",
    "write_bw_log" : "sea_1osd_56reactor_32fio_bal_osd_rc_1procs_seqread",
    "write_lat_log" : "sea_1osd_56reactor_32fio_bal_osd_rc_1procs_seqread",
    "ioengine" : "rbd",
    "bs" : "64k",
    "rw" : "read",
    "direct" : "1",
    "runtime" : "5m",
    "time_based" : "",
    "group_reporting" : "",
    "ramp_time" : "30s",
    "thread" : "1",
    "iodepth" : "24",
    "clientname" : "admin",
    "pool" : "rbd"
  },
  "jobs" : [
    {
      "jobname" : "fio_test_0",
      "groupid" : 0,
      "job_start" : 1747843122678,
      "error" : 0,
      "eta" : 0,
      "elapsed" : 334,
      "job options" : {
        "max_latency" : "1s",
        "numjobs" : "1",
        "rbdname" : "fio_test_31"
      },
      "read" : {
        "io_bytes" : 663807590400,
        "io_kbytes" : 648249600,
        "bw_bytes" : 2212330620,
        "bw" : 2160479,
        "iops" : 33755.033345,
        "runtime" : 300049,
        "total_ios" : 10128164,
        "short_ios" : 0,
        "drop_ios" : 0,
        "slat_ns" : {
          "min" : 429,
          "max" : 176279,
          "mean" : 3109.324977,
          "stddev" : 1632.129737,
          "N" : 10128164
        },
        "clat_ns" : {
          "min" : 562425,
          "max" : 430398398,
          "mean" : 22734126.739056,
          "stddev" : 22918761.204181,
          "N" : 10128900,
          "percentile" : {
            "1.000000" : 1220608,
            "5.000000" : 2932736,
            "10.000000" : 4079616,
            "20.000000" : 6586368,
            "30.000000" : 9502720,
            "40.000000" : 12386304,
            "50.000000" : 15663104,
            "60.000000" : 20054016,
            "70.000000" : 25034752,
            "80.000000" : 34340864,
            "90.000000" : 49545216,
            "95.000000" : 66322432,
            "99.000000" : 111673344,
            "99.500000" : 132644864,
            "99.900000" : 187695104,
            "99.950000" : 214958080,
            "99.990000" : 283115520
          }
        },
        "lat_ns" : {
          "min" : 565903,
          "max" : 430400360,
          "mean" : 22737236.058577,
          "stddev" : 22918968.529533,
          "N" : 10128900
        },
        "bw_min" : 6404,
        "bw_max" : 3486412,
        "bw_agg" : 10.679113,
        "bw_mean" : 230720.312883,
        "bw_dev" : 9522.433768,
        "bw_samples" : 10128900,
        "iops_min" : 32,
        "iops_max" : 32,
        "iops_mean" : 32.000000,
        "iops_stddev" : 0.000000,
        "iops_samples" : 10128900
      },
      "write" : {
        "io_bytes" : 0,
        "io_kbytes" : 0,
        "bw_bytes" : 0,
        "bw" : 0,
        "iops" : 0.000000,
        "runtime" : 0,
        "total_ios" : 0,
        "short_ios" : 0,
        "drop_ios" : 0,
        "slat_ns" : {
          "min" : 0,
          "max" : 0,
          "mean" : 0.000000,
          "stddev" : 0.000000,
          "N" : 0
        },
        "clat_ns" : {
          "min" : 0,
          "max" : 0,
          "mean" : 0.000000,
          "stddev" : 0.000000,
          "N" : 0
        },
        "lat_ns" : {
          "min" : 0,
          "max" : 0,
          "mean" : 0.000000,
          "stddev" : 0.000000,
          "N" : 0
        },
        "bw_min" : 0,
        "bw_max" : 0,
        "bw_agg" : 0.000000,
        "bw_mean" : 0.000000,
        "bw_dev" : 0.000000,
        "bw_samples" : 0,
        "iops_min" : 0,
        "iops_max" : 0,
        "iops_mean" : 0.000000,
        "iops_stddev" : 0.000000,
        "iops_samples" : 0
      },
      "trim" : {
        "io_bytes" : 0,
        "io_kbytes" : 0,
        "bw_bytes" : 0,
        "bw" : 0,
        "iops" : 0.000000,
        "runtime" : 0,
        "total_ios" : 0,
        "short_ios" : 0,
        "drop_ios" : 0,
        "slat_ns" : {
          "min" : 0,
          "max" : 0,
          "mean" : 0.000000,
          "stddev" : 0.000000,
          "N" : 0
        },
        "clat_ns" : {
          "min" : 0,
          "max" : 0,
          "mean" : 0.000000,
          "stddev" : 0.000000,
          "N" : 0
        },
        "lat_ns" : {
          "min" : 0,
          "max" : 0,
          "mean" : 0.000000,
          "stddev" : 0.000000,
          "N" : 0
        },
        "bw_min" : 0,
        "bw_max" : 0,
        "bw_agg" : 0.000000,
        "bw_mean" : 0.000000,
        "bw_dev" : 0.000000,
        "bw_samples" : 0,
        "iops_min" : 0,
        "iops_max" : 0,
        "iops_mean" : 0.000000,
        "iops_stddev" : 0.000000,
        "iops_samples" : 0
      },
      "sync" : {
        "total_ios" : 0,
        "lat_ns" : {
          "min" : 0,
          "max" : 0,
          "mean" : 0.000000,
          "stddev" : 0.000000,
          "N" : 0
        }
      },
      "job_runtime" : 9600935,
      "usr_cpu" : 0.551894,
      "sys_cpu" : 0.490015,
      "ctx" : 10121390,
      "majf" : 0,
      "minf" : 426439,
      "iodepth_level" : {
        "1" : 0.100000,
        "2" : 0.100000,
        "4" : 0.100000,
        "8" : 0.100000,
        "16" : 99.962086,
        "32" : 0.000000,
        ">=64" : 0.000000
      },
      "iodepth_submit" : {
        "0" : 0.000000,
        "4" : 100.000000,
        "8" : 0.000000,
        "16" : 0.000000,
        "32" : 0.000000,
        "64" : 0.000000,
        ">=64" : 0.000000
      },
      "iodepth_complete" : {
        "0" : 0.000000,
        "4" : 99.999842,
        "8" : 0.000000,
        "16" : 0.000000,
        "32" : 0.100000,
        "64" : 0.000000,
        ">=64" : 0.000000
      },
      "latency_ns" : {
        "2" : 0.000000,
        "4" : 0.000000,
        "10" : 0.000000,
        "20" : 0.000000,
        "50" : 0.000000,
        "100" : 0.000000,
        "250" : 0.000000,
        "500" : 0.000000,
        "750" : 0.000000,
        "1000" : 0.000000
      },
      "latency_us" : {
        "2" : 0.000000,
        "4" : 0.000000,
        "10" : 0.000000,
        "20" : 0.000000,
        "50" : 0.000000,
        "100" : 0.000000,
        "250" : 0.000000,
        "500" : 0.000000,
        "750" : 0.116527,
        "1000" : 0.373740
      },
      "latency_ms" : {
        "2" : 2.077938,
        "4" : 6.807759,
        "10" : 22.360894,
        "20" : 27.844237,
        "50" : 30.726062,
        "100" : 8.235905,
        "250" : 1.445780,
        "500" : 0.018424,
        "750" : 0.000000,
        "1000" : 0.000000,
        "2000" : 0.000000,
        ">=2000" : 0.000000
      },
      "latency_depth" : 24,
      "latency_target" : 0,
      "latency_percentile" : 100.000000,
      "latency_window" : 0
    }
  ],
  "disk_util" : [
    {
      "name" : "sda",
      "read_ios" : 0,
      "write_ios" : 5579,
      "read_sectors" : 0,
      "write_sectors" : 2684072,
      "read_merges" : 0,
      "write_merges" : 6298,
      "read_ticks" : 0,
      "write_ticks" : 17544,
      "in_queue" : 17647,
      "util" : 0.866668
    }
  ]
}
