{
  "fio version" : "fio-3.39-26-ga72fe",
  "timestamp" : 1747844099,
  "timestamp_ms" : 1747844099085,
  "time" : "Wed May 21 16:14:59 2025",
  "global options" : {
    "write_iops_log" : "sea_1osd_56reactor_32fio_bal_osd_rc_1procs_seqread",
    "write_bw_log" : "sea_1osd_56reactor_32fio_bal_osd_rc_1procs_seqread",
    "write_lat_log" : "sea_1osd_56reactor_32fio_bal_osd_rc_1procs_seqread",
    "ioengine" : "rbd",
    "bs" : "64k",
    "rw" : "read",
    "direct" : "1",
    "runtime" : "5m",
    "time_based" : "",
    "group_reporting" : "",
    "ramp_time" : "30s",
    "thread" : "1",
    "iodepth" : "40",
    "clientname" : "admin",
    "pool" : "rbd"
  },
  "jobs" : [
    {
      "jobname" : "fio_test_0",
      "groupid" : 0,
      "job_start" : 1747843794805,
      "error" : 0,
      "eta" : 0,
      "elapsed" : 335,
      "job options" : {
        "max_latency" : "1s",
        "numjobs" : "1",
        "rbdname" : "fio_test_31"
      },
      "read" : {
        "io_bytes" : 709983010816,
        "io_kbytes" : 693342784,
        "bw_bytes" : 2365860846,
        "bw" : 2310410,
        "iops" : 36096.009597,
        "runtime" : 300095,
        "total_ios" : 10832232,
        "short_ios" : 0,
        "drop_ios" : 0,
        "slat_ns" : {
          "min" : 363,
          "max" : 3453781,
          "mean" : 3049.582332,
          "stddev" : 1870.071702,
          "N" : 10832233
        },
        "clat_ns" : {
          "min" : 547508,
          "max" : 886757082,
          "mean" : 35413480.969516,
          "stddev" : 43103580.562025,
          "N" : 10833480,
          "percentile" : {
            "1.000000" : 1482752,
            "5.000000" : 3457024,
            "10.000000" : 5013504,
            "20.000000" : 8093696,
            "30.000000" : 11862016,
            "40.000000" : 15925248,
            "50.000000" : 21102592,
            "60.000000" : 27918336,
            "70.000000" : 37486592,
            "80.000000" : 53215232,
            "90.000000" : 81264640,
            "95.000000" : 113770496,
            "99.000000" : 210763776,
            "99.500000" : 263192576,
            "99.900000" : 396361728,
            "99.950000" : 450887680,
            "99.990000" : 574619648
          }
        },
        "lat_ns" : {
          "min" : 550193,
          "max" : 886761120,
          "mean" : 35416530.574182,
          "stddev" : 43103738.118768,
          "N" : 10833480
        },
        "bw_min" : 3311,
        "bw_max" : 3354207,
        "bw_agg" : 8.033333,
        "bw_mean" : 185603.986780,
        "bw_dev" : 8354.827931,
        "bw_samples" : 10833480,
        "iops_min" : 32,
        "iops_max" : 32,
        "iops_mean" : 32.000000,
        "iops_stddev" : 0.000000,
        "iops_samples" : 10833480
      },
      "write" : {
        "io_bytes" : 0,
        "io_kbytes" : 0,
        "bw_bytes" : 0,
        "bw" : 0,
        "iops" : 0.000000,
        "runtime" : 0,
        "total_ios" : 0,
        "short_ios" : 0,
        "drop_ios" : 0,
        "slat_ns" : {
          "min" : 0,
          "max" : 0,
          "mean" : 0.000000,
          "stddev" : 0.000000,
          "N" : 0
        },
        "clat_ns" : {
          "min" : 0,
          "max" : 0,
          "mean" : 0.000000,
          "stddev" : 0.000000,
          "N" : 0
        },
        "lat_ns" : {
          "min" : 0,
          "max" : 0,
          "mean" : 0.000000,
          "stddev" : 0.000000,
          "N" : 0
        },
        "bw_min" : 0,
        "bw_max" : 0,
        "bw_agg" : 0.000000,
        "bw_mean" : 0.000000,
        "bw_dev" : 0.000000,
        "bw_samples" : 0,
        "iops_min" : 0,
        "iops_max" : 0,
        "iops_mean" : 0.000000,
        "iops_stddev" : 0.000000,
        "iops_samples" : 0
      },
      "trim" : {
        "io_bytes" : 0,
        "io_kbytes" : 0,
        "bw_bytes" : 0,
        "bw" : 0,
        "iops" : 0.000000,
        "runtime" : 0,
        "total_ios" : 0,
        "short_ios" : 0,
        "drop_ios" : 0,
        "slat_ns" : {
          "min" : 0,
          "max" : 0,
          "mean" : 0.000000,
          "stddev" : 0.000000,
          "N" : 0
        },
        "clat_ns" : {
          "min" : 0,
          "max" : 0,
          "mean" : 0.000000,
          "stddev" : 0.000000,
          "N" : 0
        },
        "lat_ns" : {
          "min" : 0,
          "max" : 0,
          "mean" : 0.000000,
          "stddev" : 0.000000,
          "N" : 0
        },
        "bw_min" : 0,
        "bw_max" : 0,
        "bw_agg" : 0.000000,
        "bw_mean" : 0.000000,
        "bw_dev" : 0.000000,
        "bw_samples" : 0,
        "iops_min" : 0,
        "iops_max" : 0,
        "iops_mean" : 0.000000,
        "iops_stddev" : 0.000000,
        "iops_samples" : 0
      },
      "sync" : {
        "total_ios" : 0,
        "lat_ns" : {
          "min" : 0,
          "max" : 0,
          "mean" : 0.000000,
          "stddev" : 0.000000,
          "N" : 0
        }
      },
      "job_runtime" : 9601540,
      "usr_cpu" : 0.573720,
      "sys_cpu" : 0.515719,
      "ctx" : 10824297,
      "majf" : 0,
      "minf" : 419951,
      "iodepth_level" : {
        "1" : 0.100000,
        "2" : 0.100000,
        "4" : 0.100000,
        "8" : 0.100000,
        "16" : 0.100000,
        "32" : 99.926737,
        ">=64" : 0.000000
      },
      "iodepth_submit" : {
        "0" : 0.000000,
        "4" : 100.000000,
        "8" : 0.000000,
        "16" : 0.000000,
        "32" : 0.000000,
        "64" : 0.000000,
        ">=64" : 0.000000
      },
      "iodepth_complete" : {
        "0" : 0.000000,
        "4" : 99.999852,
        "8" : 0.000000,
        "16" : 0.000000,
        "32" : 0.000000,
        "64" : 0.100000,
        ">=64" : 0.000000
      },
      "latency_ns" : {
        "2" : 0.000000,
        "4" : 0.000000,
        "10" : 0.000000,
        "20" : 0.000000,
        "50" : 0.000000,
        "100" : 0.000000,
        "250" : 0.000000,
        "500" : 0.000000,
        "750" : 0.000000,
        "1000" : 0.000000
      },
      "latency_us" : {
        "2" : 0.000000,
        "4" : 0.000000,
        "10" : 0.000000,
        "20" : 0.000000,
        "50" : 0.000000,
        "100" : 0.000000,
        "250" : 0.000000,
        "500" : 0.000000,
        "750" : 0.065213,
        "1000" : 0.242166
      },
      "latency_ms" : {
        "2" : 1.508350,
        "4" : 5.127420,
        "10" : 18.355248,
        "20" : 22.801164,
        "50" : 30.236862,
        "100" : 15.051109,
        "250" : 6.040842,
        "500" : 0.555767,
        "750" : 0.026504,
        "1000" : 0.010000,
        "2000" : 0.000000,
        ">=2000" : 0.000000
      },
      "latency_depth" : 40,
      "latency_target" : 0,
      "latency_percentile" : 100.000000,
      "latency_window" : 0
    }
  ],
  "disk_util" : [
    {
      "name" : "sda",
      "read_ios" : 0,
      "write_ios" : 5807,
      "read_sectors" : 0,
      "write_sectors" : 2895240,
      "read_merges" : 0,
      "write_merges" : 6305,
      "read_ticks" : 0,
      "write_ticks" : 19159,
      "in_queue" : 19317,
      "util" : 0.927587
    }
  ]
}
