{
  "fio version" : "fio-3.39-26-ga72fe",
  "timestamp" : 1747843762,
  "timestamp_ms" : 1747843762501,
  "time" : "Wed May 21 16:09:22 2025",
  "global options" : {
    "write_iops_log" : "sea_1osd_56reactor_32fio_bal_osd_rc_1procs_seqread",
    "write_bw_log" : "sea_1osd_56reactor_32fio_bal_osd_rc_1procs_seqread",
    "write_lat_log" : "sea_1osd_56reactor_32fio_bal_osd_rc_1procs_seqread",
    "ioengine" : "rbd",
    "bs" : "64k",
    "rw" : "read",
    "direct" : "1",
    "runtime" : "5m",
    "time_based" : "",
    "group_reporting" : "",
    "ramp_time" : "30s",
    "thread" : "1",
    "iodepth" : "32",
    "clientname" : "admin",
    "pool" : "rbd"
  },
  "jobs" : [
    {
      "jobname" : "fio_test_0",
      "groupid" : 0,
      "job_start" : 1747843458702,
      "error" : 0,
      "eta" : 0,
      "elapsed" : 334,
      "job options" : {
        "max_latency" : "1s",
        "numjobs" : "1",
        "rbdname" : "fio_test_31"
      },
      "read" : {
        "io_bytes" : 671980847104,
        "io_kbytes" : 656231296,
        "bw_bytes" : 2238995778,
        "bw" : 2186519,
        "iops" : 34161.055690,
        "runtime" : 300126,
        "total_ios" : 10252621,
        "short_ios" : 0,
        "drop_ios" : 0,
        "slat_ns" : {
          "min" : 399,
          "max" : 218817,
          "mean" : 3087.428836,
          "stddev" : 1596.966647,
          "N" : 10252622
        },
        "clat_ns" : {
          "min" : 559868,
          "max" : 439455616,
          "mean" : 29941813.377465,
          "stddev" : 32414691.733287,
          "N" : 10253613,
          "percentile" : {
            "1.000000" : 1302528,
            "5.000000" : 2998272,
            "10.000000" : 4489216,
            "20.000000" : 7503872,
            "30.000000" : 10944512,
            "40.000000" : 14745600,
            "50.000000" : 19267584,
            "60.000000" : 25034752,
            "70.000000" : 32899072,
            "80.000000" : 46399488,
            "90.000000" : 67633152,
            "95.000000" : 92798976,
            "99.000000" : 156237824,
            "99.500000" : 189792256,
            "99.900000" : 258998272,
            "99.950000" : 291504128,
            "99.990000" : 362807296
          }
        },
        "lat_ns" : {
          "min" : 565398,
          "max" : 439461162,
          "mean" : 29944900.839561,
          "stddev" : 32414881.283339,
          "N" : 10253613
        },
        "bw_min" : 5245,
        "bw_max" : 3365853,
        "bw_agg" : 9.294956,
        "bw_mean" : 203236.222031,
        "bw_dev" : 9012.443009,
        "bw_samples" : 10253613,
        "iops_min" : 32,
        "iops_max" : 32,
        "iops_mean" : 32.000000,
        "iops_stddev" : 0.000000,
        "iops_samples" : 10253613
      },
      "write" : {
        "io_bytes" : 0,
        "io_kbytes" : 0,
        "bw_bytes" : 0,
        "bw" : 0,
        "iops" : 0.000000,
        "runtime" : 0,
        "total_ios" : 0,
        "short_ios" : 0,
        "drop_ios" : 0,
        "slat_ns" : {
          "min" : 0,
          "max" : 0,
          "mean" : 0.000000,
          "stddev" : 0.000000,
          "N" : 0
        },
        "clat_ns" : {
          "min" : 0,
          "max" : 0,
          "mean" : 0.000000,
          "stddev" : 0.000000,
          "N" : 0
        },
        "lat_ns" : {
          "min" : 0,
          "max" : 0,
          "mean" : 0.000000,
          "stddev" : 0.000000,
          "N" : 0
        },
        "bw_min" : 0,
        "bw_max" : 0,
        "bw_agg" : 0.000000,
        "bw_mean" : 0.000000,
        "bw_dev" : 0.000000,
        "bw_samples" : 0,
        "iops_min" : 0,
        "iops_max" : 0,
        "iops_mean" : 0.000000,
        "iops_stddev" : 0.000000,
        "iops_samples" : 0
      },
      "trim" : {
        "io_bytes" : 0,
        "io_kbytes" : 0,
        "bw_bytes" : 0,
        "bw" : 0,
        "iops" : 0.000000,
        "runtime" : 0,
        "total_ios" : 0,
        "short_ios" : 0,
        "drop_ios" : 0,
        "slat_ns" : {
          "min" : 0,
          "max" : 0,
          "mean" : 0.000000,
          "stddev" : 0.000000,
          "N" : 0
        },
        "clat_ns" : {
          "min" : 0,
          "max" : 0,
          "mean" : 0.000000,
          "stddev" : 0.000000,
          "N" : 0
        },
        "lat_ns" : {
          "min" : 0,
          "max" : 0,
          "mean" : 0.000000,
          "stddev" : 0.000000,
          "N" : 0
        },
        "bw_min" : 0,
        "bw_max" : 0,
        "bw_agg" : 0.000000,
        "bw_mean" : 0.000000,
        "bw_dev" : 0.000000,
        "bw_samples" : 0,
        "iops_min" : 0,
        "iops_max" : 0,
        "iops_mean" : 0.000000,
        "iops_stddev" : 0.000000,
        "iops_samples" : 0
      },
      "sync" : {
        "total_ios" : 0,
        "lat_ns" : {
          "min" : 0,
          "max" : 0,
          "mean" : 0.000000,
          "stddev" : 0.000000,
          "N" : 0
        }
      },
      "job_runtime" : 9601615,
      "usr_cpu" : 0.554094,
      "sys_cpu" : 0.489688,
      "ctx" : 10245656,
      "majf" : 0,
      "minf" : 410423,
      "iodepth_level" : {
        "1" : 0.100000,
        "2" : 0.100000,
        "4" : 0.100000,
        "8" : 0.100000,
        "16" : 0.100000,
        "32" : 99.922595,
        ">=64" : 0.000000
      },
      "iodepth_submit" : {
        "0" : 0.000000,
        "4" : 100.000000,
        "8" : 0.000000,
        "16" : 0.000000,
        "32" : 0.000000,
        "64" : 0.000000,
        ">=64" : 0.000000
      },
      "iodepth_complete" : {
        "0" : 0.000000,
        "4" : 99.999844,
        "8" : 0.000000,
        "16" : 0.000000,
        "32" : 0.100000,
        "64" : 0.000000,
        ">=64" : 0.000000
      },
      "latency_ns" : {
        "2" : 0.000000,
        "4" : 0.000000,
        "10" : 0.000000,
        "20" : 0.000000,
        "50" : 0.000000,
        "100" : 0.000000,
        "250" : 0.000000,
        "500" : 0.000000,
        "750" : 0.000000,
        "1000" : 0.000000
      },
      "latency_us" : {
        "2" : 0.000000,
        "4" : 0.000000,
        "10" : 0.000000,
        "20" : 0.000000,
        "50" : 0.000000,
        "100" : 0.000000,
        "250" : 0.000000,
        "500" : 0.000000,
        "750" : 0.076624,
        "1000" : 0.318953
      },
      "latency_ms" : {
        "2" : 1.842826,
        "4" : 5.884105,
        "10" : 19.369662,
        "20" : 23.926535,
        "50" : 30.711932,
        "100" : 13.820359,
        "250" : 3.936320,
        "500" : 0.122359,
        "750" : 0.000000,
        "1000" : 0.000000,
        "2000" : 0.000000,
        ">=2000" : 0.000000
      },
      "latency_depth" : 32,
      "latency_target" : 0,
      "latency_percentile" : 100.000000,
      "latency_window" : 0
    }
  ],
  "disk_util" : [
    {
      "name" : "sda",
      "read_ios" : 0,
      "write_ios" : 5754,
      "read_sectors" : 0,
      "write_sectors" : 2706352,
      "read_merges" : 0,
      "write_merges" : 6144,
      "read_ticks" : 0,
      "write_ticks" : 17802,
      "in_queue" : 17915,
      "util" : 0.874960
    }
  ]
}
