{
  "fio version" : "fio-3.39-26-ga72fe",
  "timestamp" : 1747207325,
  "timestamp_ms" : 1747207325805,
  "time" : "Wed May 14 07:22:05 2025",
  "global options" : {
    "write_iops_log" : "classic_1osd_32fio_rc_1procs_seqread",
    "write_bw_log" : "classic_1osd_32fio_rc_1procs_seqread",
    "write_lat_log" : "classic_1osd_32fio_rc_1procs_seqread",
    "ioengine" : "rbd",
    "bs" : "64k",
    "rw" : "read",
    "direct" : "1",
    "runtime" : "5m",
    "time_based" : "",
    "group_reporting" : "",
    "ramp_time" : "30s",
    "thread" : "1",
    "iodepth" : "64",
    "clientname" : "admin",
    "pool" : "rbd"
  },
  "jobs" : [
    {
      "jobname" : "fio_test_0",
      "groupid" : 0,
      "job_start" : 1747207023444,
      "error" : 110,
      "eta" : 0,
      "elapsed" : 333,
      "job options" : {
        "max_latency" : "1s",
        "numjobs" : "1",
        "rbdname" : "fio_test_31"
      },
      "read" : {
        "io_bytes" : 438643523584,
        "io_kbytes" : 428362816,
        "bw_bytes" : 1462028116,
        "bw" : 1427761,
        "iops" : 22302.059169,
        "runtime" : 300024,
        "total_ios" : 6691153,
        "short_ios" : 0,
        "drop_ios" : 0,
        "slat_ns" : {
          "min" : 415,
          "max" : 1029236,
          "mean" : 2324.745776,
          "stddev" : 2164.815400,
          "N" : 6691153
        },
        "clat_ns" : {
          "min" : 321019,
          "max" : 5378344987,
          "mean" : 18053447.682427,
          "stddev" : 50576266.095730,
          "N" : 6693169,
          "percentile" : {
            "1.000000" : 1695744,
            "5.000000" : 3588096,
            "10.000000" : 5144576,
            "20.000000" : 7438336,
            "30.000000" : 9502720,
            "40.000000" : 11468800,
            "50.000000" : 13828096,
            "60.000000" : 16580608,
            "70.000000" : 19791872,
            "80.000000" : 24510464,
            "90.000000" : 32112640,
            "95.000000" : 40632320,
            "99.000000" : 69730304,
            "99.500000" : 93847552,
            "99.900000" : 185597952,
            "99.950000" : 299892736,
            "99.990000" : 3238002688
          }
        },
        "lat_ns" : {
          "min" : 322541,
          "max" : 5378346837,
          "mean" : 18055772.745131,
          "stddev" : 50576330.900900,
          "N" : 6693169
        },
        "bw_min" : 1339,
        "bw_max" : 1844596,
        "bw_agg" : 5.034733,
        "bw_mean" : 71884.324041,
        "bw_dev" : 7707.834839,
        "bw_samples" : 6693169,
        "iops_min" : 32,
        "iops_max" : 32,
        "iops_mean" : 32.000000,
        "iops_stddev" : 0.000000,
        "iops_samples" : 6693169
      },
      "write" : {
        "io_bytes" : 0,
        "io_kbytes" : 0,
        "bw_bytes" : 0,
        "bw" : 0,
        "iops" : 0.000000,
        "runtime" : 0,
        "total_ios" : 0,
        "short_ios" : 0,
        "drop_ios" : 0,
        "slat_ns" : {
          "min" : 0,
          "max" : 0,
          "mean" : 0.000000,
          "stddev" : 0.000000,
          "N" : 0
        },
        "clat_ns" : {
          "min" : 0,
          "max" : 0,
          "mean" : 0.000000,
          "stddev" : 0.000000,
          "N" : 0
        },
        "lat_ns" : {
          "min" : 0,
          "max" : 0,
          "mean" : 0.000000,
          "stddev" : 0.000000,
          "N" : 0
        },
        "bw_min" : 0,
        "bw_max" : 0,
        "bw_agg" : 0.000000,
        "bw_mean" : 0.000000,
        "bw_dev" : 0.000000,
        "bw_samples" : 0,
        "iops_min" : 0,
        "iops_max" : 0,
        "iops_mean" : 0.000000,
        "iops_stddev" : 0.000000,
        "iops_samples" : 0
      },
      "trim" : {
        "io_bytes" : 0,
        "io_kbytes" : 0,
        "bw_bytes" : 0,
        "bw" : 0,
        "iops" : 0.000000,
        "runtime" : 0,
        "total_ios" : 0,
        "short_ios" : 0,
        "drop_ios" : 0,
        "slat_ns" : {
          "min" : 0,
          "max" : 0,
          "mean" : 0.000000,
          "stddev" : 0.000000,
          "N" : 0
        },
        "clat_ns" : {
          "min" : 0,
          "max" : 0,
          "mean" : 0.000000,
          "stddev" : 0.000000,
          "N" : 0
        },
        "lat_ns" : {
          "min" : 0,
          "max" : 0,
          "mean" : 0.000000,
          "stddev" : 0.000000,
          "N" : 0
        },
        "bw_min" : 0,
        "bw_max" : 0,
        "bw_agg" : 0.000000,
        "bw_mean" : 0.000000,
        "bw_dev" : 0.000000,
        "bw_samples" : 0,
        "iops_min" : 0,
        "iops_max" : 0,
        "iops_mean" : 0.000000,
        "iops_stddev" : 0.000000,
        "iops_samples" : 0
      },
      "sync" : {
        "total_ios" : 0,
        "lat_ns" : {
          "min" : 0,
          "max" : 0,
          "mean" : 0.000000,
          "stddev" : 0.000000,
          "N" : 0
        }
      },
      "job_runtime" : 1864242,
      "usr_cpu" : 1.215990,
      "sys_cpu" : 1.410278,
      "ctx" : 6674849,
      "majf" : 0,
      "minf" : 33156,
      "iodepth_level" : {
        "1" : 0.100000,
        "2" : 0.100000,
        "4" : 0.100000,
        "8" : 0.100000,
        "16" : 0.100000,
        "32" : 0.100000,
        ">=64" : 99.936887
      },
      "iodepth_submit" : {
        "0" : 0.000000,
        "4" : 100.000000,
        "8" : 0.000000,
        "16" : 0.000000,
        "32" : 0.000000,
        "64" : 0.000000,
        ">=64" : 0.000000
      },
      "iodepth_complete" : {
        "0" : 0.100000,
        "4" : 99.999582,
        "8" : 0.000000,
        "16" : 0.000000,
        "32" : 0.000000,
        "64" : 0.100000,
        ">=64" : 0.000000
      },
      "latency_ns" : {
        "2" : 0.000000,
        "4" : 0.000000,
        "10" : 0.000000,
        "20" : 0.000000,
        "50" : 0.000000,
        "100" : 0.000000,
        "250" : 0.000000,
        "500" : 0.000000,
        "750" : 0.000000,
        "1000" : 0.000000
      },
      "latency_us" : {
        "2" : 0.000000,
        "4" : 0.000000,
        "10" : 0.000000,
        "20" : 0.000000,
        "50" : 0.000000,
        "100" : 0.000000,
        "250" : 0.000000,
        "500" : 0.020729,
        "750" : 0.085038,
        "1000" : 0.152754
      },
      "latency_ms" : {
        "2" : 1.193322,
        "4" : 4.748748,
        "10" : 26.668662,
        "20" : 37.537118,
        "50" : 27.031963,
        "100" : 2.158970,
        "250" : 0.373000,
        "500" : 0.026961,
        "750" : 0.010000,
        "1000" : 0.010000,
        "2000" : 0.010000,
        ">=2000" : 0.017516
      },
      "latency_depth" : 64,
      "latency_target" : 0,
      "latency_percentile" : 100.000000,
      "latency_window" : 0
    }
  ],
  "disk_util" : [
    {
      "name" : "sda",
      "read_ios" : 0,
      "write_ios" : 6073,
      "read_sectors" : 0,
      "write_sectors" : 1764472,
      "read_merges" : 0,
      "write_merges" : 5474,
      "read_ticks" : 0,
      "write_ticks" : 11385,
      "in_queue" : 11444,
      "util" : 0.589048
    }
  ]
}
