{
  "fio version" : "fio-3.39-26-ga72fe",
  "timestamp" : 1747205651,
  "timestamp_ms" : 1747205651992,
  "time" : "Wed May 14 06:54:11 2025",
  "global options" : {
    "write_iops_log" : "classic_1osd_32fio_rc_1procs_seqread",
    "write_bw_log" : "classic_1osd_32fio_rc_1procs_seqread",
    "write_lat_log" : "classic_1osd_32fio_rc_1procs_seqread",
    "ioengine" : "rbd",
    "bs" : "64k",
    "rw" : "read",
    "direct" : "1",
    "runtime" : "5m",
    "time_based" : "",
    "group_reporting" : "",
    "ramp_time" : "30s",
    "thread" : "1",
    "iodepth" : "16",
    "clientname" : "admin",
    "pool" : "rbd"
  },
  "jobs" : [
    {
      "jobname" : "fio_test_0",
      "groupid" : 0,
      "job_start" : 1747205349455,
      "error" : 0,
      "eta" : 0,
      "elapsed" : 333,
      "job options" : {
        "max_latency" : "1s",
        "numjobs" : "1",
        "rbdname" : "fio_test_31"
      },
      "read" : {
        "io_bytes" : 545349763072,
        "io_kbytes" : 532568128,
        "bw_bytes" : 1817572024,
        "bw" : 1774972,
        "iops" : 27732.348363,
        "runtime" : 300043,
        "total_ios" : 8320897,
        "short_ios" : 0,
        "drop_ios" : 0,
        "slat_ns" : {
          "min" : 383,
          "max" : 110729,
          "mean" : 2826.170122,
          "stddev" : 2380.010110,
          "N" : 8320897
        },
        "clat_ns" : {
          "min" : 179456,
          "max" : 967574936,
          "mean" : 18433198.200772,
          "stddev" : 31369266.632987,
          "N" : 8321377,
          "percentile" : {
            "1.000000" : 1548288,
            "5.000000" : 3129344,
            "10.000000" : 4227072,
            "20.000000" : 5079040,
            "30.000000" : 6914048,
            "40.000000" : 8978432,
            "50.000000" : 11206656,
            "60.000000" : 14090240,
            "70.000000" : 17694720,
            "80.000000" : 22675456,
            "90.000000" : 32374784,
            "95.000000" : 47972352,
            "99.000000" : 168820736,
            "99.500000" : 242221056,
            "99.900000" : 383778816,
            "99.950000" : 434110464,
            "99.990000" : 549453824
          }
        },
        "lat_ns" : {
          "min" : 181433,
          "max" : 967576594,
          "mean" : 18436024.392032,
          "stddev" : 31369383.724647,
          "N" : 8321377
        },
        "bw_min" : 3239,
        "bw_max" : 6187462,
        "bw_agg" : 14.986766,
        "bw_mean" : 266011.810274,
        "bw_dev" : 8778.657816,
        "bw_samples" : 8321377,
        "iops_min" : 32,
        "iops_max" : 32,
        "iops_mean" : 32.000000,
        "iops_stddev" : 0.000000,
        "iops_samples" : 8321377
      },
      "write" : {
        "io_bytes" : 0,
        "io_kbytes" : 0,
        "bw_bytes" : 0,
        "bw" : 0,
        "iops" : 0.000000,
        "runtime" : 0,
        "total_ios" : 0,
        "short_ios" : 0,
        "drop_ios" : 0,
        "slat_ns" : {
          "min" : 0,
          "max" : 0,
          "mean" : 0.000000,
          "stddev" : 0.000000,
          "N" : 0
        },
        "clat_ns" : {
          "min" : 0,
          "max" : 0,
          "mean" : 0.000000,
          "stddev" : 0.000000,
          "N" : 0
        },
        "lat_ns" : {
          "min" : 0,
          "max" : 0,
          "mean" : 0.000000,
          "stddev" : 0.000000,
          "N" : 0
        },
        "bw_min" : 0,
        "bw_max" : 0,
        "bw_agg" : 0.000000,
        "bw_mean" : 0.000000,
        "bw_dev" : 0.000000,
        "bw_samples" : 0,
        "iops_min" : 0,
        "iops_max" : 0,
        "iops_mean" : 0.000000,
        "iops_stddev" : 0.000000,
        "iops_samples" : 0
      },
      "trim" : {
        "io_bytes" : 0,
        "io_kbytes" : 0,
        "bw_bytes" : 0,
        "bw" : 0,
        "iops" : 0.000000,
        "runtime" : 0,
        "total_ios" : 0,
        "short_ios" : 0,
        "drop_ios" : 0,
        "slat_ns" : {
          "min" : 0,
          "max" : 0,
          "mean" : 0.000000,
          "stddev" : 0.000000,
          "N" : 0
        },
        "clat_ns" : {
          "min" : 0,
          "max" : 0,
          "mean" : 0.000000,
          "stddev" : 0.000000,
          "N" : 0
        },
        "lat_ns" : {
          "min" : 0,
          "max" : 0,
          "mean" : 0.000000,
          "stddev" : 0.000000,
          "N" : 0
        },
        "bw_min" : 0,
        "bw_max" : 0,
        "bw_agg" : 0.000000,
        "bw_mean" : 0.000000,
        "bw_dev" : 0.000000,
        "bw_samples" : 0,
        "iops_min" : 0,
        "iops_max" : 0,
        "iops_mean" : 0.000000,
        "iops_stddev" : 0.000000,
        "iops_samples" : 0
      },
      "sync" : {
        "total_ios" : 0,
        "lat_ns" : {
          "min" : 0,
          "max" : 0,
          "mean" : 0.000000,
          "stddev" : 0.000000,
          "N" : 0
        }
      },
      "job_runtime" : 9600565,
      "usr_cpu" : 0.397487,
      "sys_cpu" : 0.364166,
      "ctx" : 8308891,
      "majf" : 0,
      "minf" : 315270,
      "iodepth_level" : {
        "1" : 0.100000,
        "2" : 0.100000,
        "4" : 0.100000,
        "8" : 0.100000,
        "16" : 99.956735,
        "32" : 0.000000,
        ">=64" : 0.000000
      },
      "iodepth_submit" : {
        "0" : 0.000000,
        "4" : 100.000000,
        "8" : 0.000000,
        "16" : 0.000000,
        "32" : 0.000000,
        "64" : 0.000000,
        ">=64" : 0.000000
      },
      "iodepth_complete" : {
        "0" : 0.000000,
        "4" : 99.999808,
        "8" : 0.000000,
        "16" : 0.100000,
        "32" : 0.000000,
        "64" : 0.000000,
        ">=64" : 0.000000
      },
      "latency_ns" : {
        "2" : 0.000000,
        "4" : 0.000000,
        "10" : 0.000000,
        "20" : 0.000000,
        "50" : 0.000000,
        "100" : 0.000000,
        "250" : 0.000000,
        "500" : 0.000000,
        "750" : 0.000000,
        "1000" : 0.000000
      },
      "latency_us" : {
        "2" : 0.000000,
        "4" : 0.000000,
        "10" : 0.000000,
        "20" : 0.000000,
        "50" : 0.000000,
        "100" : 0.000000,
        "250" : 0.010000,
        "500" : 0.031643,
        "750" : 0.104520,
        "1000" : 0.183418
      },
      "latency_ms" : {
        "2" : 1.541480,
        "4" : 6.712497,
        "10" : 36.204847,
        "20" : 30.533691,
        "50" : 20.039534,
        "100" : 2.710741,
        "250" : 1.485849,
        "500" : 0.435410,
        "750" : 0.021428,
        "1000" : 0.010000,
        "2000" : 0.000000,
        ">=2000" : 0.000000
      },
      "latency_depth" : 16,
      "latency_target" : 0,
      "latency_percentile" : 100.000000,
      "latency_window" : 0
    }
  ],
  "disk_util" : [
    {
      "name" : "sda",
      "read_ios" : 0,
      "write_ios" : 5604,
      "read_sectors" : 0,
      "write_sectors" : 2229808,
      "read_merges" : 0,
      "write_merges" : 5733,
      "read_ticks" : 0,
      "write_ticks" : 15592,
      "in_queue" : 15829,
      "util" : 0.732282
    }
  ]
}
