{
  "fio version" : "fio-3.39-26-ga72fe",
  "timestamp" : 1747204647,
  "timestamp_ms" : 1747204647096,
  "time" : "Wed May 14 06:37:27 2025",
  "global options" : {
    "write_iops_log" : "classic_1osd_32fio_rc_1procs_seqread",
    "write_bw_log" : "classic_1osd_32fio_rc_1procs_seqread",
    "write_lat_log" : "classic_1osd_32fio_rc_1procs_seqread",
    "ioengine" : "rbd",
    "bs" : "64k",
    "rw" : "read",
    "direct" : "1",
    "runtime" : "5m",
    "time_based" : "",
    "group_reporting" : "",
    "ramp_time" : "30s",
    "thread" : "1",
    "iodepth" : "2",
    "clientname" : "admin",
    "pool" : "rbd"
  },
  "jobs" : [
    {
      "jobname" : "fio_test_0",
      "groupid" : 0,
      "job_start" : 1747204344093,
      "error" : 0,
      "eta" : 0,
      "elapsed" : 334,
      "job options" : {
        "max_latency" : "1s",
        "numjobs" : "1",
        "rbdname" : "fio_test_31"
      },
      "read" : {
        "io_bytes" : 655604973568,
        "io_kbytes" : 640239232,
        "bw_bytes" : 2185328058,
        "bw" : 2134109,
        "iops" : 33345.353213,
        "runtime" : 300003,
        "total_ios" : 10003706,
        "short_ios" : 0,
        "drop_ios" : 0,
        "slat_ns" : {
          "min" : 615,
          "max" : 1032502,
          "mean" : 2792.695835,
          "stddev" : 1525.301824,
          "N" : 10003706
        },
        "clat_ns" : {
          "min" : 310314,
          "max" : 11586604,
          "mean" : 1915110.000190,
          "stddev" : 1173875.379160,
          "N" : 10003738,
          "percentile" : {
            "1.000000" : 518144,
            "5.000000" : 602112,
            "10.000000" : 667648,
            "20.000000" : 798720,
            "30.000000" : 1138688,
            "40.000000" : 1384448,
            "50.000000" : 1630208,
            "60.000000" : 1974272,
            "70.000000" : 2310144,
            "80.000000" : 2801664,
            "90.000000" : 3555328,
            "95.000000" : 4227072,
            "99.000000" : 5537792,
            "99.500000" : 5996544,
            "99.900000" : 6914048,
            "99.950000" : 7176192,
            "99.990000" : 7897088
          }
        },
        "lat_ns" : {
          "min" : 312049,
          "max" : 11589737,
          "mean" : 1917902.696274,
          "stddev" : 1174058.956578,
          "N" : 10003738
        },
        "bw_min" : 202231,
        "bw_max" : 6209185,
        "bw_agg" : 74.214142,
        "bw_mean" : 1583811.297068,
        "bw_dev" : 30364.599612,
        "bw_samples" : 10003738,
        "iops_min" : 32,
        "iops_max" : 32,
        "iops_mean" : 32.000000,
        "iops_stddev" : 0.000000,
        "iops_samples" : 10003738
      },
      "write" : {
        "io_bytes" : 0,
        "io_kbytes" : 0,
        "bw_bytes" : 0,
        "bw" : 0,
        "iops" : 0.000000,
        "runtime" : 0,
        "total_ios" : 0,
        "short_ios" : 0,
        "drop_ios" : 0,
        "slat_ns" : {
          "min" : 0,
          "max" : 0,
          "mean" : 0.000000,
          "stddev" : 0.000000,
          "N" : 0
        },
        "clat_ns" : {
          "min" : 0,
          "max" : 0,
          "mean" : 0.000000,
          "stddev" : 0.000000,
          "N" : 0
        },
        "lat_ns" : {
          "min" : 0,
          "max" : 0,
          "mean" : 0.000000,
          "stddev" : 0.000000,
          "N" : 0
        },
        "bw_min" : 0,
        "bw_max" : 0,
        "bw_agg" : 0.000000,
        "bw_mean" : 0.000000,
        "bw_dev" : 0.000000,
        "bw_samples" : 0,
        "iops_min" : 0,
        "iops_max" : 0,
        "iops_mean" : 0.000000,
        "iops_stddev" : 0.000000,
        "iops_samples" : 0
      },
      "trim" : {
        "io_bytes" : 0,
        "io_kbytes" : 0,
        "bw_bytes" : 0,
        "bw" : 0,
        "iops" : 0.000000,
        "runtime" : 0,
        "total_ios" : 0,
        "short_ios" : 0,
        "drop_ios" : 0,
        "slat_ns" : {
          "min" : 0,
          "max" : 0,
          "mean" : 0.000000,
          "stddev" : 0.000000,
          "N" : 0
        },
        "clat_ns" : {
          "min" : 0,
          "max" : 0,
          "mean" : 0.000000,
          "stddev" : 0.000000,
          "N" : 0
        },
        "lat_ns" : {
          "min" : 0,
          "max" : 0,
          "mean" : 0.000000,
          "stddev" : 0.000000,
          "N" : 0
        },
        "bw_min" : 0,
        "bw_max" : 0,
        "bw_agg" : 0.000000,
        "bw_mean" : 0.000000,
        "bw_dev" : 0.000000,
        "bw_samples" : 0,
        "iops_min" : 0,
        "iops_max" : 0,
        "iops_mean" : 0.000000,
        "iops_stddev" : 0.000000,
        "iops_samples" : 0
      },
      "sync" : {
        "total_ios" : 0,
        "lat_ns" : {
          "min" : 0,
          "max" : 0,
          "mean" : 0.000000,
          "stddev" : 0.000000,
          "N" : 0
        }
      },
      "job_runtime" : 9600032,
      "usr_cpu" : 0.489884,
      "sys_cpu" : 0.433134,
      "ctx" : 10003311,
      "majf" : 0,
      "minf" : 428617,
      "iodepth_level" : {
        "1" : 0.100000,
        "2" : 99.997441,
        "4" : 0.000000,
        "8" : 0.000000,
        "16" : 0.000000,
        "32" : 0.000000,
        ">=64" : 0.000000
      },
      "iodepth_submit" : {
        "0" : 0.000000,
        "4" : 100.000000,
        "8" : 0.000000,
        "16" : 0.000000,
        "32" : 0.000000,
        "64" : 0.000000,
        ">=64" : 0.000000
      },
      "iodepth_complete" : {
        "0" : 0.000000,
        "4" : 100.000000,
        "8" : 0.000000,
        "16" : 0.000000,
        "32" : 0.000000,
        "64" : 0.000000,
        ">=64" : 0.000000
      },
      "latency_ns" : {
        "2" : 0.000000,
        "4" : 0.000000,
        "10" : 0.000000,
        "20" : 0.000000,
        "50" : 0.000000,
        "100" : 0.000000,
        "250" : 0.000000,
        "500" : 0.000000,
        "750" : 0.000000,
        "1000" : 0.000000
      },
      "latency_us" : {
        "2" : 0.000000,
        "4" : 0.000000,
        "10" : 0.000000,
        "20" : 0.000000,
        "50" : 0.000000,
        "100" : 0.000000,
        "250" : 0.000000,
        "500" : 0.618971,
        "750" : 16.347242,
        "1000" : 9.017098
      },
      "latency_ms" : {
        "2" : 34.894628,
        "4" : 32.711767,
        "10" : 6.410094,
        "20" : 0.010000,
        "50" : 0.000000,
        "100" : 0.000000,
        "250" : 0.000000,
        "500" : 0.000000,
        "750" : 0.000000,
        "1000" : 0.000000,
        "2000" : 0.000000,
        ">=2000" : 0.000000
      },
      "latency_depth" : 2,
      "latency_target" : 0,
      "latency_percentile" : 100.000000,
      "latency_window" : 0
    }
  ],
  "disk_util" : [
    {
      "name" : "sda",
      "read_ios" : 0,
      "write_ios" : 7137,
      "read_sectors" : 0,
      "write_sectors" : 5102464,
      "read_merges" : 0,
      "write_merges" : 5702,
      "read_ticks" : 0,
      "write_ticks" : 34009,
      "in_queue" : 34172,
      "util" : 1.560274
    }
  ]
}
