{
  "fio version" : "fio-3.39-26-ga72fe",
  "timestamp" : 1747206656,
  "timestamp_ms" : 1747206656039,
  "time" : "Wed May 14 07:10:56 2025",
  "global options" : {
    "write_iops_log" : "classic_1osd_32fio_rc_1procs_seqread",
    "write_bw_log" : "classic_1osd_32fio_rc_1procs_seqread",
    "write_lat_log" : "classic_1osd_32fio_rc_1procs_seqread",
    "ioengine" : "rbd",
    "bs" : "64k",
    "rw" : "read",
    "direct" : "1",
    "runtime" : "5m",
    "time_based" : "",
    "group_reporting" : "",
    "ramp_time" : "30s",
    "thread" : "1",
    "iodepth" : "40",
    "clientname" : "admin",
    "pool" : "rbd"
  },
  "jobs" : [
    {
      "jobname" : "fio_test_0",
      "groupid" : 0,
      "job_start" : 1747206353891,
      "error" : 110,
      "eta" : 0,
      "elapsed" : 333,
      "job options" : {
        "max_latency" : "1s",
        "numjobs" : "1",
        "rbdname" : "fio_test_31"
      },
      "read" : {
        "io_bytes" : 476550332416,
        "io_kbytes" : 465381184,
        "bw_bytes" : 1588395215,
        "bw" : 1551167,
        "iops" : 24232.827811,
        "runtime" : 300020,
        "total_ios" : 7270333,
        "short_ios" : 0,
        "drop_ios" : 0,
        "slat_ns" : {
          "min" : 392,
          "max" : 755770,
          "mean" : 2554.470559,
          "stddev" : 2520.503193,
          "N" : 7270333
        },
        "clat_ns" : {
          "min" : 314546,
          "max" : 2773274137,
          "mean" : 17327527.663645,
          "stddev" : 27109920.847651,
          "N" : 7271581,
          "percentile" : {
            "1.000000" : 1630208,
            "5.000000" : 3325952,
            "10.000000" : 4685824,
            "20.000000" : 6914048,
            "30.000000" : 8847360,
            "40.000000" : 10551296,
            "50.000000" : 12517376,
            "60.000000" : 15269888,
            "70.000000" : 18743296,
            "80.000000" : 23461888,
            "90.000000" : 31326208,
            "95.000000" : 40632320,
            "99.000000" : 80216064,
            "99.500000" : 115867648,
            "99.900000" : 333447168,
            "99.950000" : 480247808,
            "99.990000" : 985661440
          }
        },
        "lat_ns" : {
          "min" : 316600,
          "max" : 2773275915,
          "mean" : 17330082.250048,
          "stddev" : 27110088.608534,
          "N" : 7271581
        },
        "bw_min" : 1845,
        "bw_max" : 3585726,
        "bw_agg" : 9.730157,
        "bw_mean" : 150931.754443,
        "bw_dev" : 8087.067528,
        "bw_samples" : 7271581,
        "iops_min" : 32,
        "iops_max" : 32,
        "iops_mean" : 32.000000,
        "iops_stddev" : 0.000000,
        "iops_samples" : 7271581
      },
      "write" : {
        "io_bytes" : 0,
        "io_kbytes" : 0,
        "bw_bytes" : 0,
        "bw" : 0,
        "iops" : 0.000000,
        "runtime" : 0,
        "total_ios" : 0,
        "short_ios" : 0,
        "drop_ios" : 0,
        "slat_ns" : {
          "min" : 0,
          "max" : 0,
          "mean" : 0.000000,
          "stddev" : 0.000000,
          "N" : 0
        },
        "clat_ns" : {
          "min" : 0,
          "max" : 0,
          "mean" : 0.000000,
          "stddev" : 0.000000,
          "N" : 0
        },
        "lat_ns" : {
          "min" : 0,
          "max" : 0,
          "mean" : 0.000000,
          "stddev" : 0.000000,
          "N" : 0
        },
        "bw_min" : 0,
        "bw_max" : 0,
        "bw_agg" : 0.000000,
        "bw_mean" : 0.000000,
        "bw_dev" : 0.000000,
        "bw_samples" : 0,
        "iops_min" : 0,
        "iops_max" : 0,
        "iops_mean" : 0.000000,
        "iops_stddev" : 0.000000,
        "iops_samples" : 0
      },
      "trim" : {
        "io_bytes" : 0,
        "io_kbytes" : 0,
        "bw_bytes" : 0,
        "bw" : 0,
        "iops" : 0.000000,
        "runtime" : 0,
        "total_ios" : 0,
        "short_ios" : 0,
        "drop_ios" : 0,
        "slat_ns" : {
          "min" : 0,
          "max" : 0,
          "mean" : 0.000000,
          "stddev" : 0.000000,
          "N" : 0
        },
        "clat_ns" : {
          "min" : 0,
          "max" : 0,
          "mean" : 0.000000,
          "stddev" : 0.000000,
          "N" : 0
        },
        "lat_ns" : {
          "min" : 0,
          "max" : 0,
          "mean" : 0.000000,
          "stddev" : 0.000000,
          "N" : 0
        },
        "bw_min" : 0,
        "bw_max" : 0,
        "bw_agg" : 0.000000,
        "bw_mean" : 0.000000,
        "bw_dev" : 0.000000,
        "bw_samples" : 0,
        "iops_min" : 0,
        "iops_max" : 0,
        "iops_mean" : 0.000000,
        "iops_stddev" : 0.000000,
        "iops_samples" : 0
      },
      "sync" : {
        "total_ios" : 0,
        "lat_ns" : {
          "min" : 0,
          "max" : 0,
          "mean" : 0.000000,
          "stddev" : 0.000000,
          "N" : 0
        }
      },
      "job_runtime" : 3157267,
      "usr_cpu" : 0.889789,
      "sys_cpu" : 0.942936,
      "ctx" : 7247299,
      "majf" : 0,
      "minf" : 156577,
      "iodepth_level" : {
        "1" : 0.100000,
        "2" : 0.100000,
        "4" : 0.100000,
        "8" : 0.100000,
        "16" : 0.100000,
        "32" : 99.946674,
        ">=64" : 0.000000
      },
      "iodepth_submit" : {
        "0" : 0.000000,
        "4" : 100.000000,
        "8" : 0.000000,
        "16" : 0.000000,
        "32" : 0.000000,
        "64" : 0.000000,
        ">=64" : 0.000000
      },
      "iodepth_complete" : {
        "0" : 0.100000,
        "4" : 99.999642,
        "8" : 0.000000,
        "16" : 0.000000,
        "32" : 0.000000,
        "64" : 0.100000,
        ">=64" : 0.000000
      },
      "latency_ns" : {
        "2" : 0.000000,
        "4" : 0.000000,
        "10" : 0.000000,
        "20" : 0.000000,
        "50" : 0.000000,
        "100" : 0.000000,
        "250" : 0.000000,
        "500" : 0.000000,
        "750" : 0.000000,
        "1000" : 0.000000
      },
      "latency_us" : {
        "2" : 0.000000,
        "4" : 0.000000,
        "10" : 0.000000,
        "20" : 0.000000,
        "50" : 0.000000,
        "100" : 0.000000,
        "250" : 0.000000,
        "500" : 0.024070,
        "750" : 0.088758,
        "1000" : 0.161973
      },
      "latency_ms" : {
        "2" : 1.343721,
        "4" : 5.712682,
        "10" : 28.830330,
        "20" : 36.973451,
        "50" : 23.898410,
        "100" : 2.333387,
        "250" : 0.495191,
        "500" : 0.108042,
        "750" : 0.029957,
        "1000" : 0.010000,
        "2000" : 0.010000,
        ">=2000" : 0.010000
      },
      "latency_depth" : 40,
      "latency_target" : 0,
      "latency_percentile" : 100.000000,
      "latency_window" : 0
    }
  ],
  "disk_util" : [
    {
      "name" : "sda",
      "read_ios" : 0,
      "write_ios" : 6211,
      "read_sectors" : 0,
      "write_sectors" : 1970760,
      "read_merges" : 0,
      "write_merges" : 5717,
      "read_ticks" : 0,
      "write_ticks" : 13801,
      "in_queue" : 13853,
      "util" : 0.663191
    }
  ]
}
