{
  "fio version" : "fio-3.39-26-ga72fe",
  "timestamp" : 1747204311,
  "timestamp_ms" : 1747204311789,
  "time" : "Wed May 14 06:31:51 2025",
  "global options" : {
    "write_iops_log" : "classic_1osd_32fio_rc_1procs_seqread",
    "write_bw_log" : "classic_1osd_32fio_rc_1procs_seqread",
    "write_lat_log" : "classic_1osd_32fio_rc_1procs_seqread",
    "ioengine" : "rbd",
    "bs" : "64k",
    "rw" : "read",
    "direct" : "1",
    "runtime" : "5m",
    "time_based" : "",
    "group_reporting" : "",
    "ramp_time" : "30s",
    "thread" : "1",
    "iodepth" : "1",
    "clientname" : "admin",
    "pool" : "rbd"
  },
  "jobs" : [
    {
      "jobname" : "fio_test_0",
      "groupid" : 0,
      "job_start" : 1747204010537,
      "error" : 0,
      "eta" : 0,
      "elapsed" : 332,
      "job options" : {
        "max_latency" : "1s",
        "numjobs" : "1",
        "rbdname" : "fio_test_31"
      },
      "read" : {
        "io_bytes" : 659212009472,
        "io_kbytes" : 643761728,
        "bw_bytes" : 2197358715,
        "bw" : 2145858,
        "iops" : 33529.033140,
        "runtime" : 300002,
        "total_ios" : 10058777,
        "short_ios" : 0,
        "drop_ios" : 0,
        "slat_ns" : {
          "min" : 1437,
          "max" : 873699,
          "mean" : 2892.723162,
          "stddev" : 1308.192142,
          "N" : 10058777
        },
        "clat_ns" : {
          "min" : 292070,
          "max" : 12721224,
          "mean" : 950180.862010,
          "stddev" : 470793.852675,
          "N" : 10058777,
          "percentile" : {
            "1.000000" : 399360,
            "5.000000" : 452608,
            "10.000000" : 489472,
            "20.000000" : 552960,
            "30.000000" : 618496,
            "40.000000" : 700416,
            "50.000000" : 806912,
            "60.000000" : 954368,
            "70.000000" : 1105920,
            "80.000000" : 1318912,
            "90.000000" : 1613824,
            "95.000000" : 1892352,
            "99.000000" : 2441216,
            "99.500000" : 2637824,
            "99.900000" : 3063808,
            "99.950000" : 3227648,
            "99.990000" : 3653632
          }
        },
        "lat_ns" : {
          "min" : 294023,
          "max" : 12724634,
          "mean" : 953073.585172,
          "stddev" : 470922.666728,
          "N" : 10058777
        },
        "bw_min" : 357308,
        "bw_max" : 6918105,
        "bw_agg" : 100.000000,
        "bw_mean" : 2705750.892326,
        "bw_dev" : 35331.009870,
        "bw_samples" : 10058777,
        "iops_min" : 32,
        "iops_max" : 32,
        "iops_mean" : 32.000000,
        "iops_stddev" : 0.000000,
        "iops_samples" : 10058777
      },
      "write" : {
        "io_bytes" : 0,
        "io_kbytes" : 0,
        "bw_bytes" : 0,
        "bw" : 0,
        "iops" : 0.000000,
        "runtime" : 0,
        "total_ios" : 0,
        "short_ios" : 0,
        "drop_ios" : 0,
        "slat_ns" : {
          "min" : 0,
          "max" : 0,
          "mean" : 0.000000,
          "stddev" : 0.000000,
          "N" : 0
        },
        "clat_ns" : {
          "min" : 0,
          "max" : 0,
          "mean" : 0.000000,
          "stddev" : 0.000000,
          "N" : 0
        },
        "lat_ns" : {
          "min" : 0,
          "max" : 0,
          "mean" : 0.000000,
          "stddev" : 0.000000,
          "N" : 0
        },
        "bw_min" : 0,
        "bw_max" : 0,
        "bw_agg" : 0.000000,
        "bw_mean" : 0.000000,
        "bw_dev" : 0.000000,
        "bw_samples" : 0,
        "iops_min" : 0,
        "iops_max" : 0,
        "iops_mean" : 0.000000,
        "iops_stddev" : 0.000000,
        "iops_samples" : 0
      },
      "trim" : {
        "io_bytes" : 0,
        "io_kbytes" : 0,
        "bw_bytes" : 0,
        "bw" : 0,
        "iops" : 0.000000,
        "runtime" : 0,
        "total_ios" : 0,
        "short_ios" : 0,
        "drop_ios" : 0,
        "slat_ns" : {
          "min" : 0,
          "max" : 0,
          "mean" : 0.000000,
          "stddev" : 0.000000,
          "N" : 0
        },
        "clat_ns" : {
          "min" : 0,
          "max" : 0,
          "mean" : 0.000000,
          "stddev" : 0.000000,
          "N" : 0
        },
        "lat_ns" : {
          "min" : 0,
          "max" : 0,
          "mean" : 0.000000,
          "stddev" : 0.000000,
          "N" : 0
        },
        "bw_min" : 0,
        "bw_max" : 0,
        "bw_agg" : 0.000000,
        "bw_mean" : 0.000000,
        "bw_dev" : 0.000000,
        "bw_samples" : 0,
        "iops_min" : 0,
        "iops_max" : 0,
        "iops_mean" : 0.000000,
        "iops_stddev" : 0.000000,
        "iops_samples" : 0
      },
      "sync" : {
        "total_ios" : 0,
        "lat_ns" : {
          "min" : 0,
          "max" : 0,
          "mean" : 0.000000,
          "stddev" : 0.000000,
          "N" : 0
        }
      },
      "job_runtime" : 9600002,
      "usr_cpu" : 0.520969,
      "sys_cpu" : 0.442292,
      "ctx" : 10059180,
      "majf" : 0,
      "minf" : 474256,
      "iodepth_level" : {
        "1" : 100.000000,
        "2" : 0.000000,
        "4" : 0.000000,
        "8" : 0.000000,
        "16" : 0.000000,
        "32" : 0.000000,
        ">=64" : 0.000000
      },
      "iodepth_submit" : {
        "0" : 0.000000,
        "4" : 100.000000,
        "8" : 0.000000,
        "16" : 0.000000,
        "32" : 0.000000,
        "64" : 0.000000,
        ">=64" : 0.000000
      },
      "iodepth_complete" : {
        "0" : 0.000000,
        "4" : 100.000000,
        "8" : 0.000000,
        "16" : 0.000000,
        "32" : 0.000000,
        "64" : 0.000000,
        ">=64" : 0.000000
      },
      "latency_ns" : {
        "2" : 0.000000,
        "4" : 0.000000,
        "10" : 0.000000,
        "20" : 0.000000,
        "50" : 0.000000,
        "100" : 0.000000,
        "250" : 0.000000,
        "500" : 0.000000,
        "750" : 0.000000,
        "1000" : 0.000000
      },
      "latency_us" : {
        "2" : 0.000000,
        "4" : 0.000000,
        "10" : 0.000000,
        "20" : 0.000000,
        "50" : 0.000000,
        "100" : 0.000000,
        "250" : 0.000000,
        "500" : 11.619514,
        "750" : 33.955748,
        "1000" : 17.764605
      },
      "latency_ms" : {
        "2" : 32.896683,
        "4" : 3.760437,
        "10" : 0.010000,
        "20" : 0.010000,
        "50" : 0.000000,
        "100" : 0.000000,
        "250" : 0.000000,
        "500" : 0.000000,
        "750" : 0.000000,
        "1000" : 0.000000,
        "2000" : 0.000000,
        ">=2000" : 0.000000
      },
      "latency_depth" : 1,
      "latency_target" : 0,
      "latency_percentile" : 100.000000,
      "latency_window" : 0
    }
  ],
  "disk_util" : [
    {
      "name" : "sda",
      "read_ios" : 0,
      "write_ios" : 4225,
      "read_sectors" : 0,
      "write_sectors" : 93792,
      "read_merges" : 0,
      "write_merges" : 4947,
      "read_ticks" : 0,
      "write_ticks" : 706,
      "in_queue" : 743,
      "util" : 0.092744
    }
  ]
}
