{
  "fio version" : "fio-3.39-26-ga72fe",
  "timestamp" : 1747205317,
  "timestamp_ms" : 1747205317167,
  "time" : "Wed May 14 06:48:37 2025",
  "global options" : {
    "write_iops_log" : "classic_1osd_32fio_rc_1procs_seqread",
    "write_bw_log" : "classic_1osd_32fio_rc_1procs_seqread",
    "write_lat_log" : "classic_1osd_32fio_rc_1procs_seqread",
    "ioengine" : "rbd",
    "bs" : "64k",
    "rw" : "read",
    "direct" : "1",
    "runtime" : "5m",
    "time_based" : "",
    "group_reporting" : "",
    "ramp_time" : "30s",
    "thread" : "1",
    "iodepth" : "8",
    "clientname" : "admin",
    "pool" : "rbd"
  },
  "jobs" : [
    {
      "jobname" : "fio_test_0",
      "groupid" : 0,
      "job_start" : 1747205014407,
      "error" : 0,
      "eta" : 0,
      "elapsed" : 333,
      "job options" : {
        "max_latency" : "1s",
        "numjobs" : "1",
        "rbdname" : "fio_test_31"
      },
      "read" : {
        "io_bytes" : 637021061120,
        "io_kbytes" : 622090880,
        "bw_bytes" : 2123297372,
        "bw" : 2073532,
        "iops" : 32398.200090,
        "runtime" : 300015,
        "total_ios" : 9719946,
        "short_ios" : 0,
        "drop_ios" : 0,
        "slat_ns" : {
          "min" : 455,
          "max" : 1075355,
          "mean" : 2782.665337,
          "stddev" : 1969.739289,
          "N" : 9719946
        },
        "clat_ns" : {
          "min" : 305423,
          "max" : 41304862,
          "mean" : 7895703.181211,
          "stddev" : 5228689.799742,
          "N" : 9720170,
          "percentile" : {
            "1.000000" : 946176,
            "5.000000" : 2342912,
            "10.000000" : 2605056,
            "20.000000" : 3096576,
            "30.000000" : 4423680,
            "40.000000" : 5472256,
            "50.000000" : 6520832,
            "60.000000" : 7962624,
            "70.000000" : 9633792,
            "80.000000" : 11862016,
            "90.000000" : 15269888,
            "95.000000" : 18219008,
            "99.000000" : 24248320,
            "99.500000" : 26345472,
            "99.900000" : 30277632,
            "99.950000" : 31588352,
            "99.990000" : 34865152
          }
        },
        "lat_ns" : {
          "min" : 307359,
          "max" : 41308959,
          "mean" : 7898485.844017,
          "stddev" : 5228861.240079,
          "N" : 9720170
        },
        "bw_min" : 53636,
        "bw_max" : 6202565,
        "bw_agg" : 20.822099,
        "bw_mean" : 431753.482642,
        "bw_dev" : 12714.692589,
        "bw_samples" : 9720170,
        "iops_min" : 32,
        "iops_max" : 32,
        "iops_mean" : 32.000000,
        "iops_stddev" : 0.000000,
        "iops_samples" : 9720170
      },
      "write" : {
        "io_bytes" : 0,
        "io_kbytes" : 0,
        "bw_bytes" : 0,
        "bw" : 0,
        "iops" : 0.000000,
        "runtime" : 0,
        "total_ios" : 0,
        "short_ios" : 0,
        "drop_ios" : 0,
        "slat_ns" : {
          "min" : 0,
          "max" : 0,
          "mean" : 0.000000,
          "stddev" : 0.000000,
          "N" : 0
        },
        "clat_ns" : {
          "min" : 0,
          "max" : 0,
          "mean" : 0.000000,
          "stddev" : 0.000000,
          "N" : 0
        },
        "lat_ns" : {
          "min" : 0,
          "max" : 0,
          "mean" : 0.000000,
          "stddev" : 0.000000,
          "N" : 0
        },
        "bw_min" : 0,
        "bw_max" : 0,
        "bw_agg" : 0.000000,
        "bw_mean" : 0.000000,
        "bw_dev" : 0.000000,
        "bw_samples" : 0,
        "iops_min" : 0,
        "iops_max" : 0,
        "iops_mean" : 0.000000,
        "iops_stddev" : 0.000000,
        "iops_samples" : 0
      },
      "trim" : {
        "io_bytes" : 0,
        "io_kbytes" : 0,
        "bw_bytes" : 0,
        "bw" : 0,
        "iops" : 0.000000,
        "runtime" : 0,
        "total_ios" : 0,
        "short_ios" : 0,
        "drop_ios" : 0,
        "slat_ns" : {
          "min" : 0,
          "max" : 0,
          "mean" : 0.000000,
          "stddev" : 0.000000,
          "N" : 0
        },
        "clat_ns" : {
          "min" : 0,
          "max" : 0,
          "mean" : 0.000000,
          "stddev" : 0.000000,
          "N" : 0
        },
        "lat_ns" : {
          "min" : 0,
          "max" : 0,
          "mean" : 0.000000,
          "stddev" : 0.000000,
          "N" : 0
        },
        "bw_min" : 0,
        "bw_max" : 0,
        "bw_agg" : 0.000000,
        "bw_mean" : 0.000000,
        "bw_dev" : 0.000000,
        "bw_samples" : 0,
        "iops_min" : 0,
        "iops_max" : 0,
        "iops_mean" : 0.000000,
        "iops_stddev" : 0.000000,
        "iops_samples" : 0
      },
      "sync" : {
        "total_ios" : 0,
        "lat_ns" : {
          "min" : 0,
          "max" : 0,
          "mean" : 0.000000,
          "stddev" : 0.000000,
          "N" : 0
        }
      },
      "job_runtime" : 9600216,
      "usr_cpu" : 0.473416,
      "sys_cpu" : 0.422543,
      "ctx" : 9716543,
      "majf" : 0,
      "minf" : 512226,
      "iodepth_level" : {
        "1" : 0.100000,
        "2" : 0.100000,
        "4" : 0.100000,
        "8" : 99.981564,
        "16" : 0.000000,
        "32" : 0.000000,
        ">=64" : 0.000000
      },
      "iodepth_submit" : {
        "0" : 0.000000,
        "4" : 100.000000,
        "8" : 0.000000,
        "16" : 0.000000,
        "32" : 0.000000,
        "64" : 0.000000,
        ">=64" : 0.000000
      },
      "iodepth_complete" : {
        "0" : 0.000000,
        "4" : 99.999835,
        "8" : 0.100000,
        "16" : 0.000000,
        "32" : 0.000000,
        "64" : 0.000000,
        ">=64" : 0.000000
      },
      "latency_ns" : {
        "2" : 0.000000,
        "4" : 0.000000,
        "10" : 0.000000,
        "20" : 0.000000,
        "50" : 0.000000,
        "100" : 0.000000,
        "250" : 0.000000,
        "500" : 0.000000,
        "750" : 0.000000,
        "1000" : 0.000000
      },
      "latency_us" : {
        "2" : 0.000000,
        "4" : 0.000000,
        "10" : 0.000000,
        "20" : 0.000000,
        "50" : 0.000000,
        "100" : 0.000000,
        "250" : 0.000000,
        "500" : 0.136112,
        "750" : 0.521268,
        "1000" : 0.441103
      },
      "latency_ms" : {
        "2" : 1.932007,
        "4" : 24.203406,
        "10" : 44.611019,
        "20" : 24.862031,
        "50" : 3.295358,
        "100" : 0.000000,
        "250" : 0.000000,
        "500" : 0.000000,
        "750" : 0.000000,
        "1000" : 0.000000,
        "2000" : 0.000000,
        ">=2000" : 0.000000
      },
      "latency_depth" : 8,
      "latency_target" : 0,
      "latency_percentile" : 100.000000,
      "latency_window" : 0
    }
  ],
  "disk_util" : [
    {
      "name" : "sda",
      "read_ios" : 0,
      "write_ios" : 5567,
      "read_sectors" : 0,
      "write_sectors" : 2412016,
      "read_merges" : 0,
      "write_merges" : 5497,
      "read_ticks" : 0,
      "write_ticks" : 16845,
      "in_queue" : 16915,
      "util" : 0.779873
    }
  ]
}
