{
  "fio version" : "fio-3.39-26-ga72fe",
  "timestamp" : 1747206321,
  "timestamp_ms" : 1747206321270,
  "time" : "Wed May 14 07:05:21 2025",
  "global options" : {
    "write_iops_log" : "classic_1osd_32fio_rc_1procs_seqread",
    "write_bw_log" : "classic_1osd_32fio_rc_1procs_seqread",
    "write_lat_log" : "classic_1osd_32fio_rc_1procs_seqread",
    "ioengine" : "rbd",
    "bs" : "64k",
    "rw" : "read",
    "direct" : "1",
    "runtime" : "5m",
    "time_based" : "",
    "group_reporting" : "",
    "ramp_time" : "30s",
    "thread" : "1",
    "iodepth" : "32",
    "clientname" : "admin",
    "pool" : "rbd"
  },
  "jobs" : [
    {
      "jobname" : "fio_test_0",
      "groupid" : 0,
      "job_start" : 1747206019039,
      "error" : 110,
      "eta" : 0,
      "elapsed" : 333,
      "job options" : {
        "max_latency" : "1s",
        "numjobs" : "1",
        "rbdname" : "fio_test_31"
      },
      "read" : {
        "io_bytes" : 492822986752,
        "io_kbytes" : 481272448,
        "bw_bytes" : 1642518811,
        "bw" : 1604022,
        "iops" : 25059.541863,
        "runtime" : 300041,
        "total_ios" : 7518890,
        "short_ios" : 0,
        "drop_ios" : 0,
        "slat_ns" : {
          "min" : 396,
          "max" : 938377,
          "mean" : 2620.558331,
          "stddev" : 2586.583358,
          "N" : 7518890
        },
        "clat_ns" : {
          "min" : 241097,
          "max" : 2054362133,
          "mean" : 18080505.667326,
          "stddev" : 30934245.175042,
          "N" : 7519882,
          "percentile" : {
            "1.000000" : 1613824,
            "5.000000" : 3325952,
            "10.000000" : 4685824,
            "20.000000" : 6848512,
            "30.000000" : 8454144,
            "40.000000" : 9895936,
            "50.000000" : 12255232,
            "60.000000" : 15007744,
            "70.000000" : 18481152,
            "80.000000" : 23199744,
            "90.000000" : 31588352,
            "95.000000" : 42729472,
            "99.000000" : 105381888,
            "99.500000" : 179306496,
            "99.900000" : 450887680,
            "99.950000" : 566231040,
            "99.990000" : 843055104
          }
        },
        "lat_ns" : {
          "min" : 243189,
          "max" : 2054364415,
          "mean" : 18083126.290352,
          "stddev" : 30934414.572392,
          "N" : 7519882
        },
        "bw_min" : 1866,
        "bw_max" : 4627199,
        "bw_agg" : 10.749227,
        "bw_mean" : 172420.879854,
        "bw_dev" : 8236.605961,
        "bw_samples" : 7519882,
        "iops_min" : 32,
        "iops_max" : 32,
        "iops_mean" : 32.000000,
        "iops_stddev" : 0.000000,
        "iops_samples" : 7519882
      },
      "write" : {
        "io_bytes" : 0,
        "io_kbytes" : 0,
        "bw_bytes" : 0,
        "bw" : 0,
        "iops" : 0.000000,
        "runtime" : 0,
        "total_ios" : 0,
        "short_ios" : 0,
        "drop_ios" : 0,
        "slat_ns" : {
          "min" : 0,
          "max" : 0,
          "mean" : 0.000000,
          "stddev" : 0.000000,
          "N" : 0
        },
        "clat_ns" : {
          "min" : 0,
          "max" : 0,
          "mean" : 0.000000,
          "stddev" : 0.000000,
          "N" : 0
        },
        "lat_ns" : {
          "min" : 0,
          "max" : 0,
          "mean" : 0.000000,
          "stddev" : 0.000000,
          "N" : 0
        },
        "bw_min" : 0,
        "bw_max" : 0,
        "bw_agg" : 0.000000,
        "bw_mean" : 0.000000,
        "bw_dev" : 0.000000,
        "bw_samples" : 0,
        "iops_min" : 0,
        "iops_max" : 0,
        "iops_mean" : 0.000000,
        "iops_stddev" : 0.000000,
        "iops_samples" : 0
      },
      "trim" : {
        "io_bytes" : 0,
        "io_kbytes" : 0,
        "bw_bytes" : 0,
        "bw" : 0,
        "iops" : 0.000000,
        "runtime" : 0,
        "total_ios" : 0,
        "short_ios" : 0,
        "drop_ios" : 0,
        "slat_ns" : {
          "min" : 0,
          "max" : 0,
          "mean" : 0.000000,
          "stddev" : 0.000000,
          "N" : 0
        },
        "clat_ns" : {
          "min" : 0,
          "max" : 0,
          "mean" : 0.000000,
          "stddev" : 0.000000,
          "N" : 0
        },
        "lat_ns" : {
          "min" : 0,
          "max" : 0,
          "mean" : 0.000000,
          "stddev" : 0.000000,
          "N" : 0
        },
        "bw_min" : 0,
        "bw_max" : 0,
        "bw_agg" : 0.000000,
        "bw_mean" : 0.000000,
        "bw_dev" : 0.000000,
        "bw_samples" : 0,
        "iops_min" : 0,
        "iops_max" : 0,
        "iops_mean" : 0.000000,
        "iops_stddev" : 0.000000,
        "iops_samples" : 0
      },
      "sync" : {
        "total_ios" : 0,
        "lat_ns" : {
          "min" : 0,
          "max" : 0,
          "mean" : 0.000000,
          "stddev" : 0.000000,
          "N" : 0
        }
      },
      "job_runtime" : 4263908,
      "usr_cpu" : 0.714978,
      "sys_cpu" : 0.733693,
      "ctx" : 7496508,
      "majf" : 0,
      "minf" : 201543,
      "iodepth_level" : {
        "1" : 0.100000,
        "2" : 0.100000,
        "4" : 0.100000,
        "8" : 0.100000,
        "16" : 0.100000,
        "32" : 99.937291,
        ">=64" : 0.000000
      },
      "iodepth_submit" : {
        "0" : 0.000000,
        "4" : 100.000000,
        "8" : 0.000000,
        "16" : 0.000000,
        "32" : 0.000000,
        "64" : 0.000000,
        ">=64" : 0.000000
      },
      "iodepth_complete" : {
        "0" : 0.100000,
        "4" : 99.999674,
        "8" : 0.000000,
        "16" : 0.000000,
        "32" : 0.100000,
        "64" : 0.000000,
        ">=64" : 0.000000
      },
      "latency_ns" : {
        "2" : 0.000000,
        "4" : 0.000000,
        "10" : 0.000000,
        "20" : 0.000000,
        "50" : 0.000000,
        "100" : 0.000000,
        "250" : 0.000000,
        "500" : 0.000000,
        "750" : 0.000000,
        "1000" : 0.000000
      },
      "latency_us" : {
        "2" : 0.000000,
        "4" : 0.000000,
        "10" : 0.000000,
        "20" : 0.000000,
        "50" : 0.000000,
        "100" : 0.000000,
        "250" : 0.010000,
        "500" : 0.029366,
        "750" : 0.096929,
        "1000" : 0.168256
      },
      "latency_ms" : {
        "2" : 1.369191,
        "4" : 5.609219,
        "10" : 33.143429,
        "20" : 33.409785,
        "50" : 22.583959,
        "100" : 2.514374,
        "250" : 0.768677,
        "500" : 0.249492,
        "750" : 0.053159,
        "1000" : 0.012302,
        "2000" : 0.010000,
        ">=2000" : 0.010000
      },
      "latency_depth" : 32,
      "latency_target" : 0,
      "latency_percentile" : 100.000000,
      "latency_window" : 0
    }
  ],
  "disk_util" : [
    {
      "name" : "sda",
      "read_ios" : 0,
      "write_ios" : 6159,
      "read_sectors" : 0,
      "write_sectors" : 2020832,
      "read_merges" : 0,
      "write_merges" : 5591,
      "read_ticks" : 0,
      "write_ticks" : 13804,
      "in_queue" : 13858,
      "util" : 0.669661
    }
  ]
}
