{
  "fio version" : "fio-3.39-26-ga72fe",
  "timestamp" : 1747206990,
  "timestamp_ms" : 1747206990843,
  "time" : "Wed May 14 07:16:30 2025",
  "global options" : {
    "write_iops_log" : "classic_1osd_32fio_rc_1procs_seqread",
    "write_bw_log" : "classic_1osd_32fio_rc_1procs_seqread",
    "write_lat_log" : "classic_1osd_32fio_rc_1procs_seqread",
    "ioengine" : "rbd",
    "bs" : "64k",
    "rw" : "read",
    "direct" : "1",
    "runtime" : "5m",
    "time_based" : "",
    "group_reporting" : "",
    "ramp_time" : "30s",
    "thread" : "1",
    "iodepth" : "52",
    "clientname" : "admin",
    "pool" : "rbd"
  },
  "jobs" : [
    {
      "jobname" : "fio_test_0",
      "groupid" : 0,
      "job_start" : 1747206688287,
      "error" : 110,
      "eta" : 0,
      "elapsed" : 333,
      "job options" : {
        "max_latency" : "1s",
        "numjobs" : "1",
        "rbdname" : "fio_test_31"
      },
      "read" : {
        "io_bytes" : 455852687360,
        "io_kbytes" : 445168640,
        "bw_bytes" : 1519367150,
        "bw" : 1483756,
        "iops" : 23178.263362,
        "runtime" : 300028,
        "total_ios" : 6954128,
        "short_ios" : 0,
        "drop_ios" : 0,
        "slat_ns" : {
          "min" : 348,
          "max" : 736963,
          "mean" : 2376.969347,
          "stddev" : 2229.168434,
          "N" : 6954128
        },
        "clat_ns" : {
          "min" : 294965,
          "max" : 4924262693,
          "mean" : 17354078.524846,
          "stddev" : 36883178.767649,
          "N" : 6955760,
          "percentile" : {
            "1.000000" : 1695744,
            "5.000000" : 3489792,
            "10.000000" : 4947968,
            "20.000000" : 7110656,
            "30.000000" : 9109504,
            "40.000000" : 11075584,
            "50.000000" : 13303808,
            "60.000000" : 15794176,
            "70.000000" : 19267584,
            "80.000000" : 23724032,
            "90.000000" : 31326208,
            "95.000000" : 39583744,
            "99.000000" : 67633152,
            "99.500000" : 91750400,
            "99.900000" : 265289728,
            "99.950000" : 413138944,
            "99.990000" : 1954545664
          }
        },
        "lat_ns" : {
          "min" : 296570,
          "max" : 4924264654,
          "mean" : 17356455.711725,
          "stddev" : 36883279.983680,
          "N" : 6955760
        },
        "bw_min" : 1426,
        "bw_max" : 2653899,
        "bw_agg" : 6.995485,
        "bw_mean" : 103796.243288,
        "bw_dev" : 7823.935996,
        "bw_samples" : 6955760,
        "iops_min" : 32,
        "iops_max" : 32,
        "iops_mean" : 32.000000,
        "iops_stddev" : 0.000000,
        "iops_samples" : 6955760
      },
      "write" : {
        "io_bytes" : 0,
        "io_kbytes" : 0,
        "bw_bytes" : 0,
        "bw" : 0,
        "iops" : 0.000000,
        "runtime" : 0,
        "total_ios" : 0,
        "short_ios" : 0,
        "drop_ios" : 0,
        "slat_ns" : {
          "min" : 0,
          "max" : 0,
          "mean" : 0.000000,
          "stddev" : 0.000000,
          "N" : 0
        },
        "clat_ns" : {
          "min" : 0,
          "max" : 0,
          "mean" : 0.000000,
          "stddev" : 0.000000,
          "N" : 0
        },
        "lat_ns" : {
          "min" : 0,
          "max" : 0,
          "mean" : 0.000000,
          "stddev" : 0.000000,
          "N" : 0
        },
        "bw_min" : 0,
        "bw_max" : 0,
        "bw_agg" : 0.000000,
        "bw_mean" : 0.000000,
        "bw_dev" : 0.000000,
        "bw_samples" : 0,
        "iops_min" : 0,
        "iops_max" : 0,
        "iops_mean" : 0.000000,
        "iops_stddev" : 0.000000,
        "iops_samples" : 0
      },
      "trim" : {
        "io_bytes" : 0,
        "io_kbytes" : 0,
        "bw_bytes" : 0,
        "bw" : 0,
        "iops" : 0.000000,
        "runtime" : 0,
        "total_ios" : 0,
        "short_ios" : 0,
        "drop_ios" : 0,
        "slat_ns" : {
          "min" : 0,
          "max" : 0,
          "mean" : 0.000000,
          "stddev" : 0.000000,
          "N" : 0
        },
        "clat_ns" : {
          "min" : 0,
          "max" : 0,
          "mean" : 0.000000,
          "stddev" : 0.000000,
          "N" : 0
        },
        "lat_ns" : {
          "min" : 0,
          "max" : 0,
          "mean" : 0.000000,
          "stddev" : 0.000000,
          "N" : 0
        },
        "bw_min" : 0,
        "bw_max" : 0,
        "bw_agg" : 0.000000,
        "bw_mean" : 0.000000,
        "bw_dev" : 0.000000,
        "bw_samples" : 0,
        "iops_min" : 0,
        "iops_max" : 0,
        "iops_mean" : 0.000000,
        "iops_stddev" : 0.000000,
        "iops_samples" : 0
      },
      "sync" : {
        "total_ios" : 0,
        "lat_ns" : {
          "min" : 0,
          "max" : 0,
          "mean" : 0.000000,
          "stddev" : 0.000000,
          "N" : 0
        }
      },
      "job_runtime" : 2307855,
      "usr_cpu" : 1.052276,
      "sys_cpu" : 1.182527,
      "ctx" : 6937758,
      "majf" : 0,
      "minf" : 45023,
      "iodepth_level" : {
        "1" : 0.100000,
        "2" : 0.100000,
        "4" : 0.100000,
        "8" : 0.100000,
        "16" : 0.100000,
        "32" : 99.960728,
        ">=64" : 0.000000
      },
      "iodepth_submit" : {
        "0" : 0.000000,
        "4" : 100.000000,
        "8" : 0.000000,
        "16" : 0.000000,
        "32" : 0.000000,
        "64" : 0.000000,
        ">=64" : 0.000000
      },
      "iodepth_complete" : {
        "0" : 0.100000,
        "4" : 99.999612,
        "8" : 0.000000,
        "16" : 0.000000,
        "32" : 0.000000,
        "64" : 0.100000,
        ">=64" : 0.000000
      },
      "latency_ns" : {
        "2" : 0.000000,
        "4" : 0.000000,
        "10" : 0.000000,
        "20" : 0.000000,
        "50" : 0.000000,
        "100" : 0.000000,
        "250" : 0.000000,
        "500" : 0.000000,
        "750" : 0.000000,
        "1000" : 0.000000
      },
      "latency_us" : {
        "2" : 0.000000,
        "4" : 0.000000,
        "10" : 0.000000,
        "20" : 0.000000,
        "50" : 0.000000,
        "100" : 0.000000,
        "250" : 0.000000,
        "500" : 0.023899,
        "750" : 0.081506,
        "1000" : 0.145813
      },
      "latency_ms" : {
        "2" : 1.235554,
        "4" : 5.117809,
        "10" : 28.178443,
        "20" : 37.209367,
        "50" : 25.634141,
        "100" : 1.977832,
        "250" : 0.310794,
        "500" : 0.070174,
        "750" : 0.016451,
        "1000" : 0.010000,
        "2000" : 0.010000,
        ">=2000" : 0.010000
      },
      "latency_depth" : 52,
      "latency_target" : 0,
      "latency_percentile" : 100.000000,
      "latency_window" : 0
    }
  ],
  "disk_util" : [
    {
      "name" : "sda",
      "read_ios" : 0,
      "write_ios" : 5915,
      "read_sectors" : 0,
      "write_sectors" : 1855896,
      "read_merges" : 0,
      "write_merges" : 5477,
      "read_ticks" : 0,
      "write_ticks" : 12300,
      "in_queue" : 12350,
      "util" : 0.617384
    }
  ]
}
