{
  "fio version" : "fio-3.39-26-ga72fe",
  "timestamp" : 1750771677,
  "timestamp_ms" : 1750771677878,
  "time" : "Tue Jun 24 13:27:57 2025",
  "global options" : {
    "ioengine" : "rbd",
    "bs" : "4k",
    "rw" : "randread",
    "direct" : "1",
    "runtime" : "5m",
    "time_based" : "",
    "group_reporting" : "",
    "ramp_time" : "30s",
    "thread" : "1",
    "iodepth" : "4",
    "clientname" : "admin",
    "pool" : "rbd"
  },
  "jobs" : [
    {
      "jobname" : "fio_test_0",
      "groupid" : 0,
      "job_start" : 1750771377748,
      "error" : 0,
      "eta" : 0,
      "elapsed" : 331,
      "job options" : {
        "max_latency" : "1s",
        "numjobs" : "1",
        "rbdname" : "fio_test_31"
      },
      "read" : {
        "io_bytes" : 46336143360,
        "io_kbytes" : 45250140,
        "bw_bytes" : 154450722,
        "bw" : 150830,
        "iops" : 37707.372519,
        "runtime" : 300006,
        "total_ios" : 11312438,
        "short_ios" : 0,
        "drop_ios" : 0,
        "slat_ns" : {
          "min" : 440,
          "max" : 667005,
          "mean" : 4517.027271,
          "stddev" : 2981.412178,
          "N" : 11312439
        },
        "clat_ns" : {
          "min" : 137134,
          "max" : 17331267,
          "mean" : 3388426.980478,
          "stddev" : 1525519.158577,
          "N" : 11312534,
          "percentile" : {
            "1.000000" : 536576,
            "5.000000" : 1019904,
            "10.000000" : 1433600,
            "20.000000" : 2007040,
            "30.000000" : 2473984,
            "40.000000" : 2932736,
            "50.000000" : 3325952,
            "60.000000" : 3686400,
            "70.000000" : 4112384,
            "80.000000" : 4685824,
            "90.000000" : 5472256,
            "95.000000" : 5996544,
            "99.000000" : 7110656,
            "99.500000" : 7569408,
            "99.900000" : 8978432,
            "99.950000" : 9502720,
            "99.990000" : 10944512
          }
        },
        "lat_ns" : {
          "min" : 139130,
          "max" : 17334024,
          "mean" : 3392944.010583,
          "stddev" : 1525517.055176,
          "N" : 11312534
        },
        "bw_min" : 137665,
        "bw_max" : 164327,
        "bw_agg" : 100.000000,
        "bw_mean" : 150894.605476,
        "bw_dev" : 138.373143,
        "bw_samples" : 19179,
        "iops_min" : 34416,
        "iops_max" : 41080,
        "iops_mean" : 37722.652604,
        "iops_stddev" : 34.589137,
        "iops_samples" : 19179
      },
      "write" : {
        "io_bytes" : 0,
        "io_kbytes" : 0,
        "bw_bytes" : 0,
        "bw" : 0,
        "iops" : 0.000000,
        "runtime" : 0,
        "total_ios" : 0,
        "short_ios" : 0,
        "drop_ios" : 0,
        "slat_ns" : {
          "min" : 0,
          "max" : 0,
          "mean" : 0.000000,
          "stddev" : 0.000000,
          "N" : 0
        },
        "clat_ns" : {
          "min" : 0,
          "max" : 0,
          "mean" : 0.000000,
          "stddev" : 0.000000,
          "N" : 0
        },
        "lat_ns" : {
          "min" : 0,
          "max" : 0,
          "mean" : 0.000000,
          "stddev" : 0.000000,
          "N" : 0
        },
        "bw_min" : 0,
        "bw_max" : 0,
        "bw_agg" : 0.000000,
        "bw_mean" : 0.000000,
        "bw_dev" : 0.000000,
        "bw_samples" : 0,
        "iops_min" : 0,
        "iops_max" : 0,
        "iops_mean" : 0.000000,
        "iops_stddev" : 0.000000,
        "iops_samples" : 0
      },
      "trim" : {
        "io_bytes" : 0,
        "io_kbytes" : 0,
        "bw_bytes" : 0,
        "bw" : 0,
        "iops" : 0.000000,
        "runtime" : 0,
        "total_ios" : 0,
        "short_ios" : 0,
        "drop_ios" : 0,
        "slat_ns" : {
          "min" : 0,
          "max" : 0,
          "mean" : 0.000000,
          "stddev" : 0.000000,
          "N" : 0
        },
        "clat_ns" : {
          "min" : 0,
          "max" : 0,
          "mean" : 0.000000,
          "stddev" : 0.000000,
          "N" : 0
        },
        "lat_ns" : {
          "min" : 0,
          "max" : 0,
          "mean" : 0.000000,
          "stddev" : 0.000000,
          "N" : 0
        },
        "bw_min" : 0,
        "bw_max" : 0,
        "bw_agg" : 0.000000,
        "bw_mean" : 0.000000,
        "bw_dev" : 0.000000,
        "bw_samples" : 0,
        "iops_min" : 0,
        "iops_max" : 0,
        "iops_mean" : 0.000000,
        "iops_stddev" : 0.000000,
        "iops_samples" : 0
      },
      "sync" : {
        "total_ios" : 0,
        "lat_ns" : {
          "min" : 0,
          "max" : 0,
          "mean" : 0.000000,
          "stddev" : 0.000000,
          "N" : 0
        }
      },
      "job_runtime" : 9600062,
      "usr_cpu" : 0.831870,
      "sys_cpu" : 0.731464,
      "ctx" : 9129368,
      "majf" : 0,
      "minf" : 354,
      "iodepth_level" : {
        "1" : 0.000000,
        "2" : 0.000000,
        "4" : 100.000000,
        "8" : 0.000000,
        "16" : 0.000000,
        "32" : 0.000000,
        ">=64" : 0.000000
      },
      "iodepth_submit" : {
        "0" : 0.000000,
        "4" : 100.000000,
        "8" : 0.000000,
        "16" : 0.000000,
        "32" : 0.000000,
        "64" : 0.000000,
        ">=64" : 0.000000
      },
      "iodepth_complete" : {
        "0" : 0.000000,
        "4" : 100.000000,
        "8" : 0.000000,
        "16" : 0.000000,
        "32" : 0.000000,
        "64" : 0.000000,
        ">=64" : 0.000000
      },
      "latency_ns" : {
        "2" : 0.000000,
        "4" : 0.000000,
        "10" : 0.000000,
        "20" : 0.000000,
        "50" : 0.000000,
        "100" : 0.000000,
        "250" : 0.000000,
        "500" : 0.000000,
        "750" : 0.000000,
        "1000" : 0.000000
      },
      "latency_us" : {
        "2" : 0.000000,
        "4" : 0.000000,
        "10" : 0.000000,
        "20" : 0.000000,
        "50" : 0.000000,
        "100" : 0.000000,
        "250" : 0.035934,
        "500" : 0.796919,
        "750" : 1.517781,
        "1000" : 2.388760
      },
      "latency_ms" : {
        "2" : 15.142085,
        "4" : 46.593670,
        "10" : 33.499773,
        "20" : 0.025927,
        "50" : 0.000000,
        "100" : 0.000000,
        "250" : 0.000000,
        "500" : 0.000000,
        "750" : 0.000000,
        "1000" : 0.000000,
        "2000" : 0.000000,
        ">=2000" : 0.000000
      },
      "latency_depth" : 4,
      "latency_target" : 0,
      "latency_percentile" : 100.000000,
      "latency_window" : 0
    }
  ],
  "disk_util" : [
    {
      "name" : "sda",
      "read_ios" : 0,
      "write_ios" : 3941,
      "read_sectors" : 0,
      "write_sectors" : 93704,
      "read_merges" : 0,
      "write_merges" : 5628,
      "read_ticks" : 0,
      "write_ticks" : 618,
      "in_queue" : 656,
      "util" : 0.087583
    }
  ]
}
