{
  "fio version" : "fio-3.39-26-ga72fe",
  "timestamp" : 1750771013,
  "timestamp_ms" : 1750771013300,
  "time" : "Tue Jun 24 13:16:53 2025",
  "global options" : {
    "ioengine" : "rbd",
    "bs" : "4k",
    "rw" : "randread",
    "direct" : "1",
    "runtime" : "5m",
    "time_based" : "",
    "group_reporting" : "",
    "ramp_time" : "30s",
    "thread" : "1",
    "iodepth" : "1",
    "clientname" : "admin",
    "pool" : "rbd"
  },
  "jobs" : [
    {
      "jobname" : "fio_test_0",
      "groupid" : 0,
      "job_start" : 1750770713202,
      "error" : 0,
      "eta" : 0,
      "elapsed" : 331,
      "job options" : {
        "max_latency" : "1s",
        "numjobs" : "1",
        "rbdname" : "fio_test_31"
      },
      "read" : {
        "io_bytes" : 38960447488,
        "io_kbytes" : 38047312,
        "bw_bytes" : 129866859,
        "bw" : 126823,
        "iops" : 31705.776276,
        "runtime" : 300003,
        "total_ios" : 9511828,
        "short_ios" : 0,
        "drop_ios" : 0,
        "slat_ns" : {
          "min" : 1401,
          "max" : 316201,
          "mean" : 4199.404100,
          "stddev" : 2643.464640,
          "N" : 9511828
        },
        "clat_ns" : {
          "min" : 134419,
          "max" : 5278350,
          "mean" : 1003537.964998,
          "stddev" : 407737.817325,
          "N" : 9511828,
          "percentile" : {
            "1.000000" : 264192,
            "5.000000" : 378880,
            "10.000000" : 477184,
            "20.000000" : 634880,
            "30.000000" : 757760,
            "40.000000" : 872448,
            "50.000000" : 978944,
            "60.000000" : 1089536,
            "70.000000" : 1204224,
            "80.000000" : 1351680,
            "90.000000" : 1548288,
            "95.000000" : 1712128,
            "99.000000" : 2039808,
            "99.500000" : 2146304,
            "99.900000" : 2441216,
            "99.950000" : 2539520,
            "99.990000" : 2768896
          }
        },
        "lat_ns" : {
          "min" : 136239,
          "max" : 5285699,
          "mean" : 1007737.369098,
          "stddev" : 407847.004209,
          "N" : 9511828
        },
        "bw_min" : 117667,
        "bw_max" : 138720,
        "bw_agg" : 100.000000,
        "bw_mean" : 126861.972334,
        "bw_dev" : 163.779543,
        "bw_samples" : 19194,
        "iops_min" : 29414,
        "iops_max" : 34680,
        "iops_mean" : 31713.510167,
        "iops_stddev" : 40.952347,
        "iops_samples" : 19194
      },
      "write" : {
        "io_bytes" : 0,
        "io_kbytes" : 0,
        "bw_bytes" : 0,
        "bw" : 0,
        "iops" : 0.000000,
        "runtime" : 0,
        "total_ios" : 0,
        "short_ios" : 0,
        "drop_ios" : 0,
        "slat_ns" : {
          "min" : 0,
          "max" : 0,
          "mean" : 0.000000,
          "stddev" : 0.000000,
          "N" : 0
        },
        "clat_ns" : {
          "min" : 0,
          "max" : 0,
          "mean" : 0.000000,
          "stddev" : 0.000000,
          "N" : 0
        },
        "lat_ns" : {
          "min" : 0,
          "max" : 0,
          "mean" : 0.000000,
          "stddev" : 0.000000,
          "N" : 0
        },
        "bw_min" : 0,
        "bw_max" : 0,
        "bw_agg" : 0.000000,
        "bw_mean" : 0.000000,
        "bw_dev" : 0.000000,
        "bw_samples" : 0,
        "iops_min" : 0,
        "iops_max" : 0,
        "iops_mean" : 0.000000,
        "iops_stddev" : 0.000000,
        "iops_samples" : 0
      },
      "trim" : {
        "io_bytes" : 0,
        "io_kbytes" : 0,
        "bw_bytes" : 0,
        "bw" : 0,
        "iops" : 0.000000,
        "runtime" : 0,
        "total_ios" : 0,
        "short_ios" : 0,
        "drop_ios" : 0,
        "slat_ns" : {
          "min" : 0,
          "max" : 0,
          "mean" : 0.000000,
          "stddev" : 0.000000,
          "N" : 0
        },
        "clat_ns" : {
          "min" : 0,
          "max" : 0,
          "mean" : 0.000000,
          "stddev" : 0.000000,
          "N" : 0
        },
        "lat_ns" : {
          "min" : 0,
          "max" : 0,
          "mean" : 0.000000,
          "stddev" : 0.000000,
          "N" : 0
        },
        "bw_min" : 0,
        "bw_max" : 0,
        "bw_agg" : 0.000000,
        "bw_mean" : 0.000000,
        "bw_dev" : 0.000000,
        "bw_samples" : 0,
        "iops_min" : 0,
        "iops_max" : 0,
        "iops_mean" : 0.000000,
        "iops_stddev" : 0.000000,
        "iops_samples" : 0
      },
      "sync" : {
        "total_ios" : 0,
        "lat_ns" : {
          "min" : 0,
          "max" : 0,
          "mean" : 0.000000,
          "stddev" : 0.000000,
          "N" : 0
        }
      },
      "job_runtime" : 9600017,
      "usr_cpu" : 0.673395,
      "sys_cpu" : 0.590968,
      "ctx" : 9512153,
      "majf" : 0,
      "minf" : 772,
      "iodepth_level" : {
        "1" : 100.000000,
        "2" : 0.000000,
        "4" : 0.000000,
        "8" : 0.000000,
        "16" : 0.000000,
        "32" : 0.000000,
        ">=64" : 0.000000
      },
      "iodepth_submit" : {
        "0" : 0.000000,
        "4" : 100.000000,
        "8" : 0.000000,
        "16" : 0.000000,
        "32" : 0.000000,
        "64" : 0.000000,
        ">=64" : 0.000000
      },
      "iodepth_complete" : {
        "0" : 0.000000,
        "4" : 100.000000,
        "8" : 0.000000,
        "16" : 0.000000,
        "32" : 0.000000,
        "64" : 0.000000,
        ">=64" : 0.000000
      },
      "latency_ns" : {
        "2" : 0.000000,
        "4" : 0.000000,
        "10" : 0.000000,
        "20" : 0.000000,
        "50" : 0.000000,
        "100" : 0.000000,
        "250" : 0.000000,
        "500" : 0.000000,
        "750" : 0.000000,
        "1000" : 0.000000
      },
      "latency_us" : {
        "2" : 0.000000,
        "4" : 0.000000,
        "10" : 0.000000,
        "20" : 0.000000,
        "50" : 0.000000,
        "100" : 0.000000,
        "250" : 0.730144,
        "500" : 10.560178,
        "750" : 17.885616,
        "1000" : 22.661196
      },
      "latency_ms" : {
        "2" : 46.949955,
        "4" : 1.212858,
        "10" : 0.010000,
        "20" : 0.000000,
        "50" : 0.000000,
        "100" : 0.000000,
        "250" : 0.000000,
        "500" : 0.000000,
        "750" : 0.000000,
        "1000" : 0.000000,
        "2000" : 0.000000,
        ">=2000" : 0.000000
      },
      "latency_depth" : 1,
      "latency_target" : 0,
      "latency_percentile" : 100.000000,
      "latency_window" : 0
    }
  ],
  "disk_util" : [
    {
      "name" : "sda",
      "read_ios" : 0,
      "write_ios" : 4934,
      "read_sectors" : 0,
      "write_sectors" : 719792,
      "read_merges" : 0,
      "write_merges" : 5205,
      "read_ticks" : 0,
      "write_ticks" : 4645,
      "in_queue" : 4682,
      "util" : 0.270603
    }
  ]
}
