{
  "fio version" : "fio-3.39-26-ga72fe",
  "timestamp" : 1750773671,
  "timestamp_ms" : 1750773671837,
  "time" : "Tue Jun 24 14:01:11 2025",
  "global options" : {
    "ioengine" : "rbd",
    "bs" : "4k",
    "rw" : "randread",
    "direct" : "1",
    "runtime" : "5m",
    "time_based" : "",
    "group_reporting" : "",
    "ramp_time" : "30s",
    "thread" : "1",
    "iodepth" : "32",
    "clientname" : "admin",
    "pool" : "rbd"
  },
  "jobs" : [
    {
      "jobname" : "fio_test_0",
      "groupid" : 0,
      "job_start" : 1750773371687,
      "error" : 0,
      "eta" : 0,
      "elapsed" : 331,
      "job options" : {
        "max_latency" : "1s",
        "numjobs" : "1",
        "rbdname" : "fio_test_31"
      },
      "read" : {
        "io_bytes" : 48024788992,
        "io_kbytes" : 46899208,
        "bw_bytes" : 160057020,
        "bw" : 156305,
        "iops" : 39073.114968,
        "runtime" : 300048,
        "total_ios" : 11723810,
        "short_ios" : 0,
        "drop_ios" : 0,
        "slat_ns" : {
          "min" : 434,
          "max" : 315429,
          "mean" : 4664.057411,
          "stddev" : 3429.930965,
          "N" : 11723810
        },
        "clat_ns" : {
          "min" : 136871,
          "max" : 550867310,
          "mean" : 26202389.434801,
          "stddev" : 40704240.543331,
          "N" : 11724802,
          "percentile" : {
            "1.000000" : 905216,
            "5.000000" : 3489792,
            "10.000000" : 5537792,
            "20.000000" : 7962624,
            "30.000000" : 9895936,
            "40.000000" : 11993088,
            "50.000000" : 14483456,
            "60.000000" : 17956864,
            "70.000000" : 21889024,
            "80.000000" : 27394048,
            "90.000000" : 52166656,
            "95.000000" : 95944704,
            "99.000000" : 227540992,
            "99.500000" : 274726912,
            "99.900000" : 367001600,
            "99.950000" : 396361728,
            "99.990000" : 471859200
          }
        },
        "lat_ns" : {
          "min" : 138642,
          "max" : 550874300,
          "mean" : 26207053.496844,
          "stddev" : 40704233.158827,
          "N" : 11724802
        },
        "bw_min" : 113421,
        "bw_max" : 195665,
        "bw_agg" : 100.000000,
        "bw_mean" : 156390.424366,
        "bw_dev" : 410.040108,
        "bw_samples" : 19184,
        "iops_min" : 28354,
        "iops_max" : 48916,
        "iops_mean" : 39096.011903,
        "iops_stddev" : 102.502685,
        "iops_samples" : 19184
      },
      "write" : {
        "io_bytes" : 0,
        "io_kbytes" : 0,
        "bw_bytes" : 0,
        "bw" : 0,
        "iops" : 0.000000,
        "runtime" : 0,
        "total_ios" : 0,
        "short_ios" : 0,
        "drop_ios" : 0,
        "slat_ns" : {
          "min" : 0,
          "max" : 0,
          "mean" : 0.000000,
          "stddev" : 0.000000,
          "N" : 0
        },
        "clat_ns" : {
          "min" : 0,
          "max" : 0,
          "mean" : 0.000000,
          "stddev" : 0.000000,
          "N" : 0
        },
        "lat_ns" : {
          "min" : 0,
          "max" : 0,
          "mean" : 0.000000,
          "stddev" : 0.000000,
          "N" : 0
        },
        "bw_min" : 0,
        "bw_max" : 0,
        "bw_agg" : 0.000000,
        "bw_mean" : 0.000000,
        "bw_dev" : 0.000000,
        "bw_samples" : 0,
        "iops_min" : 0,
        "iops_max" : 0,
        "iops_mean" : 0.000000,
        "iops_stddev" : 0.000000,
        "iops_samples" : 0
      },
      "trim" : {
        "io_bytes" : 0,
        "io_kbytes" : 0,
        "bw_bytes" : 0,
        "bw" : 0,
        "iops" : 0.000000,
        "runtime" : 0,
        "total_ios" : 0,
        "short_ios" : 0,
        "drop_ios" : 0,
        "slat_ns" : {
          "min" : 0,
          "max" : 0,
          "mean" : 0.000000,
          "stddev" : 0.000000,
          "N" : 0
        },
        "clat_ns" : {
          "min" : 0,
          "max" : 0,
          "mean" : 0.000000,
          "stddev" : 0.000000,
          "N" : 0
        },
        "lat_ns" : {
          "min" : 0,
          "max" : 0,
          "mean" : 0.000000,
          "stddev" : 0.000000,
          "N" : 0
        },
        "bw_min" : 0,
        "bw_max" : 0,
        "bw_agg" : 0.000000,
        "bw_mean" : 0.000000,
        "bw_dev" : 0.000000,
        "bw_samples" : 0,
        "iops_min" : 0,
        "iops_max" : 0,
        "iops_mean" : 0.000000,
        "iops_stddev" : 0.000000,
        "iops_samples" : 0
      },
      "sync" : {
        "total_ios" : 0,
        "lat_ns" : {
          "min" : 0,
          "max" : 0,
          "mean" : 0.000000,
          "stddev" : 0.000000,
          "N" : 0
        }
      },
      "job_runtime" : 9601347,
      "usr_cpu" : 0.864035,
      "sys_cpu" : 0.776610,
      "ctx" : 7894364,
      "majf" : 0,
      "minf" : 510,
      "iodepth_level" : {
        "1" : 0.000000,
        "2" : 0.000000,
        "4" : 0.000000,
        "8" : 0.000000,
        "16" : 0.000000,
        "32" : 100.000000,
        ">=64" : 0.000000
      },
      "iodepth_submit" : {
        "0" : 0.000000,
        "4" : 100.000000,
        "8" : 0.000000,
        "16" : 0.000000,
        "32" : 0.000000,
        "64" : 0.000000,
        ">=64" : 0.000000
      },
      "iodepth_complete" : {
        "0" : 0.000000,
        "4" : 99.999864,
        "8" : 0.000000,
        "16" : 0.000000,
        "32" : 0.100000,
        "64" : 0.000000,
        ">=64" : 0.000000
      },
      "latency_ns" : {
        "2" : 0.000000,
        "4" : 0.000000,
        "10" : 0.000000,
        "20" : 0.000000,
        "50" : 0.000000,
        "100" : 0.000000,
        "250" : 0.000000,
        "500" : 0.000000,
        "750" : 0.000000,
        "1000" : 0.000000
      },
      "latency_us" : {
        "2" : 0.000000,
        "4" : 0.000000,
        "10" : 0.000000,
        "20" : 0.000000,
        "50" : 0.000000,
        "100" : 0.000000,
        "250" : 0.022672,
        "500" : 0.321193,
        "750" : 0.393899,
        "1000" : 0.430432
      },
      "latency_ms" : {
        "2" : 1.606662,
        "4" : 3.231083,
        "10" : 24.860101,
        "20" : 34.661573,
        "50" : 24.020707,
        "100" : 5.689149,
        "250" : 4.034968,
        "500" : 0.733226,
        "750" : 0.010000,
        "1000" : 0.000000,
        "2000" : 0.000000,
        ">=2000" : 0.000000
      },
      "latency_depth" : 32,
      "latency_target" : 0,
      "latency_percentile" : 100.000000,
      "latency_window" : 0
    }
  ],
  "disk_util" : [
    {
      "name" : "sda",
      "read_ios" : 0,
      "write_ios" : 3908,
      "read_sectors" : 0,
      "write_sectors" : 93704,
      "read_merges" : 0,
      "write_merges" : 5528,
      "read_ticks" : 0,
      "write_ticks" : 605,
      "in_queue" : 644,
      "util" : 0.095772
    }
  ]
}
