{
  "fio version" : "fio-3.39-26-ga72fe",
  "timestamp" : 1750776663,
  "timestamp_ms" : 1750776663075,
  "time" : "Tue Jun 24 14:51:03 2025",
  "global options" : {
    "ioengine" : "rbd",
    "bs" : "4k",
    "rw" : "randread",
    "direct" : "1",
    "runtime" : "5m",
    "time_based" : "",
    "group_reporting" : "",
    "ramp_time" : "30s",
    "thread" : "1",
    "iodepth" : "64",
    "clientname" : "admin",
    "pool" : "rbd"
  },
  "jobs" : [
    {
      "jobname" : "fio_test_0",
      "groupid" : 0,
      "job_start" : 1750776362818,
      "error" : 110,
      "eta" : 0,
      "elapsed" : 331,
      "job options" : {
        "max_latency" : "1s",
        "numjobs" : "1",
        "rbdname" : "fio_test_31"
      },
      "read" : {
        "io_bytes" : 51000655872,
        "io_kbytes" : 49805328,
        "bw_bytes" : 169988020,
        "bw" : 166003,
        "iops" : 41494.262145,
        "runtime" : 300025,
        "total_ios" : 12449316,
        "short_ios" : 0,
        "drop_ios" : 0,
        "slat_ns" : {
          "min" : 415,
          "max" : 241290,
          "mean" : 3382.639865,
          "stddev" : 2722.419660,
          "N" : 12449316
        },
        "clat_ns" : {
          "min" : 132402,
          "max" : 1732111758,
          "mean" : 23048086.313199,
          "stddev" : 52714307.457858,
          "N" : 12451332,
          "percentile" : {
            "1.000000" : 1089536,
            "5.000000" : 3227648,
            "10.000000" : 5013504,
            "20.000000" : 7962624,
            "30.000000" : 10027008,
            "40.000000" : 12386304,
            "50.000000" : 14483456,
            "60.000000" : 16908288,
            "70.000000" : 19529728,
            "80.000000" : 23461888,
            "90.000000" : 32899072,
            "95.000000" : 52690944,
            "99.000000" : 223346688,
            "99.500000" : 425721856,
            "99.900000" : 759169024,
            "99.950000" : 843055104,
            "99.990000" : 935329792
          }
        },
        "lat_ns" : {
          "min" : 134240,
          "max" : 1732113267,
          "mean" : 23051468.781357,
          "stddev" : 52714245.856183,
          "N" : 12451332
        },
        "bw_min" : 73038,
        "bw_max" : 388112,
        "bw_agg" : 100.000000,
        "bw_mean" : 262307.519818,
        "bw_dev" : 3893.196643,
        "bw_samples" : 8936,
        "iops_min" : 18259,
        "iops_max" : 97027,
        "iops_mean" : 65575.812387,
        "iops_stddev" : 973.280484,
        "iops_samples" : 8936
      },
      "write" : {
        "io_bytes" : 0,
        "io_kbytes" : 0,
        "bw_bytes" : 0,
        "bw" : 0,
        "iops" : 0.000000,
        "runtime" : 0,
        "total_ios" : 0,
        "short_ios" : 0,
        "drop_ios" : 0,
        "slat_ns" : {
          "min" : 0,
          "max" : 0,
          "mean" : 0.000000,
          "stddev" : 0.000000,
          "N" : 0
        },
        "clat_ns" : {
          "min" : 0,
          "max" : 0,
          "mean" : 0.000000,
          "stddev" : 0.000000,
          "N" : 0
        },
        "lat_ns" : {
          "min" : 0,
          "max" : 0,
          "mean" : 0.000000,
          "stddev" : 0.000000,
          "N" : 0
        },
        "bw_min" : 0,
        "bw_max" : 0,
        "bw_agg" : 0.000000,
        "bw_mean" : 0.000000,
        "bw_dev" : 0.000000,
        "bw_samples" : 0,
        "iops_min" : 0,
        "iops_max" : 0,
        "iops_mean" : 0.000000,
        "iops_stddev" : 0.000000,
        "iops_samples" : 0
      },
      "trim" : {
        "io_bytes" : 0,
        "io_kbytes" : 0,
        "bw_bytes" : 0,
        "bw" : 0,
        "iops" : 0.000000,
        "runtime" : 0,
        "total_ios" : 0,
        "short_ios" : 0,
        "drop_ios" : 0,
        "slat_ns" : {
          "min" : 0,
          "max" : 0,
          "mean" : 0.000000,
          "stddev" : 0.000000,
          "N" : 0
        },
        "clat_ns" : {
          "min" : 0,
          "max" : 0,
          "mean" : 0.000000,
          "stddev" : 0.000000,
          "N" : 0
        },
        "lat_ns" : {
          "min" : 0,
          "max" : 0,
          "mean" : 0.000000,
          "stddev" : 0.000000,
          "N" : 0
        },
        "bw_min" : 0,
        "bw_max" : 0,
        "bw_agg" : 0.000000,
        "bw_mean" : 0.000000,
        "bw_dev" : 0.000000,
        "bw_samples" : 0,
        "iops_min" : 0,
        "iops_max" : 0,
        "iops_mean" : 0.000000,
        "iops_stddev" : 0.000000,
        "iops_samples" : 0
      },
      "sync" : {
        "total_ios" : 0,
        "lat_ns" : {
          "min" : 0,
          "max" : 0,
          "mean" : 0.000000,
          "stddev" : 0.000000,
          "N" : 0
        }
      },
      "job_runtime" : 4478246,
      "usr_cpu" : 1.458406,
      "sys_cpu" : 1.268532,
      "ctx" : 6844469,
      "majf" : 0,
      "minf" : 1075,
      "iodepth_level" : {
        "1" : 0.000000,
        "2" : 0.000000,
        "4" : 0.000000,
        "8" : 0.000000,
        "16" : 0.000000,
        "32" : 0.000000,
        ">=64" : 100.000000
      },
      "iodepth_submit" : {
        "0" : 0.000000,
        "4" : 100.000000,
        "8" : 0.000000,
        "16" : 0.000000,
        "32" : 0.000000,
        "64" : 0.000000,
        ">=64" : 0.000000
      },
      "iodepth_complete" : {
        "0" : 0.100000,
        "4" : 99.999787,
        "8" : 0.000000,
        "16" : 0.000000,
        "32" : 0.000000,
        "64" : 0.100000,
        ">=64" : 0.000000
      },
      "latency_ns" : {
        "2" : 0.000000,
        "4" : 0.000000,
        "10" : 0.000000,
        "20" : 0.000000,
        "50" : 0.000000,
        "100" : 0.000000,
        "250" : 0.000000,
        "500" : 0.000000,
        "750" : 0.000000,
        "1000" : 0.000000
      },
      "latency_us" : {
        "2" : 0.000000,
        "4" : 0.000000,
        "10" : 0.000000,
        "20" : 0.000000,
        "50" : 0.000000,
        "100" : 0.000000,
        "250" : 0.026066,
        "500" : 0.195730,
        "750" : 0.256295,
        "1000" : 0.361666
      },
      "latency_ms" : {
        "2" : 1.588899,
        "4" : 4.545270,
        "10" : 22.342818,
        "20" : 42.013682,
        "50" : 23.321305,
        "100" : 3.074169,
        "250" : 1.377104,
        "500" : 0.538190,
        "750" : 0.265324,
        "1000" : 0.107082,
        "2000" : 0.010000,
        ">=2000" : 0.000000
      },
      "latency_depth" : 64,
      "latency_target" : 0,
      "latency_percentile" : 100.000000,
      "latency_window" : 0
    }
  ],
  "disk_util" : [
    {
      "name" : "sda",
      "read_ios" : 0,
      "write_ios" : 3879,
      "read_sectors" : 0,
      "write_sectors" : 106336,
      "read_merges" : 0,
      "write_merges" : 5622,
      "read_ticks" : 0,
      "write_ticks" : 650,
      "in_queue" : 688,
      "util" : 0.092127
    }
  ]
}
