{
  "fio version" : "fio-3.39-26-ga72fe",
  "timestamp" : 1747752253,
  "timestamp_ms" : 1747752253975,
  "time" : "Tue May 20 14:44:13 2025",
  "global options" : {
    "write_iops_log" : "sea_1osd_56reactor_32fio_bal_osd_rc_1procs_seqread",
    "write_bw_log" : "sea_1osd_56reactor_32fio_bal_osd_rc_1procs_seqread",
    "write_lat_log" : "sea_1osd_56reactor_32fio_bal_osd_rc_1procs_seqread",
    "ioengine" : "rbd",
    "bs" : "64k",
    "rw" : "read",
    "direct" : "1",
    "runtime" : "5m",
    "time_based" : "",
    "group_reporting" : "",
    "ramp_time" : "30s",
    "thread" : "1",
    "iodepth" : "2",
    "clientname" : "admin",
    "pool" : "rbd"
  },
  "jobs" : [
    {
      "jobname" : "fio_test_0",
      "groupid" : 0,
      "job_start" : 1747752163971,
      "error" : 110,
      "eta" : 0,
      "elapsed" : 121,
      "job options" : {
        "max_latency" : "1s",
        "numjobs" : "1",
        "rbdname" : "fio_test_31"
      },
      "read" : {
        "io_bytes" : 37464965120,
        "io_kbytes" : 36586880,
        "bw_bytes" : 416870272,
        "bw" : 407099,
        "iops" : 6360.579491,
        "runtime" : 89872,
        "total_ios" : 571638,
        "short_ios" : 0,
        "drop_ios" : 0,
        "slat_ns" : {
          "min" : 579,
          "max" : 65067,
          "mean" : 5894.622364,
          "stddev" : 4249.481110,
          "N" : 571638
        },
        "clat_ns" : {
          "min" : 734746,
          "max" : 44097311039,
          "mean" : 10024193.473556,
          "stddev" : 463904820.312183,
          "N" : 571670,
          "percentile" : {
            "1.000000" : 2867200,
            "5.000000" : 3981312,
            "10.000000" : 4145152,
            "20.000000" : 4358144,
            "30.000000" : 4554752,
            "40.000000" : 4751360,
            "50.000000" : 4947968,
            "60.000000" : 5144576,
            "70.000000" : 5341184,
            "80.000000" : 5668864,
            "90.000000" : 6258688,
            "95.000000" : 7110656,
            "99.000000" : 9371648,
            "99.500000" : 10158080,
            "99.900000" : 12386304,
            "99.950000" : 13828096,
            "99.990000" : 17112760320
          }
        },
        "lat_ns" : {
          "min" : 737708,
          "max" : 44097314363,
          "mean" : 10030088.106124,
          "stddev" : 463904798.481300,
          "N" : 571670
        },
        "bw_min" : 32,
        "bw_max" : 1740293,
        "bw_agg" : 100.000000,
        "bw_mean" : 425785.103676,
        "bw_dev" : 2553.705752,
        "bw_samples" : 571670,
        "iops_min" : 32,
        "iops_max" : 32,
        "iops_mean" : 32.000000,
        "iops_stddev" : 0.000000,
        "iops_samples" : 571670
      },
      "write" : {
        "io_bytes" : 0,
        "io_kbytes" : 0,
        "bw_bytes" : 0,
        "bw" : 0,
        "iops" : 0.000000,
        "runtime" : 0,
        "total_ios" : 0,
        "short_ios" : 0,
        "drop_ios" : 0,
        "slat_ns" : {
          "min" : 0,
          "max" : 0,
          "mean" : 0.000000,
          "stddev" : 0.000000,
          "N" : 0
        },
        "clat_ns" : {
          "min" : 0,
          "max" : 0,
          "mean" : 0.000000,
          "stddev" : 0.000000,
          "N" : 0
        },
        "lat_ns" : {
          "min" : 0,
          "max" : 0,
          "mean" : 0.000000,
          "stddev" : 0.000000,
          "N" : 0
        },
        "bw_min" : 0,
        "bw_max" : 0,
        "bw_agg" : 0.000000,
        "bw_mean" : 0.000000,
        "bw_dev" : 0.000000,
        "bw_samples" : 0,
        "iops_min" : 0,
        "iops_max" : 0,
        "iops_mean" : 0.000000,
        "iops_stddev" : 0.000000,
        "iops_samples" : 0
      },
      "trim" : {
        "io_bytes" : 0,
        "io_kbytes" : 0,
        "bw_bytes" : 0,
        "bw" : 0,
        "iops" : 0.000000,
        "runtime" : 0,
        "total_ios" : 0,
        "short_ios" : 0,
        "drop_ios" : 0,
        "slat_ns" : {
          "min" : 0,
          "max" : 0,
          "mean" : 0.000000,
          "stddev" : 0.000000,
          "N" : 0
        },
        "clat_ns" : {
          "min" : 0,
          "max" : 0,
          "mean" : 0.000000,
          "stddev" : 0.000000,
          "N" : 0
        },
        "lat_ns" : {
          "min" : 0,
          "max" : 0,
          "mean" : 0.000000,
          "stddev" : 0.000000,
          "N" : 0
        },
        "bw_min" : 0,
        "bw_max" : 0,
        "bw_agg" : 0.000000,
        "bw_mean" : 0.000000,
        "bw_dev" : 0.000000,
        "bw_samples" : 0,
        "iops_min" : 0,
        "iops_max" : 0,
        "iops_mean" : 0.000000,
        "iops_stddev" : 0.000000,
        "iops_samples" : 0
      },
      "sync" : {
        "total_ios" : 0,
        "lat_ns" : {
          "min" : 0,
          "max" : 0,
          "mean" : 0.000000,
          "stddev" : 0.000000,
          "N" : 0
        }
      },
      "job_runtime" : 2867946,
      "usr_cpu" : 0.214544,
      "sys_cpu" : 0.156593,
      "ctx" : 571546,
      "majf" : 0,
      "minf" : 48853,
      "iodepth_level" : {
        "1" : 0.100000,
        "2" : 99.977608,
        "4" : 0.000000,
        "8" : 0.000000,
        "16" : 0.000000,
        "32" : 0.000000,
        ">=64" : 0.000000
      },
      "iodepth_submit" : {
        "0" : 0.000000,
        "4" : 100.000000,
        "8" : 0.000000,
        "16" : 0.000000,
        "32" : 0.000000,
        "64" : 0.000000,
        ">=64" : 0.000000
      },
      "iodepth_complete" : {
        "0" : 0.100000,
        "4" : 99.997201,
        "8" : 0.000000,
        "16" : 0.000000,
        "32" : 0.000000,
        "64" : 0.000000,
        ">=64" : 0.000000
      },
      "latency_ns" : {
        "2" : 0.000000,
        "4" : 0.000000,
        "10" : 0.000000,
        "20" : 0.000000,
        "50" : 0.000000,
        "100" : 0.000000,
        "250" : 0.000000,
        "500" : 0.000000,
        "750" : 0.000000,
        "1000" : 0.000000
      },
      "latency_us" : {
        "2" : 0.000000,
        "4" : 0.000000,
        "10" : 0.000000,
        "20" : 0.000000,
        "50" : 0.000000,
        "100" : 0.000000,
        "250" : 0.000000,
        "500" : 0.000000,
        "750" : 0.010000,
        "1000" : 0.010000
      },
      "latency_ms" : {
        "2" : 0.010000,
        "4" : 5.699936,
        "10" : 93.752340,
        "20" : 0.538278,
        "50" : 0.010000,
        "100" : 0.000000,
        "250" : 0.000000,
        "500" : 0.000000,
        "750" : 0.000000,
        "1000" : 0.000000,
        "2000" : 0.000000,
        ">=2000" : 0.011196
      },
      "latency_depth" : 2,
      "latency_target" : 0,
      "latency_percentile" : 100.000000,
      "latency_window" : 0
    }
  ],
  "disk_util" : [
    {
      "name" : "sda",
      "read_ios" : 8,
      "write_ios" : 2036,
      "read_sectors" : 80,
      "write_sectors" : 405896,
      "read_merges" : 0,
      "write_merges" : 2448,
      "read_ticks" : 2,
      "write_ticks" : 3522,
      "in_queue" : 3542,
      "util" : 0.405707
    }
  ]
}
