{
  "fio version" : "fio-3.39-26-ga72fe",
  "timestamp" : 1747753717,
  "timestamp_ms" : 1747753717109,
  "time" : "Tue May 20 15:08:37 2025",
  "global options" : {
    "write_iops_log" : "sea_1osd_56reactor_32fio_bal_osd_rc_1procs_seqread",
    "write_bw_log" : "sea_1osd_56reactor_32fio_bal_osd_rc_1procs_seqread",
    "write_lat_log" : "sea_1osd_56reactor_32fio_bal_osd_rc_1procs_seqread",
    "ioengine" : "rbd",
    "bs" : "64k",
    "rw" : "read",
    "direct" : "1",
    "runtime" : "5m",
    "time_based" : "",
    "group_reporting" : "",
    "ramp_time" : "30s",
    "thread" : "1",
    "iodepth" : "40",
    "clientname" : "admin",
    "pool" : "rbd"
  },
  "jobs" : [
    {
      "jobname" : "fio_test_0",
      "groupid" : 0,
      "job_start" : 1747753412890,
      "error" : 0,
      "eta" : 0,
      "elapsed" : 335,
      "job options" : {
        "max_latency" : "1s",
        "numjobs" : "1",
        "rbdname" : "fio_test_31"
      },
      "read" : {
        "io_bytes" : 493174325248,
        "io_kbytes" : 481615552,
        "bw_bytes" : 1643224263,
        "bw" : 1604711,
        "iops" : 25069.454163,
        "runtime" : 300126,
        "total_ios" : 7523995,
        "short_ios" : 0,
        "drop_ios" : 0,
        "slat_ns" : {
          "min" : 380,
          "max" : 7714603,
          "mean" : 5151.166377,
          "stddev" : 10718.757311,
          "N" : 7523995
        },
        "clat_ns" : {
          "min" : 623597,
          "max" : 571689398,
          "mean" : 50975221.897118,
          "stddev" : 48096837.195665,
          "N" : 7525243,
          "percentile" : {
            "1.000000" : 2965504,
            "5.000000" : 6979584,
            "10.000000" : 9764864,
            "20.000000" : 15532032,
            "30.000000" : 21364736,
            "40.000000" : 27918336,
            "50.000000" : 35913728,
            "60.000000" : 45875200,
            "70.000000" : 59506688,
            "80.000000" : 78118912,
            "90.000000" : 110624768,
            "95.000000" : 143654912,
            "99.000000" : 231735296,
            "99.500000" : 270532608,
            "99.900000" : 362807296,
            "99.950000" : 413138944,
            "99.990000" : 509607936
          }
        },
        "lat_ns" : {
          "min" : 626790,
          "max" : 571694027,
          "mean" : 50980372.840966,
          "stddev" : 48097130.146497,
          "N" : 7525243
        },
        "bw_min" : 3922,
        "bw_max" : 3202731,
        "bw_agg" : 6.330547,
        "bw_mean" : 101587.505795,
        "bw_dev" : 4791.009864,
        "bw_samples" : 7525243,
        "iops_min" : 32,
        "iops_max" : 32,
        "iops_mean" : 32.000000,
        "iops_stddev" : 0.000000,
        "iops_samples" : 7525243
      },
      "write" : {
        "io_bytes" : 0,
        "io_kbytes" : 0,
        "bw_bytes" : 0,
        "bw" : 0,
        "iops" : 0.000000,
        "runtime" : 0,
        "total_ios" : 0,
        "short_ios" : 0,
        "drop_ios" : 0,
        "slat_ns" : {
          "min" : 0,
          "max" : 0,
          "mean" : 0.000000,
          "stddev" : 0.000000,
          "N" : 0
        },
        "clat_ns" : {
          "min" : 0,
          "max" : 0,
          "mean" : 0.000000,
          "stddev" : 0.000000,
          "N" : 0
        },
        "lat_ns" : {
          "min" : 0,
          "max" : 0,
          "mean" : 0.000000,
          "stddev" : 0.000000,
          "N" : 0
        },
        "bw_min" : 0,
        "bw_max" : 0,
        "bw_agg" : 0.000000,
        "bw_mean" : 0.000000,
        "bw_dev" : 0.000000,
        "bw_samples" : 0,
        "iops_min" : 0,
        "iops_max" : 0,
        "iops_mean" : 0.000000,
        "iops_stddev" : 0.000000,
        "iops_samples" : 0
      },
      "trim" : {
        "io_bytes" : 0,
        "io_kbytes" : 0,
        "bw_bytes" : 0,
        "bw" : 0,
        "iops" : 0.000000,
        "runtime" : 0,
        "total_ios" : 0,
        "short_ios" : 0,
        "drop_ios" : 0,
        "slat_ns" : {
          "min" : 0,
          "max" : 0,
          "mean" : 0.000000,
          "stddev" : 0.000000,
          "N" : 0
        },
        "clat_ns" : {
          "min" : 0,
          "max" : 0,
          "mean" : 0.000000,
          "stddev" : 0.000000,
          "N" : 0
        },
        "lat_ns" : {
          "min" : 0,
          "max" : 0,
          "mean" : 0.000000,
          "stddev" : 0.000000,
          "N" : 0
        },
        "bw_min" : 0,
        "bw_max" : 0,
        "bw_agg" : 0.000000,
        "bw_mean" : 0.000000,
        "bw_dev" : 0.000000,
        "bw_samples" : 0,
        "iops_min" : 0,
        "iops_max" : 0,
        "iops_mean" : 0.000000,
        "iops_stddev" : 0.000000,
        "iops_samples" : 0
      },
      "sync" : {
        "total_ios" : 0,
        "lat_ns" : {
          "min" : 0,
          "max" : 0,
          "mean" : 0.000000,
          "stddev" : 0.000000,
          "N" : 0
        }
      },
      "job_runtime" : 9601779,
      "usr_cpu" : 0.675292,
      "sys_cpu" : 0.502282,
      "ctx" : 7086817,
      "majf" : 0,
      "minf" : 327515,
      "iodepth_level" : {
        "1" : 0.100000,
        "2" : 0.100000,
        "4" : 0.100000,
        "8" : 0.100000,
        "16" : 0.100000,
        "32" : 99.907709,
        ">=64" : 0.000000
      },
      "iodepth_submit" : {
        "0" : 0.000000,
        "4" : 100.000000,
        "8" : 0.000000,
        "16" : 0.000000,
        "32" : 0.000000,
        "64" : 0.000000,
        ">=64" : 0.000000
      },
      "iodepth_complete" : {
        "0" : 0.000000,
        "4" : 99.999787,
        "8" : 0.000000,
        "16" : 0.000000,
        "32" : 0.000000,
        "64" : 0.100000,
        ">=64" : 0.000000
      },
      "latency_ns" : {
        "2" : 0.000000,
        "4" : 0.000000,
        "10" : 0.000000,
        "20" : 0.000000,
        "50" : 0.000000,
        "100" : 0.000000,
        "250" : 0.000000,
        "500" : 0.000000,
        "750" : 0.000000,
        "1000" : 0.000000
      },
      "latency_us" : {
        "2" : 0.000000,
        "4" : 0.000000,
        "10" : 0.000000,
        "20" : 0.000000,
        "50" : 0.000000,
        "100" : 0.000000,
        "250" : 0.000000,
        "500" : 0.000000,
        "750" : 0.012161,
        "1000" : 0.054452
      },
      "latency_ms" : {
        "2" : 0.390883,
        "4" : 1.462853,
        "10" : 8.483060,
        "20" : 17.280315,
        "50" : 35.843857,
        "100" : 23.847132,
        "250" : 11.937355,
        "500" : 0.692531,
        "750" : 0.011988,
        "1000" : 0.000000,
        "2000" : 0.000000,
        ">=2000" : 0.000000
      },
      "latency_depth" : 40,
      "latency_target" : 0,
      "latency_percentile" : 100.000000,
      "latency_window" : 0
    }
  ],
  "disk_util" : [
    {
      "name" : "sda",
      "read_ios" : 17938,
      "write_ios" : 86897,
      "read_sectors" : 2384944,
      "write_sectors" : 48921848,
      "read_merges" : 202,
      "write_merges" : 28992,
      "read_ticks" : 29730,
      "write_ticks" : 283191,
      "in_queue" : 313959,
      "util" : 15.236816
    }
  ]
}
