{
  "fio version" : "fio-3.39-26-ga72fe",
  "timestamp" : 1747753350,
  "timestamp_ms" : 1747753350646,
  "time" : "Tue May 20 15:02:30 2025",
  "global options" : {
    "write_iops_log" : "sea_1osd_56reactor_32fio_bal_osd_rc_1procs_seqread",
    "write_bw_log" : "sea_1osd_56reactor_32fio_bal_osd_rc_1procs_seqread",
    "write_lat_log" : "sea_1osd_56reactor_32fio_bal_osd_rc_1procs_seqread",
    "ioengine" : "rbd",
    "bs" : "64k",
    "rw" : "read",
    "direct" : "1",
    "runtime" : "5m",
    "time_based" : "",
    "group_reporting" : "",
    "ramp_time" : "30s",
    "thread" : "1",
    "iodepth" : "32",
    "clientname" : "admin",
    "pool" : "rbd"
  },
  "jobs" : [
    {
      "jobname" : "fio_test_0",
      "groupid" : 0,
      "job_start" : 1747753204067,
      "error" : 110,
      "eta" : 0,
      "elapsed" : 177,
      "job options" : {
        "max_latency" : "1s",
        "numjobs" : "1",
        "rbdname" : "fio_test_31"
      },
      "read" : {
        "io_bytes" : 131100508160,
        "io_kbytes" : 128027840,
        "bw_bytes" : 896180877,
        "bw" : 875176,
        "iops" : 13667.853823,
        "runtime" : 146288,
        "total_ios" : 1999443,
        "short_ios" : 0,
        "drop_ios" : 0,
        "slat_ns" : {
          "min" : 572,
          "max" : 1170274,
          "mean" : 6244.204480,
          "stddev" : 3370.931710,
          "N" : 1999443
        },
        "clat_ns" : {
          "min" : 526836,
          "max" : 48416357120,
          "mean" : 73526811.416246,
          "stddev" : 1014013226.335080,
          "N" : 2000435,
          "percentile" : {
            "1.000000" : 1908736,
            "5.000000" : 4014080,
            "10.000000" : 6324224,
            "20.000000" : 11075584,
            "30.000000" : 16449536,
            "40.000000" : 23199744,
            "50.000000" : 31588352,
            "60.000000" : 44302336,
            "70.000000" : 61603840,
            "80.000000" : 84410368,
            "90.000000" : 117964800,
            "95.000000" : 152043520,
            "99.000000" : 246415360,
            "99.500000" : 295698432,
            "99.900000" : 488636416,
            "99.950000" : 17112760320,
            "99.990000" : 17112760320
          }
        },
        "lat_ns" : {
          "min" : 529423,
          "max" : 48416363887,
          "mean" : 73533056.246020,
          "stddev" : 1014013211.431877,
          "N" : 2000435
        },
        "bw_min" : 32,
        "bw_max" : 3041136,
        "bw_agg" : 15.927870,
        "bw_mean" : 139397.678417,
        "bw_dev" : 6857.867756,
        "bw_samples" : 2000435,
        "iops_min" : 32,
        "iops_max" : 32,
        "iops_mean" : 32.000000,
        "iops_stddev" : 0.000000,
        "iops_samples" : 2000435
      },
      "write" : {
        "io_bytes" : 0,
        "io_kbytes" : 0,
        "bw_bytes" : 0,
        "bw" : 0,
        "iops" : 0.000000,
        "runtime" : 0,
        "total_ios" : 0,
        "short_ios" : 0,
        "drop_ios" : 0,
        "slat_ns" : {
          "min" : 0,
          "max" : 0,
          "mean" : 0.000000,
          "stddev" : 0.000000,
          "N" : 0
        },
        "clat_ns" : {
          "min" : 0,
          "max" : 0,
          "mean" : 0.000000,
          "stddev" : 0.000000,
          "N" : 0
        },
        "lat_ns" : {
          "min" : 0,
          "max" : 0,
          "mean" : 0.000000,
          "stddev" : 0.000000,
          "N" : 0
        },
        "bw_min" : 0,
        "bw_max" : 0,
        "bw_agg" : 0.000000,
        "bw_mean" : 0.000000,
        "bw_dev" : 0.000000,
        "bw_samples" : 0,
        "iops_min" : 0,
        "iops_max" : 0,
        "iops_mean" : 0.000000,
        "iops_stddev" : 0.000000,
        "iops_samples" : 0
      },
      "trim" : {
        "io_bytes" : 0,
        "io_kbytes" : 0,
        "bw_bytes" : 0,
        "bw" : 0,
        "iops" : 0.000000,
        "runtime" : 0,
        "total_ios" : 0,
        "short_ios" : 0,
        "drop_ios" : 0,
        "slat_ns" : {
          "min" : 0,
          "max" : 0,
          "mean" : 0.000000,
          "stddev" : 0.000000,
          "N" : 0
        },
        "clat_ns" : {
          "min" : 0,
          "max" : 0,
          "mean" : 0.000000,
          "stddev" : 0.000000,
          "N" : 0
        },
        "lat_ns" : {
          "min" : 0,
          "max" : 0,
          "mean" : 0.000000,
          "stddev" : 0.000000,
          "N" : 0
        },
        "bw_min" : 0,
        "bw_max" : 0,
        "bw_agg" : 0.000000,
        "bw_mean" : 0.000000,
        "bw_dev" : 0.000000,
        "bw_samples" : 0,
        "iops_min" : 0,
        "iops_max" : 0,
        "iops_mean" : 0.000000,
        "iops_stddev" : 0.000000,
        "iops_samples" : 0
      },
      "sync" : {
        "total_ios" : 0,
        "lat_ns" : {
          "min" : 0,
          "max" : 0,
          "mean" : 0.000000,
          "stddev" : 0.000000,
          "N" : 0
        }
      },
      "job_runtime" : 4602666,
      "usr_cpu" : 0.468250,
      "sys_cpu" : 0.330808,
      "ctx" : 1963263,
      "majf" : 0,
      "minf" : 150394,
      "iodepth_level" : {
        "1" : 0.100000,
        "2" : 0.100000,
        "4" : 0.100000,
        "8" : 0.100000,
        "16" : 0.132837,
        "32" : 99.742628,
        ">=64" : 0.000000
      },
      "iodepth_submit" : {
        "0" : 0.000000,
        "4" : 100.000000,
        "8" : 0.000000,
        "16" : 0.000000,
        "32" : 0.000000,
        "64" : 0.000000,
        ">=64" : 0.000000
      },
      "iodepth_complete" : {
        "0" : 0.100000,
        "4" : 99.998400,
        "8" : 0.000000,
        "16" : 0.000000,
        "32" : 0.100000,
        "64" : 0.000000,
        ">=64" : 0.000000
      },
      "latency_ns" : {
        "2" : 0.000000,
        "4" : 0.000000,
        "10" : 0.000000,
        "20" : 0.000000,
        "50" : 0.000000,
        "100" : 0.000000,
        "250" : 0.000000,
        "500" : 0.000000,
        "750" : 0.000000,
        "1000" : 0.000000
      },
      "latency_us" : {
        "2" : 0.000000,
        "4" : 0.000000,
        "10" : 0.000000,
        "20" : 0.000000,
        "50" : 0.000000,
        "100" : 0.000000,
        "250" : 0.000000,
        "500" : 0.000000,
        "750" : 0.012003,
        "1000" : 0.106480
      },
      "latency_ms" : {
        "2" : 1.073849,
        "4" : 3.655368,
        "10" : 13.069540,
        "20" : 17.658268,
        "50" : 27.879064,
        "100" : 22.209435,
        "250" : 13.450246,
        "500" : 0.842185,
        "750" : 0.041962,
        "1000" : 0.000000,
        "2000" : 0.000000,
        ">=2000" : 0.051214
      },
      "latency_depth" : 32,
      "latency_target" : 0,
      "latency_percentile" : 100.000000,
      "latency_window" : 0
    }
  ],
  "disk_util" : [
    {
      "name" : "sda",
      "read_ios" : 1049,
      "write_ios" : 26914,
      "read_sectors" : 16840,
      "write_sectors" : 25007992,
      "read_merges" : 39,
      "write_merges" : 13218,
      "read_ticks" : 1544,
      "write_ticks" : 147115,
      "in_queue" : 148966,
      "util" : 13.639663
    }
  ]
}
