{
  "fio version" : "fio-3.39-26-ga72fe",
  "timestamp" : 1747753146,
  "timestamp_ms" : 1747753146165,
  "time" : "Tue May 20 14:59:06 2025",
  "global options" : {
    "write_iops_log" : "sea_1osd_56reactor_32fio_bal_osd_rc_1procs_seqread",
    "write_bw_log" : "sea_1osd_56reactor_32fio_bal_osd_rc_1procs_seqread",
    "write_lat_log" : "sea_1osd_56reactor_32fio_bal_osd_rc_1procs_seqread",
    "ioengine" : "rbd",
    "bs" : "64k",
    "rw" : "read",
    "direct" : "1",
    "runtime" : "5m",
    "time_based" : "",
    "group_reporting" : "",
    "ramp_time" : "30s",
    "thread" : "1",
    "iodepth" : "24",
    "clientname" : "admin",
    "pool" : "rbd"
  },
  "jobs" : [
    {
      "jobname" : "fio_test_0",
      "groupid" : 0,
      "job_start" : 1747752988286,
      "error" : 110,
      "eta" : 0,
      "elapsed" : 189,
      "job options" : {
        "max_latency" : "1s",
        "numjobs" : "1",
        "rbdname" : "fio_test_31"
      },
      "read" : {
        "io_bytes" : 160136429568,
        "io_kbytes" : 156383232,
        "bw_bytes" : 1024971546,
        "bw" : 1000948,
        "iops" : 15635.107370,
        "runtime" : 156235,
        "total_ios" : 2442751,
        "short_ios" : 0,
        "drop_ios" : 0,
        "slat_ns" : {
          "min" : 458,
          "max" : 363953,
          "mean" : 3995.235404,
          "stddev" : 2483.858950,
          "N" : 2442752
        },
        "clat_ns" : {
          "min" : 476657,
          "max" : 48572778529,
          "mean" : 48832403.232376,
          "stddev" : 803338239.677238,
          "N" : 2443487,
          "percentile" : {
            "1.000000" : 1302528,
            "5.000000" : 3031040,
            "10.000000" : 4620288,
            "20.000000" : 7962624,
            "30.000000" : 11468800,
            "40.000000" : 15532032,
            "50.000000" : 20840448,
            "60.000000" : 28442624,
            "70.000000" : 41680896,
            "80.000000" : 61603840,
            "90.000000" : 83361792,
            "95.000000" : 103284736,
            "99.000000" : 156237824,
            "99.500000" : 187695104,
            "99.900000" : 291504128,
            "99.950000" : 341835776,
            "99.990000" : 17112760320
          }
        },
        "lat_ns" : {
          "min" : 478490,
          "max" : 48572780782,
          "mean" : 48836399.506019,
          "stddev" : 803338279.095718,
          "N" : 2443487
        },
        "bw_min" : 32,
        "bw_max" : 3647806,
        "bw_agg" : 19.280707,
        "bw_mean" : 192990.539818,
        "bw_dev" : 9082.556267,
        "bw_samples" : 2443487,
        "iops_min" : 32,
        "iops_max" : 32,
        "iops_mean" : 32.000000,
        "iops_stddev" : 0.000000,
        "iops_samples" : 2443487
      },
      "write" : {
        "io_bytes" : 0,
        "io_kbytes" : 0,
        "bw_bytes" : 0,
        "bw" : 0,
        "iops" : 0.000000,
        "runtime" : 0,
        "total_ios" : 0,
        "short_ios" : 0,
        "drop_ios" : 0,
        "slat_ns" : {
          "min" : 0,
          "max" : 0,
          "mean" : 0.000000,
          "stddev" : 0.000000,
          "N" : 0
        },
        "clat_ns" : {
          "min" : 0,
          "max" : 0,
          "mean" : 0.000000,
          "stddev" : 0.000000,
          "N" : 0
        },
        "lat_ns" : {
          "min" : 0,
          "max" : 0,
          "mean" : 0.000000,
          "stddev" : 0.000000,
          "N" : 0
        },
        "bw_min" : 0,
        "bw_max" : 0,
        "bw_agg" : 0.000000,
        "bw_mean" : 0.000000,
        "bw_dev" : 0.000000,
        "bw_samples" : 0,
        "iops_min" : 0,
        "iops_max" : 0,
        "iops_mean" : 0.000000,
        "iops_stddev" : 0.000000,
        "iops_samples" : 0
      },
      "trim" : {
        "io_bytes" : 0,
        "io_kbytes" : 0,
        "bw_bytes" : 0,
        "bw" : 0,
        "iops" : 0.000000,
        "runtime" : 0,
        "total_ios" : 0,
        "short_ios" : 0,
        "drop_ios" : 0,
        "slat_ns" : {
          "min" : 0,
          "max" : 0,
          "mean" : 0.000000,
          "stddev" : 0.000000,
          "N" : 0
        },
        "clat_ns" : {
          "min" : 0,
          "max" : 0,
          "mean" : 0.000000,
          "stddev" : 0.000000,
          "N" : 0
        },
        "lat_ns" : {
          "min" : 0,
          "max" : 0,
          "mean" : 0.000000,
          "stddev" : 0.000000,
          "N" : 0
        },
        "bw_min" : 0,
        "bw_max" : 0,
        "bw_agg" : 0.000000,
        "bw_mean" : 0.000000,
        "bw_dev" : 0.000000,
        "bw_samples" : 0,
        "iops_min" : 0,
        "iops_max" : 0,
        "iops_mean" : 0.000000,
        "iops_stddev" : 0.000000,
        "iops_samples" : 0
      },
      "sync" : {
        "total_ios" : 0,
        "lat_ns" : {
          "min" : 0,
          "max" : 0,
          "mean" : 0.000000,
          "stddev" : 0.000000,
          "N" : 0
        }
      },
      "job_runtime" : 4977893,
      "usr_cpu" : 0.322606,
      "sys_cpu" : 0.288917,
      "ctx" : 2424777,
      "majf" : 0,
      "minf" : 206128,
      "iodepth_level" : {
        "1" : 0.100000,
        "2" : 0.100000,
        "4" : 0.100000,
        "8" : 0.100000,
        "16" : 99.882100,
        "32" : 0.000000,
        ">=64" : 0.000000
      },
      "iodepth_submit" : {
        "0" : 0.000000,
        "4" : 100.000000,
        "8" : 0.000000,
        "16" : 0.000000,
        "32" : 0.000000,
        "64" : 0.000000,
        ">=64" : 0.000000
      },
      "iodepth_complete" : {
        "0" : 0.100000,
        "4" : 99.998690,
        "8" : 0.000000,
        "16" : 0.000000,
        "32" : 0.100000,
        "64" : 0.000000,
        ">=64" : 0.000000
      },
      "latency_ns" : {
        "2" : 0.000000,
        "4" : 0.000000,
        "10" : 0.000000,
        "20" : 0.000000,
        "50" : 0.000000,
        "100" : 0.000000,
        "250" : 0.000000,
        "500" : 0.000000,
        "750" : 0.000000,
        "1000" : 0.000000
      },
      "latency_us" : {
        "2" : 0.000000,
        "4" : 0.000000,
        "10" : 0.000000,
        "20" : 0.000000,
        "50" : 0.000000,
        "100" : 0.000000,
        "250" : 0.000000,
        "500" : 0.010000,
        "750" : 0.101566,
        "1000" : 0.311698
      },
      "latency_ms" : {
        "2" : 1.805464,
        "4" : 5.492905,
        "10" : 18.103933,
        "20" : 22.610942,
        "50" : 26.548838,
        "100" : 19.519836,
        "250" : 5.350320,
        "500" : 0.152656,
        "750" : 0.000000,
        "1000" : 0.000000,
        "2000" : 0.000000,
        ">=2000" : 0.031440
      },
      "latency_depth" : 24,
      "latency_target" : 0,
      "latency_percentile" : 100.000000,
      "latency_window" : 0
    }
  ],
  "disk_util" : [
    {
      "name" : "sda",
      "read_ios" : 273,
      "write_ios" : 10971,
      "read_sectors" : 12792,
      "write_sectors" : 6738480,
      "read_merges" : 72,
      "write_merges" : 38479,
      "read_ticks" : 104,
      "write_ticks" : 37996,
      "in_queue" : 38243,
      "util" : 3.497976
    }
  ]
}
