{
  "fio version" : "fio-3.39-26-ga72fe",
  "timestamp" : 1747754015,
  "timestamp_ms" : 1747754015215,
  "time" : "Tue May 20 15:13:35 2025",
  "global options" : {
    "write_iops_log" : "sea_1osd_56reactor_32fio_bal_osd_rc_1procs_seqread",
    "write_bw_log" : "sea_1osd_56reactor_32fio_bal_osd_rc_1procs_seqread",
    "write_lat_log" : "sea_1osd_56reactor_32fio_bal_osd_rc_1procs_seqread",
    "ioengine" : "rbd",
    "bs" : "64k",
    "rw" : "read",
    "direct" : "1",
    "runtime" : "5m",
    "time_based" : "",
    "group_reporting" : "",
    "ramp_time" : "30s",
    "thread" : "1",
    "iodepth" : "64",
    "clientname" : "admin",
    "pool" : "rbd"
  },
  "jobs" : [
    {
      "jobname" : "fio_test_0",
      "groupid" : 0,
      "job_start" : 1747753945008,
      "error" : 110,
      "eta" : 0,
      "elapsed" : 101,
      "job options" : {
        "max_latency" : "1s",
        "numjobs" : "1",
        "rbdname" : "fio_test_31"
      },
      "read" : {
        "io_bytes" : 6920404992,
        "io_kbytes" : 6758208,
        "bw_bytes" : 98940667,
        "bw" : 96621,
        "iops" : 1480.877833,
        "runtime" : 69945,
        "total_ios" : 103580,
        "short_ios" : 0,
        "drop_ios" : 0,
        "slat_ns" : {
          "min" : 366,
          "max" : 38310,
          "mean" : 3535.930315,
          "stddev" : 2571.392792,
          "N" : 103581
        },
        "clat_ns" : {
          "min" : 2033338,
          "max" : 65094782263,
          "mean" : 607241193.420707,
          "stddev" : 4179080920.309984,
          "N" : 105596,
          "percentile" : {
            "1.000000" : 4358144,
            "5.000000" : 12779520,
            "10.000000" : 22937600,
            "20.000000" : 42205184,
            "30.000000" : 60555264,
            "40.000000" : 78118912,
            "50.000000" : 95944704,
            "60.000000" : 115867648,
            "70.000000" : 139460608,
            "80.000000" : 179306496,
            "90.000000" : 267386880,
            "95.000000" : 387973120,
            "99.000000" : 17112760320,
            "99.500000" : 17112760320,
            "99.900000" : 17112760320,
            "99.950000" : 17112760320,
            "99.990000" : 17112760320
          }
        },
        "lat_ns" : {
          "min" : 2043151,
          "max" : 65094790339,
          "mean" : 607244730.920717,
          "stddev" : 4179080994.754634,
          "N" : 105596
        },
        "bw_min" : 207,
        "bw_max" : 763524,
        "bw_agg" : 46.584752,
        "bw_mean" : 45011.674713,
        "bw_dev" : 2474.159607,
        "bw_samples" : 105596,
        "iops_min" : 32,
        "iops_max" : 32,
        "iops_mean" : 32.000000,
        "iops_stddev" : 0.000000,
        "iops_samples" : 105596
      },
      "write" : {
        "io_bytes" : 0,
        "io_kbytes" : 0,
        "bw_bytes" : 0,
        "bw" : 0,
        "iops" : 0.000000,
        "runtime" : 0,
        "total_ios" : 0,
        "short_ios" : 0,
        "drop_ios" : 0,
        "slat_ns" : {
          "min" : 0,
          "max" : 0,
          "mean" : 0.000000,
          "stddev" : 0.000000,
          "N" : 0
        },
        "clat_ns" : {
          "min" : 0,
          "max" : 0,
          "mean" : 0.000000,
          "stddev" : 0.000000,
          "N" : 0
        },
        "lat_ns" : {
          "min" : 0,
          "max" : 0,
          "mean" : 0.000000,
          "stddev" : 0.000000,
          "N" : 0
        },
        "bw_min" : 0,
        "bw_max" : 0,
        "bw_agg" : 0.000000,
        "bw_mean" : 0.000000,
        "bw_dev" : 0.000000,
        "bw_samples" : 0,
        "iops_min" : 0,
        "iops_max" : 0,
        "iops_mean" : 0.000000,
        "iops_stddev" : 0.000000,
        "iops_samples" : 0
      },
      "trim" : {
        "io_bytes" : 0,
        "io_kbytes" : 0,
        "bw_bytes" : 0,
        "bw" : 0,
        "iops" : 0.000000,
        "runtime" : 0,
        "total_ios" : 0,
        "short_ios" : 0,
        "drop_ios" : 0,
        "slat_ns" : {
          "min" : 0,
          "max" : 0,
          "mean" : 0.000000,
          "stddev" : 0.000000,
          "N" : 0
        },
        "clat_ns" : {
          "min" : 0,
          "max" : 0,
          "mean" : 0.000000,
          "stddev" : 0.000000,
          "N" : 0
        },
        "lat_ns" : {
          "min" : 0,
          "max" : 0,
          "mean" : 0.000000,
          "stddev" : 0.000000,
          "N" : 0
        },
        "bw_min" : 0,
        "bw_max" : 0,
        "bw_agg" : 0.000000,
        "bw_mean" : 0.000000,
        "bw_dev" : 0.000000,
        "bw_samples" : 0,
        "iops_min" : 0,
        "iops_max" : 0,
        "iops_mean" : 0.000000,
        "iops_stddev" : 0.000000,
        "iops_samples" : 0
      },
      "sync" : {
        "total_ios" : 0,
        "lat_ns" : {
          "min" : 0,
          "max" : 0,
          "mean" : 0.000000,
          "stddev" : 0.000000,
          "N" : 0
        }
      },
      "job_runtime" : 1166672,
      "usr_cpu" : 0.053143,
      "sys_cpu" : 0.045600,
      "ctx" : 105096,
      "majf" : 0,
      "minf" : 5426,
      "iodepth_level" : {
        "1" : 0.100000,
        "2" : 0.100000,
        "4" : 0.193087,
        "8" : 0.386175,
        "16" : 0.772350,
        "32" : 1.544700,
        ">=64" : 96.953080
      },
      "iodepth_submit" : {
        "0" : 0.000000,
        "4" : 100.000000,
        "8" : 0.000000,
        "16" : 0.000000,
        "32" : 0.000000,
        "64" : 0.000000,
        ">=64" : 0.000000
      },
      "iodepth_complete" : {
        "0" : 0.100000,
        "4" : 99.972061,
        "8" : 0.000000,
        "16" : 0.000000,
        "32" : 0.000000,
        "64" : 0.100000,
        ">=64" : 0.000000
      },
      "latency_ns" : {
        "2" : 0.000000,
        "4" : 0.000000,
        "10" : 0.000000,
        "20" : 0.000000,
        "50" : 0.000000,
        "100" : 0.000000,
        "250" : 0.000000,
        "500" : 0.000000,
        "750" : 0.000000,
        "1000" : 0.000000
      },
      "latency_us" : {
        "2" : 0.000000,
        "4" : 0.000000,
        "10" : 0.000000,
        "20" : 0.000000,
        "50" : 0.000000,
        "100" : 0.000000,
        "250" : 0.000000,
        "500" : 0.000000,
        "750" : 0.000000,
        "1000" : 0.000000
      },
      "latency_ms" : {
        "2" : 0.000000,
        "4" : 0.812898,
        "10" : 2.957135,
        "20" : 4.919869,
        "50" : 15.920062,
        "100" : 28.581773,
        "250" : 37.480209,
        "500" : 8.069125,
        "750" : 1.410504,
        "1000" : 0.195984,
        "2000" : 0.073373,
        ">=2000" : 1.525391
      },
      "latency_depth" : 64,
      "latency_target" : 0,
      "latency_percentile" : 100.000000,
      "latency_window" : 0
    }
  ],
  "disk_util" : [
    {
      "name" : "sda",
      "read_ios" : 54,
      "write_ios" : 2264,
      "read_sectors" : 856,
      "write_sectors" : 275408,
      "read_merges" : 0,
      "write_merges" : 2489,
      "read_ticks" : 14,
      "write_ticks" : 2871,
      "in_queue" : 2905,
      "util" : 0.372914
    }
  ]
}
