{
    "iodepth": [
        "1",
        "2",
        "4",
        "8",
        "16",
        "24",
        "32",
        "40",
        "52",
        "64"
    ],
    "bw": [
        468.341,
        407.099,
        287.079,
        187.052,
        190.79,
        1000.948,
        875.176,
        1604.711,
        1358.258,
        96.621
    ],
    "total_ios": [
        804003,
        571638,
        470338,
        204002,
        148620,
        2442751,
        1999443,
        7523995,
        2133720,
        103580
    ],
    "clat_ms": [
        4.35756992425,
        10.024193473556,
        28.456815280641,
        87.258952969127,
        170.815124657257,
        48.832403232376,
        73.52681141624599,
        50.975221897118004,
        72.547812484927,
        607.241193420707
    ],
    "clat_stdev": [
        473.258588292239,
        463.904820312183,
        1082.9288846960121,
        1899.015257350207,
        2260.7494389466783,
        803.338239677238,
        1014.01322633508,
        48.096837195665,
        1067.5869248666231,
        4179.080920309984
    ],
    "usr_cpu": [
        0.154049,
        0.214544,
        0.167998,
        0.114307,
        0.073468,
        0.322606,
        0.46825,
        0.675292,
        0.349835,
        0.053143
    ],
    "sys_cpu": [
        0.123177,
        0.156593,
        0.122602,
        0.085001,
        0.049544,
        0.288917,
        0.330808,
        0.502282,
        0.309469,
        0.0456
    ],
    "OSD_cpu": [
        0.0,
        0.0,
        0.0,
        0.0,
        0.0,
        0.0,
        0.0,
        0.0,
        0.0,
        0.0
    ],
    "OSD_mem": [
        0.0,
        0.0,
        0.0,
        0.0,
        0.0,
        0.0,
        0.0,
        0.0,
        0.0,
        0.0
    ],
    "FIO_cpu": [
        113.05333333333373,
        117.4166666666668,
        104.55666666666662,
        51.48999999999987,
        29.41333333333339,
        257.59333333333586,
        363.2833333333323,
        317.366666666666,
        276.78666666666896,
        22.49666666666665
    ],
    "FIO_mem": [
        41.999999999998316,
        41.999999999998316,
        41.999999999998316,
        36.00000000000377,
        25.500000000003514,
        51.000000000007184,
        51.00000000000042,
        61.500000000011745,
        71.6400000000102,
        22.246666666669466
    ]
}