{
    "MSGR": {
        "perf-crimson-ms": {
            "cpu": [
                99.9,
                99.7,
                99.0,
                99.7,
                99.3,
                99.7,
                99.0,
                99.7,
                99.3,
                99.0,
                99.7,
                99.3,
                99.7,
                99.0,
                99.7,
                99.3,
                99.3,
                99.3,
                99.7,
                99.3,
                99.3
            ],
            "mem": [
                1.0,
                1.0,
                1.0,
                1.0,
                1.0,
                1.0,
                1.0,
                1.0,
                1.0,
                1.0,
                1.0,
                1.0,
                1.0,
                1.0,
                1.0,
                1.0,
                1.0,
                1.0,
                1.0,
                1.0,
                1.0
            ]
        },
        "reactor": {
            "cpu": [
                2171.4000000000005,
                2687.9000000000015,
                2679.0999999999995,
                2688.3000000000015,
                2678.0999999999995,
                2688.1000000000013,
                2678.3999999999996,
                2686.100000000001,
                2680.5999999999995,
                2678.2999999999997,
                2688.3000000000015,
                2679.7999999999993,
                2687.700000000001,
                2677.7999999999993,
                2688.5000000000014,
                2679.0999999999995,
                2688.1000000000013,
                2677.5999999999995,
                2689.500000000002,
                2678.7999999999993,
                2679.7999999999993
            ],
            "mem": [
                50.0,
                55.0,
                55.0,
                55.0,
                55.0,
                55.0,
                55.0,
                55.0,
                55.0,
                55.0,
                55.0,
                55.0,
                55.0,
                55.0,
                55.0,
                55.0,
                55.0,
                55.0,
                55.0,
                55.0,
                55.0
            ]
        }
    }
}