{
  "fio version" : "fio-3.39-26-ga72fe",
  "timestamp" : 1755554853,
  "timestamp_ms" : 1755554853032,
  "time" : "Mon Aug 18 22:07:33 2025",
  "global options" : {
    "write_iops_log" : "sea_1osd_8reactor_32fio_bal_osd_rc_1procs_randread_zoned",
    "write_bw_log" : "sea_1osd_8reactor_32fio_bal_osd_rc_1procs_randread_zoned",
    "write_lat_log" : "sea_1osd_8reactor_32fio_bal_osd_rc_1procs_randread_zoned",
    "write_hist_log" : "sea_1osd_8reactor_32fio_bal_osd_rc_1procs_randread_zoned",
    "ioengine" : "rbd",
    "bs" : "4k",
    "rw" : "randread",
    "random_distribution" : "zoned:60/10:30/20:8/30:2/40",
    "direct" : "1",
    "runtime" : "5m",
    "time_based" : "",
    "group_reporting" : "",
    "numjobs" : "1",
    "ramp_time" : "30s",
    "thread" : "1",
    "iodepth" : "24",
    "clientname" : "admin",
    "pool" : "rbd"
  },
  "jobs" : [
    {
      "jobname" : "fio_test_0",
      "groupid" : 0,
      "job_start" : 1755554535032,
      "error" : 0,
      "eta" : 0,
      "elapsed" : 349,
      "job options" : {
        "max_latency" : "1s",
        "rbdname" : "fio_test_0"
      },
      "read" : {
        "io_bytes" : 43724615680,
        "io_kbytes" : 42699820,
        "bw_bytes" : 145748233,
        "bw" : 142332,
        "iops" : 35582.988057,
        "runtime" : 300001,
        "total_ios" : 10674932,
        "short_ios" : 0,
        "drop_ios" : 0,
        "slat_ns" : {
          "min" : 356,
          "max" : 1013256,
          "mean" : 2219.968959,
          "stddev" : 1600.132109,
          "N" : 10674932
        },
        "clat_ns" : {
          "min" : 38878,
          "max" : 3495563,
          "mean" : 670348.438559,
          "stddev" : 318635.425818,
          "N" : 10674955,
          "percentile" : {
            "1.000000" : 203776,
            "5.000000" : 280576,
            "10.000000" : 333824,
            "20.000000" : 411648,
            "30.000000" : 473088,
            "40.000000" : 536576,
            "50.000000" : 602112,
            "60.000000" : 684032,
            "70.000000" : 782336,
            "80.000000" : 897024,
            "90.000000" : 1073152,
            "95.000000" : 1286144,
            "99.000000" : 1761280,
            "99.500000" : 1875968,
            "99.900000" : 2072576,
            "99.950000" : 2146304,
            "99.990000" : 2277376
          }
        },
        "lat_ns" : {
          "min" : 94069,
          "max" : 3499578,
          "mean" : 672568.405749,
          "stddev" : 319172.214454,
          "N" : 10674955
        },
        "bw_min" : 1171,
        "bw_max" : 105355,
        "bw_agg" : 5.305895,
        "bw_mean" : 7552.871004,
        "bw_dev" : 3698.768071,
        "bw_samples" : 10674955,
        "iops_min" : 1,
        "iops_max" : 1,
        "iops_mean" : 1.000000,
        "iops_stddev" : 0.000000,
        "iops_samples" : 10674955
      },
      "write" : {
        "io_bytes" : 0,
        "io_kbytes" : 0,
        "bw_bytes" : 0,
        "bw" : 0,
        "iops" : 0.000000,
        "runtime" : 0,
        "total_ios" : 0,
        "short_ios" : 0,
        "drop_ios" : 0,
        "slat_ns" : {
          "min" : 0,
          "max" : 0,
          "mean" : 0.000000,
          "stddev" : 0.000000,
          "N" : 0
        },
        "clat_ns" : {
          "min" : 0,
          "max" : 0,
          "mean" : 0.000000,
          "stddev" : 0.000000,
          "N" : 0
        },
        "lat_ns" : {
          "min" : 0,
          "max" : 0,
          "mean" : 0.000000,
          "stddev" : 0.000000,
          "N" : 0
        },
        "bw_min" : 0,
        "bw_max" : 0,
        "bw_agg" : 0.000000,
        "bw_mean" : 0.000000,
        "bw_dev" : 0.000000,
        "bw_samples" : 0,
        "iops_min" : 0,
        "iops_max" : 0,
        "iops_mean" : 0.000000,
        "iops_stddev" : 0.000000,
        "iops_samples" : 0
      },
      "trim" : {
        "io_bytes" : 0,
        "io_kbytes" : 0,
        "bw_bytes" : 0,
        "bw" : 0,
        "iops" : 0.000000,
        "runtime" : 0,
        "total_ios" : 0,
        "short_ios" : 0,
        "drop_ios" : 0,
        "slat_ns" : {
          "min" : 0,
          "max" : 0,
          "mean" : 0.000000,
          "stddev" : 0.000000,
          "N" : 0
        },
        "clat_ns" : {
          "min" : 0,
          "max" : 0,
          "mean" : 0.000000,
          "stddev" : 0.000000,
          "N" : 0
        },
        "lat_ns" : {
          "min" : 0,
          "max" : 0,
          "mean" : 0.000000,
          "stddev" : 0.000000,
          "N" : 0
        },
        "bw_min" : 0,
        "bw_max" : 0,
        "bw_agg" : 0.000000,
        "bw_mean" : 0.000000,
        "bw_dev" : 0.000000,
        "bw_samples" : 0,
        "iops_min" : 0,
        "iops_max" : 0,
        "iops_mean" : 0.000000,
        "iops_stddev" : 0.000000,
        "iops_samples" : 0
      },
      "sync" : {
        "total_ios" : 0,
        "lat_ns" : {
          "min" : 0,
          "max" : 0,
          "mean" : 0.000000,
          "stddev" : 0.000000,
          "N" : 0
        }
      },
      "job_runtime" : 300000,
      "usr_cpu" : 13.832333,
      "sys_cpu" : 9.976333,
      "ctx" : 5396391,
      "majf" : 0,
      "minf" : 42482,
      "iodepth_level" : {
        "1" : 0.100000,
        "2" : 0.100000,
        "4" : 0.100000,
        "8" : 0.100000,
        "16" : 99.997330,
        "32" : 0.000000,
        ">=64" : 0.000000
      },
      "iodepth_submit" : {
        "0" : 0.000000,
        "4" : 100.000000,
        "8" : 0.000000,
        "16" : 0.000000,
        "32" : 0.000000,
        "64" : 0.000000,
        ">=64" : 0.000000
      },
      "iodepth_complete" : {
        "0" : 0.000000,
        "4" : 99.999995,
        "8" : 0.000000,
        "16" : 0.000000,
        "32" : 0.100000,
        "64" : 0.000000,
        ">=64" : 0.000000
      },
      "latency_ns" : {
        "2" : 0.000000,
        "4" : 0.000000,
        "10" : 0.000000,
        "20" : 0.000000,
        "50" : 0.000000,
        "100" : 0.000000,
        "250" : 0.000000,
        "500" : 0.000000,
        "750" : 0.000000,
        "1000" : 0.000000
      },
      "latency_us" : {
        "2" : 0.000000,
        "4" : 0.000000,
        "10" : 0.000000,
        "20" : 0.000000,
        "50" : 0.010000,
        "100" : 0.010000,
        "250" : 2.868487,
        "500" : 31.922611,
        "750" : 32.327363,
        "1000" : 19.374063
      },
      "latency_ms" : {
        "2" : 13.307457,
        "4" : 0.200104,
        "10" : 0.000000,
        "20" : 0.000000,
        "50" : 0.000000,
        "100" : 0.000000,
        "250" : 0.000000,
        "500" : 0.000000,
        "750" : 0.000000,
        "1000" : 0.000000,
        "2000" : 0.000000,
        ">=2000" : 0.000000
      },
      "latency_depth" : 24,
      "latency_target" : 0,
      "latency_percentile" : 100.000000,
      "latency_window" : 0
    }
  ],
  "disk_util" : [
    {
      "name" : "sda",
      "read_ios" : 0,
      "write_ios" : 8396,
      "read_sectors" : 0,
      "write_sectors" : 6983232,
      "read_merges" : 0,
      "write_merges" : 5717,
      "read_ticks" : 0,
      "write_ticks" : 44198,
      "in_queue" : 44347,
      "util" : 1.967665
    }
  ]
}
