{
  "fio version" : "fio-3.39-26-ga72fe",
  "timestamp" : 1755555552,
  "timestamp_ms" : 1755555552421,
  "time" : "Mon Aug 18 22:19:12 2025",
  "global options" : {
    "write_iops_log" : "sea_1osd_8reactor_32fio_bal_osd_rc_1procs_randread_zoned",
    "write_bw_log" : "sea_1osd_8reactor_32fio_bal_osd_rc_1procs_randread_zoned",
    "write_lat_log" : "sea_1osd_8reactor_32fio_bal_osd_rc_1procs_randread_zoned",
    "write_hist_log" : "sea_1osd_8reactor_32fio_bal_osd_rc_1procs_randread_zoned",
    "ioengine" : "rbd",
    "bs" : "4k",
    "rw" : "randread",
    "random_distribution" : "zoned:60/10:30/20:8/30:2/40",
    "direct" : "1",
    "runtime" : "5m",
    "time_based" : "",
    "group_reporting" : "",
    "numjobs" : "1",
    "ramp_time" : "30s",
    "thread" : "1",
    "iodepth" : "40",
    "clientname" : "admin",
    "pool" : "rbd"
  },
  "jobs" : [
    {
      "jobname" : "fio_test_0",
      "groupid" : 0,
      "job_start" : 1755555232921,
      "error" : 0,
      "eta" : 0,
      "elapsed" : 350,
      "job options" : {
        "max_latency" : "1s",
        "rbdname" : "fio_test_0"
      },
      "read" : {
        "io_bytes" : 47443132416,
        "io_kbytes" : 46331184,
        "bw_bytes" : 158143247,
        "bw" : 154436,
        "iops" : 38609.061303,
        "runtime" : 300001,
        "total_ios" : 11582757,
        "short_ios" : 0,
        "drop_ios" : 0,
        "slat_ns" : {
          "min" : 313,
          "max" : 98152,
          "mean" : 2130.110482,
          "stddev" : 1530.445401,
          "N" : 11582757
        },
        "clat_ns" : {
          "min" : 103200,
          "max" : 5854595,
          "mean" : 1031334.604408,
          "stddev" : 452282.968308,
          "N" : 11582796,
          "percentile" : {
            "1.000000" : 296960,
            "5.000000" : 440320,
            "10.000000" : 528384,
            "20.000000" : 651264,
            "30.000000" : 749568,
            "40.000000" : 839680,
            "50.000000" : 946176,
            "60.000000" : 1056768,
            "70.000000" : 1187840,
            "80.000000" : 1384448,
            "90.000000" : 1728512,
            "95.000000" : 1941504,
            "99.000000" : 2244608,
            "99.500000" : 2342912,
            "99.900000" : 2539520,
            "99.950000" : 2637824,
            "99.990000" : 2768896
          }
        },
        "lat_ns" : {
          "min" : 104817,
          "max" : 5858460,
          "mean" : 1033464.712082,
          "stddev" : 452790.568784,
          "N" : 11582796
        },
        "bw_min" : 699,
        "bw_max" : 39689,
        "bw_agg" : 3.155337,
        "bw_mean" : 4873.232133,
        "bw_dev" : 2570.680093,
        "bw_samples" : 11582796,
        "iops_min" : 1,
        "iops_max" : 1,
        "iops_mean" : 1.000000,
        "iops_stddev" : 0.000000,
        "iops_samples" : 11582796
      },
      "write" : {
        "io_bytes" : 0,
        "io_kbytes" : 0,
        "bw_bytes" : 0,
        "bw" : 0,
        "iops" : 0.000000,
        "runtime" : 0,
        "total_ios" : 0,
        "short_ios" : 0,
        "drop_ios" : 0,
        "slat_ns" : {
          "min" : 0,
          "max" : 0,
          "mean" : 0.000000,
          "stddev" : 0.000000,
          "N" : 0
        },
        "clat_ns" : {
          "min" : 0,
          "max" : 0,
          "mean" : 0.000000,
          "stddev" : 0.000000,
          "N" : 0
        },
        "lat_ns" : {
          "min" : 0,
          "max" : 0,
          "mean" : 0.000000,
          "stddev" : 0.000000,
          "N" : 0
        },
        "bw_min" : 0,
        "bw_max" : 0,
        "bw_agg" : 0.000000,
        "bw_mean" : 0.000000,
        "bw_dev" : 0.000000,
        "bw_samples" : 0,
        "iops_min" : 0,
        "iops_max" : 0,
        "iops_mean" : 0.000000,
        "iops_stddev" : 0.000000,
        "iops_samples" : 0
      },
      "trim" : {
        "io_bytes" : 0,
        "io_kbytes" : 0,
        "bw_bytes" : 0,
        "bw" : 0,
        "iops" : 0.000000,
        "runtime" : 0,
        "total_ios" : 0,
        "short_ios" : 0,
        "drop_ios" : 0,
        "slat_ns" : {
          "min" : 0,
          "max" : 0,
          "mean" : 0.000000,
          "stddev" : 0.000000,
          "N" : 0
        },
        "clat_ns" : {
          "min" : 0,
          "max" : 0,
          "mean" : 0.000000,
          "stddev" : 0.000000,
          "N" : 0
        },
        "lat_ns" : {
          "min" : 0,
          "max" : 0,
          "mean" : 0.000000,
          "stddev" : 0.000000,
          "N" : 0
        },
        "bw_min" : 0,
        "bw_max" : 0,
        "bw_agg" : 0.000000,
        "bw_mean" : 0.000000,
        "bw_dev" : 0.000000,
        "bw_samples" : 0,
        "iops_min" : 0,
        "iops_max" : 0,
        "iops_mean" : 0.000000,
        "iops_stddev" : 0.000000,
        "iops_samples" : 0
      },
      "sync" : {
        "total_ios" : 0,
        "lat_ns" : {
          "min" : 0,
          "max" : 0,
          "mean" : 0.000000,
          "stddev" : 0.000000,
          "N" : 0
        }
      },
      "job_runtime" : 300000,
      "usr_cpu" : 14.884000,
      "sys_cpu" : 9.932667,
      "ctx" : 5521064,
      "majf" : 0,
      "minf" : 9513,
      "iodepth_level" : {
        "1" : 0.100000,
        "2" : 0.100000,
        "4" : 0.100000,
        "8" : 0.100000,
        "16" : 0.100000,
        "32" : 99.994647,
        ">=64" : 0.000000
      },
      "iodepth_submit" : {
        "0" : 0.000000,
        "4" : 100.000000,
        "8" : 0.000000,
        "16" : 0.000000,
        "32" : 0.000000,
        "64" : 0.000000,
        ">=64" : 0.000000
      },
      "iodepth_complete" : {
        "0" : 0.000000,
        "4" : 99.999996,
        "8" : 0.000000,
        "16" : 0.000000,
        "32" : 0.000000,
        "64" : 0.100000,
        ">=64" : 0.000000
      },
      "latency_ns" : {
        "2" : 0.000000,
        "4" : 0.000000,
        "10" : 0.000000,
        "20" : 0.000000,
        "50" : 0.000000,
        "100" : 0.000000,
        "250" : 0.000000,
        "500" : 0.000000,
        "750" : 0.000000,
        "1000" : 0.000000
      },
      "latency_us" : {
        "2" : 0.000000,
        "4" : 0.000000,
        "10" : 0.000000,
        "20" : 0.000000,
        "50" : 0.000000,
        "100" : 0.000000,
        "250" : 0.556405,
        "500" : 7.556103,
        "750" : 22.246905,
        "1000" : 24.880639
      },
      "latency_ms" : {
        "2" : 40.953341,
        "4" : 3.806598,
        "10" : 0.010000,
        "20" : 0.000000,
        "50" : 0.000000,
        "100" : 0.000000,
        "250" : 0.000000,
        "500" : 0.000000,
        "750" : 0.000000,
        "1000" : 0.000000,
        "2000" : 0.000000,
        ">=2000" : 0.000000
      },
      "latency_depth" : 40,
      "latency_target" : 0,
      "latency_percentile" : 100.000000,
      "latency_window" : 0
    }
  ],
  "disk_util" : [
    {
      "name" : "sda",
      "read_ios" : 0,
      "write_ios" : 8502,
      "read_sectors" : 0,
      "write_sectors" : 6987304,
      "read_merges" : 0,
      "write_merges" : 6086,
      "read_ticks" : 0,
      "write_ticks" : 44772,
      "in_queue" : 44927,
      "util" : 1.957662
    }
  ]
}
