{
  "fio version" : "fio-3.39-26-ga72fe",
  "timestamp" : 1755517401,
  "timestamp_ms" : 1755517401283,
  "time" : "Mon Aug 18 11:43:21 2025",
  "global options" : {
    "write_iops_log" : "sea_1osd_4reactor_32fio_bal_osd_rc_1procs_randread_zoned",
    "write_bw_log" : "sea_1osd_4reactor_32fio_bal_osd_rc_1procs_randread_zoned",
    "write_lat_log" : "sea_1osd_4reactor_32fio_bal_osd_rc_1procs_randread_zoned",
    "write_hist_log" : "sea_1osd_4reactor_32fio_bal_osd_rc_1procs_randread_zoned",
    "ioengine" : "rbd",
    "bs" : "4k",
    "rw" : "randread",
    "random_distribution" : "zoned:60/10:30/20:8/30:2/40",
    "direct" : "1",
    "runtime" : "5m",
    "time_based" : "",
    "group_reporting" : "",
    "numjobs" : "1",
    "ramp_time" : "30s",
    "thread" : "1",
    "iodepth" : "52",
    "clientname" : "admin",
    "pool" : "rbd"
  },
  "jobs" : [
    {
      "jobname" : "fio_test_0",
      "groupid" : 0,
      "job_start" : 1755517084033,
      "error" : 0,
      "eta" : 0,
      "elapsed" : 348,
      "job options" : {
        "max_latency" : "1s",
        "rbdname" : "fio_test_0"
      },
      "read" : {
        "io_bytes" : 41509830656,
        "io_kbytes" : 40536944,
        "bw_bytes" : 138365179,
        "bw" : 135122,
        "iops" : 33780.391464,
        "runtime" : 300002,
        "total_ios" : 10134185,
        "short_ios" : 0,
        "drop_ios" : 0,
        "slat_ns" : {
          "min" : 325,
          "max" : 396928,
          "mean" : 2079.504973,
          "stddev" : 1492.825825,
          "N" : 10134185
        },
        "clat_ns" : {
          "min" : 123778,
          "max" : 5040393,
          "mean" : 1534100.433718,
          "stddev" : 486988.163157,
          "N" : 10134236,
          "percentile" : {
            "1.000000" : 585728,
            "5.000000" : 790528,
            "10.000000" : 913408,
            "20.000000" : 1073152,
            "30.000000" : 1253376,
            "40.000000" : 1417216,
            "50.000000" : 1531904,
            "60.000000" : 1662976,
            "70.000000" : 1777664,
            "80.000000" : 1925120,
            "90.000000" : 2113536,
            "95.000000" : 2310144,
            "99.000000" : 2965504,
            "99.500000" : 3162112,
            "99.900000" : 3457024,
            "99.950000" : 3555328,
            "99.990000" : 3817472
          }
        },
        "lat_ns" : {
          "min" : 125275,
          "max" : 5042443,
          "mean" : 1536179.934727,
          "stddev" : 487040.496686,
          "N" : 10134236
        },
        "bw_min" : 812,
        "bw_max" : 33091,
        "bw_agg" : 2.217251,
        "bw_mean" : 2996.368663,
        "bw_dev" : 1166.133133,
        "bw_samples" : 10134236,
        "iops_min" : 1,
        "iops_max" : 1,
        "iops_mean" : 1.000000,
        "iops_stddev" : 0.000000,
        "iops_samples" : 10134236
      },
      "write" : {
        "io_bytes" : 0,
        "io_kbytes" : 0,
        "bw_bytes" : 0,
        "bw" : 0,
        "iops" : 0.000000,
        "runtime" : 0,
        "total_ios" : 0,
        "short_ios" : 0,
        "drop_ios" : 0,
        "slat_ns" : {
          "min" : 0,
          "max" : 0,
          "mean" : 0.000000,
          "stddev" : 0.000000,
          "N" : 0
        },
        "clat_ns" : {
          "min" : 0,
          "max" : 0,
          "mean" : 0.000000,
          "stddev" : 0.000000,
          "N" : 0
        },
        "lat_ns" : {
          "min" : 0,
          "max" : 0,
          "mean" : 0.000000,
          "stddev" : 0.000000,
          "N" : 0
        },
        "bw_min" : 0,
        "bw_max" : 0,
        "bw_agg" : 0.000000,
        "bw_mean" : 0.000000,
        "bw_dev" : 0.000000,
        "bw_samples" : 0,
        "iops_min" : 0,
        "iops_max" : 0,
        "iops_mean" : 0.000000,
        "iops_stddev" : 0.000000,
        "iops_samples" : 0
      },
      "trim" : {
        "io_bytes" : 0,
        "io_kbytes" : 0,
        "bw_bytes" : 0,
        "bw" : 0,
        "iops" : 0.000000,
        "runtime" : 0,
        "total_ios" : 0,
        "short_ios" : 0,
        "drop_ios" : 0,
        "slat_ns" : {
          "min" : 0,
          "max" : 0,
          "mean" : 0.000000,
          "stddev" : 0.000000,
          "N" : 0
        },
        "clat_ns" : {
          "min" : 0,
          "max" : 0,
          "mean" : 0.000000,
          "stddev" : 0.000000,
          "N" : 0
        },
        "lat_ns" : {
          "min" : 0,
          "max" : 0,
          "mean" : 0.000000,
          "stddev" : 0.000000,
          "N" : 0
        },
        "bw_min" : 0,
        "bw_max" : 0,
        "bw_agg" : 0.000000,
        "bw_mean" : 0.000000,
        "bw_dev" : 0.000000,
        "bw_samples" : 0,
        "iops_min" : 0,
        "iops_max" : 0,
        "iops_mean" : 0.000000,
        "iops_stddev" : 0.000000,
        "iops_samples" : 0
      },
      "sync" : {
        "total_ios" : 0,
        "lat_ns" : {
          "min" : 0,
          "max" : 0,
          "mean" : 0.000000,
          "stddev" : 0.000000,
          "N" : 0
        }
      },
      "job_runtime" : 300001,
      "usr_cpu" : 13.176289,
      "sys_cpu" : 8.438639,
      "ctx" : 4761933,
      "majf" : 0,
      "minf" : 37808,
      "iodepth_level" : {
        "1" : 0.100000,
        "2" : 0.100000,
        "4" : 0.100000,
        "8" : 0.100000,
        "16" : 0.100000,
        "32" : 99.994494,
        ">=64" : 0.000000
      },
      "iodepth_submit" : {
        "0" : 0.000000,
        "4" : 100.000000,
        "8" : 0.000000,
        "16" : 0.000000,
        "32" : 0.000000,
        "64" : 0.000000,
        ">=64" : 0.000000
      },
      "iodepth_complete" : {
        "0" : 0.000000,
        "4" : 99.999995,
        "8" : 0.000000,
        "16" : 0.000000,
        "32" : 0.000000,
        "64" : 0.100000,
        ">=64" : 0.000000
      },
      "latency_ns" : {
        "2" : 0.000000,
        "4" : 0.000000,
        "10" : 0.000000,
        "20" : 0.000000,
        "50" : 0.000000,
        "100" : 0.000000,
        "250" : 0.000000,
        "500" : 0.000000,
        "750" : 0.000000,
        "1000" : 0.000000
      },
      "latency_us" : {
        "2" : 0.000000,
        "4" : 0.000000,
        "10" : 0.000000,
        "20" : 0.000000,
        "50" : 0.000000,
        "100" : 0.000000,
        "250" : 0.010000,
        "500" : 0.410896,
        "750" : 3.407753,
        "1000" : 11.193914
      },
      "latency_ms" : {
        "2" : 70.158972,
        "4" : 14.821034,
        "10" : 0.010000,
        "20" : 0.000000,
        "50" : 0.000000,
        "100" : 0.000000,
        "250" : 0.000000,
        "500" : 0.000000,
        "750" : 0.000000,
        "1000" : 0.000000,
        "2000" : 0.000000,
        ">=2000" : 0.000000
      },
      "latency_depth" : 52,
      "latency_target" : 0,
      "latency_percentile" : 100.000000,
      "latency_window" : 0
    }
  ],
  "disk_util" : [
    {
      "name" : "sda",
      "read_ios" : 12,
      "write_ios" : 11466,
      "read_sectors" : 96,
      "write_sectors" : 6195496,
      "read_merges" : 0,
      "write_merges" : 7044,
      "read_ticks" : 36,
      "write_ticks" : 36143,
      "in_queue" : 36349,
      "util" : 1.771733
    }
  ]
}
