{
  "fio version" : "fio-3.39-26-ga72fe",
  "timestamp" : 1750791352,
  "timestamp_ms" : 1750791352034,
  "time" : "Tue Jun 24 18:55:52 2025",
  "global options" : {
    "ioengine" : "rbd",
    "bs" : "64k",
    "rw" : "read",
    "direct" : "1",
    "runtime" : "5m",
    "time_based" : "",
    "group_reporting" : "",
    "ramp_time" : "30s",
    "thread" : "1",
    "iodepth" : "64",
    "clientname" : "admin",
    "pool" : "rbd"
  },
  "jobs" : [
    {
      "jobname" : "fio_test_0",
      "groupid" : 0,
      "job_start" : 1750791051654,
      "error" : 110,
      "eta" : 0,
      "elapsed" : 331,
      "job options" : {
        "max_latency" : "1s",
        "numjobs" : "1",
        "rbdname" : "fio_test_31"
      },
      "read" : {
        "io_bytes" : 117905227776,
        "io_kbytes" : 115141824,
        "bw_bytes" : 392835412,
        "bw" : 383628,
        "iops" : 5987.475803,
        "runtime" : 300139,
        "total_ios" : 1797075,
        "short_ios" : 0,
        "drop_ios" : 0,
        "slat_ns" : {
          "min" : 439,
          "max" : 62617,
          "mean" : 5578.294822,
          "stddev" : 4978.877736,
          "N" : 1797075
        },
        "clat_ns" : {
          "min" : 385289,
          "max" : 4461616004,
          "mean" : 55242286.132398,
          "stddev" : 77108867.871662,
          "N" : 1799091,
          "percentile" : {
            "1.000000" : 2244608,
            "5.000000" : 5341184,
            "10.000000" : 9240576,
            "20.000000" : 16908288,
            "30.000000" : 24510464,
            "40.000000" : 32636928,
            "50.000000" : 41680896,
            "60.000000" : 52690944,
            "70.000000" : 66322432,
            "80.000000" : 84410368,
            "90.000000" : 113770496,
            "95.000000" : 141557760,
            "99.000000" : 204472320,
            "99.500000" : 233832448,
            "99.900000" : 666894336,
            "99.950000" : 1602224128,
            "99.990000" : 3137339392
          }
        },
        "lat_ns" : {
          "min" : 388149,
          "max" : 4461631088,
          "mean" : 55247868.383174,
          "stddev" : 77109336.948383,
          "N" : 1799091
        },
        "bw_min" : 137786,
        "bw_max" : 596050,
        "bw_agg" : 100.000000,
        "bw_mean" : 411996.788854,
        "bw_dev" : 12116.376979,
        "bw_samples" : 3020,
        "iops_min" : 2141,
        "iops_max" : 9301,
        "iops_mean" : 6425.678706,
        "iops_stddev" : 189.310717,
        "iops_samples" : 3020
      },
      "write" : {
        "io_bytes" : 0,
        "io_kbytes" : 0,
        "bw_bytes" : 0,
        "bw" : 0,
        "iops" : 0.000000,
        "runtime" : 0,
        "total_ios" : 0,
        "short_ios" : 0,
        "drop_ios" : 0,
        "slat_ns" : {
          "min" : 0,
          "max" : 0,
          "mean" : 0.000000,
          "stddev" : 0.000000,
          "N" : 0
        },
        "clat_ns" : {
          "min" : 0,
          "max" : 0,
          "mean" : 0.000000,
          "stddev" : 0.000000,
          "N" : 0
        },
        "lat_ns" : {
          "min" : 0,
          "max" : 0,
          "mean" : 0.000000,
          "stddev" : 0.000000,
          "N" : 0
        },
        "bw_min" : 0,
        "bw_max" : 0,
        "bw_agg" : 0.000000,
        "bw_mean" : 0.000000,
        "bw_dev" : 0.000000,
        "bw_samples" : 0,
        "iops_min" : 0,
        "iops_max" : 0,
        "iops_mean" : 0.000000,
        "iops_stddev" : 0.000000,
        "iops_samples" : 0
      },
      "trim" : {
        "io_bytes" : 0,
        "io_kbytes" : 0,
        "bw_bytes" : 0,
        "bw" : 0,
        "iops" : 0.000000,
        "runtime" : 0,
        "total_ios" : 0,
        "short_ios" : 0,
        "drop_ios" : 0,
        "slat_ns" : {
          "min" : 0,
          "max" : 0,
          "mean" : 0.000000,
          "stddev" : 0.000000,
          "N" : 0
        },
        "clat_ns" : {
          "min" : 0,
          "max" : 0,
          "mean" : 0.000000,
          "stddev" : 0.000000,
          "N" : 0
        },
        "lat_ns" : {
          "min" : 0,
          "max" : 0,
          "mean" : 0.000000,
          "stddev" : 0.000000,
          "N" : 0
        },
        "bw_min" : 0,
        "bw_max" : 0,
        "bw_agg" : 0.000000,
        "bw_mean" : 0.000000,
        "bw_dev" : 0.000000,
        "bw_samples" : 0,
        "iops_min" : 0,
        "iops_max" : 0,
        "iops_mean" : 0.000000,
        "iops_stddev" : 0.000000,
        "iops_samples" : 0
      },
      "sync" : {
        "total_ios" : 0,
        "lat_ns" : {
          "min" : 0,
          "max" : 0,
          "mean" : 0.000000,
          "stddev" : 0.000000,
          "N" : 0
        }
      },
      "job_runtime" : 1524042,
      "usr_cpu" : 1.015130,
      "sys_cpu" : 0.986325,
      "ctx" : 1745722,
      "majf" : 0,
      "minf" : 862,
      "iodepth_level" : {
        "1" : 0.000000,
        "2" : 0.000000,
        "4" : 0.000000,
        "8" : 0.000000,
        "16" : 0.000000,
        "32" : 0.000000,
        ">=64" : 100.000000
      },
      "iodepth_submit" : {
        "0" : 0.000000,
        "4" : 100.000000,
        "8" : 0.000000,
        "16" : 0.000000,
        "32" : 0.000000,
        "64" : 0.000000,
        ">=64" : 0.000000
      },
      "iodepth_complete" : {
        "0" : 0.100000,
        "4" : 99.998358,
        "8" : 0.000000,
        "16" : 0.000000,
        "32" : 0.000000,
        "64" : 0.100000,
        ">=64" : 0.000000
      },
      "latency_ns" : {
        "2" : 0.000000,
        "4" : 0.000000,
        "10" : 0.000000,
        "20" : 0.000000,
        "50" : 0.000000,
        "100" : 0.000000,
        "250" : 0.000000,
        "500" : 0.000000,
        "750" : 0.000000,
        "1000" : 0.000000
      },
      "latency_us" : {
        "2" : 0.000000,
        "4" : 0.000000,
        "10" : 0.000000,
        "20" : 0.000000,
        "50" : 0.000000,
        "100" : 0.000000,
        "250" : 0.000000,
        "500" : 0.010000,
        "750" : 0.013355,
        "1000" : 0.042180
      },
      "latency_ms" : {
        "2" : 0.666806,
        "4" : 2.522877,
        "10" : 7.739855,
        "20" : 13.080701,
        "50" : 33.864419,
        "100" : 28.189029,
        "250" : 13.654132,
        "500" : 0.217075,
        "750" : 0.026321,
        "1000" : 0.016026,
        "2000" : 0.039230,
        ">=2000" : 0.039676
      },
      "latency_depth" : 64,
      "latency_target" : 0,
      "latency_percentile" : 100.000000,
      "latency_window" : 0
    }
  ],
  "disk_util" : [
    {
      "name" : "sda",
      "read_ios" : 0,
      "write_ios" : 3945,
      "read_sectors" : 0,
      "write_sectors" : 93896,
      "read_merges" : 0,
      "write_merges" : 5137,
      "read_ticks" : 0,
      "write_ticks" : 617,
      "in_queue" : 654,
      "util" : 0.083324
    }
  ]
}
