{
  "fio version" : "fio-3.39-26-ga72fe",
  "timestamp" : 1750789357,
  "timestamp_ms" : 1750789357857,
  "time" : "Tue Jun 24 18:22:37 2025",
  "global options" : {
    "ioengine" : "rbd",
    "bs" : "64k",
    "rw" : "read",
    "direct" : "1",
    "runtime" : "5m",
    "time_based" : "",
    "group_reporting" : "",
    "ramp_time" : "30s",
    "thread" : "1",
    "iodepth" : "40",
    "clientname" : "admin",
    "pool" : "rbd"
  },
  "jobs" : [
    {
      "jobname" : "fio_test_0",
      "groupid" : 0,
      "job_start" : 1750789057445,
      "error" : 110,
      "eta" : 0,
      "elapsed" : 331,
      "job options" : {
        "max_latency" : "1s",
        "numjobs" : "1",
        "rbdname" : "fio_test_31"
      },
      "read" : {
        "io_bytes" : 114741346304,
        "io_kbytes" : 112052096,
        "bw_bytes" : 382357721,
        "bw" : 373396,
        "iops" : 5830.157053,
        "runtime" : 300089,
        "total_ios" : 1749566,
        "short_ios" : 0,
        "drop_ios" : 0,
        "slat_ns" : {
          "min" : 409,
          "max" : 112745,
          "mean" : 5912.314163,
          "stddev" : 5135.406467,
          "N" : 1749566
        },
        "clat_ns" : {
          "min" : 425267,
          "max" : 3648729156,
          "mean" : 48956144.284973,
          "stddev" : 58155064.959084,
          "N" : 1750814,
          "percentile" : {
            "1.000000" : 2113536,
            "5.000000" : 4554752,
            "10.000000" : 7634944,
            "20.000000" : 13828096,
            "30.000000" : 20316160,
            "40.000000" : 27394048,
            "50.000000" : 35913728,
            "60.000000" : 45875200,
            "70.000000" : 58458112,
            "80.000000" : 77070336,
            "90.000000" : 107479040,
            "95.000000" : 135266304,
            "99.000000" : 185597952,
            "99.500000" : 206569472,
            "99.900000" : 291504128,
            "99.950000" : 926941184,
            "99.990000" : 2197815296
          }
        },
        "lat_ns" : {
          "min" : 427040,
          "max" : 3648747997,
          "mean" : 48962058.723900,
          "stddev" : 58155742.519956,
          "N" : 1750814
        },
        "bw_min" : 144403,
        "bw_max" : 655432,
        "bw_agg" : 100.000000,
        "bw_mean" : 409348.786311,
        "bw_dev" : 10485.363111,
        "bw_samples" : 4217,
        "iops_min" : 2243,
        "iops_max" : 10229,
        "iops_mean" : 6383.222871,
        "iops_stddev" : 163.828585,
        "iops_samples" : 4217
      },
      "write" : {
        "io_bytes" : 0,
        "io_kbytes" : 0,
        "bw_bytes" : 0,
        "bw" : 0,
        "iops" : 0.000000,
        "runtime" : 0,
        "total_ios" : 0,
        "short_ios" : 0,
        "drop_ios" : 0,
        "slat_ns" : {
          "min" : 0,
          "max" : 0,
          "mean" : 0.000000,
          "stddev" : 0.000000,
          "N" : 0
        },
        "clat_ns" : {
          "min" : 0,
          "max" : 0,
          "mean" : 0.000000,
          "stddev" : 0.000000,
          "N" : 0
        },
        "lat_ns" : {
          "min" : 0,
          "max" : 0,
          "mean" : 0.000000,
          "stddev" : 0.000000,
          "N" : 0
        },
        "bw_min" : 0,
        "bw_max" : 0,
        "bw_agg" : 0.000000,
        "bw_mean" : 0.000000,
        "bw_dev" : 0.000000,
        "bw_samples" : 0,
        "iops_min" : 0,
        "iops_max" : 0,
        "iops_mean" : 0.000000,
        "iops_stddev" : 0.000000,
        "iops_samples" : 0
      },
      "trim" : {
        "io_bytes" : 0,
        "io_kbytes" : 0,
        "bw_bytes" : 0,
        "bw" : 0,
        "iops" : 0.000000,
        "runtime" : 0,
        "total_ios" : 0,
        "short_ios" : 0,
        "drop_ios" : 0,
        "slat_ns" : {
          "min" : 0,
          "max" : 0,
          "mean" : 0.000000,
          "stddev" : 0.000000,
          "N" : 0
        },
        "clat_ns" : {
          "min" : 0,
          "max" : 0,
          "mean" : 0.000000,
          "stddev" : 0.000000,
          "N" : 0
        },
        "lat_ns" : {
          "min" : 0,
          "max" : 0,
          "mean" : 0.000000,
          "stddev" : 0.000000,
          "N" : 0
        },
        "bw_min" : 0,
        "bw_max" : 0,
        "bw_agg" : 0.000000,
        "bw_mean" : 0.000000,
        "bw_dev" : 0.000000,
        "bw_samples" : 0,
        "iops_min" : 0,
        "iops_max" : 0,
        "iops_mean" : 0.000000,
        "iops_stddev" : 0.000000,
        "iops_samples" : 0
      },
      "sync" : {
        "total_ios" : 0,
        "lat_ns" : {
          "min" : 0,
          "max" : 0,
          "mean" : 0.000000,
          "stddev" : 0.000000,
          "N" : 0
        }
      },
      "job_runtime" : 2123106,
      "usr_cpu" : 0.769109,
      "sys_cpu" : 0.732135,
      "ctx" : 1704167,
      "majf" : 0,
      "minf" : 382,
      "iodepth_level" : {
        "1" : 0.000000,
        "2" : 0.000000,
        "4" : 0.000000,
        "8" : 0.000000,
        "16" : 0.000000,
        "32" : 100.000000,
        ">=64" : 0.000000
      },
      "iodepth_submit" : {
        "0" : 0.000000,
        "4" : 100.000000,
        "8" : 0.000000,
        "16" : 0.000000,
        "32" : 0.000000,
        "64" : 0.000000,
        ">=64" : 0.000000
      },
      "iodepth_complete" : {
        "0" : 0.100000,
        "4" : 99.998371,
        "8" : 0.000000,
        "16" : 0.000000,
        "32" : 0.000000,
        "64" : 0.100000,
        ">=64" : 0.000000
      },
      "latency_ns" : {
        "2" : 0.000000,
        "4" : 0.000000,
        "10" : 0.000000,
        "20" : 0.000000,
        "50" : 0.000000,
        "100" : 0.000000,
        "250" : 0.000000,
        "500" : 0.000000,
        "750" : 0.000000,
        "1000" : 0.000000
      },
      "latency_us" : {
        "2" : 0.000000,
        "4" : 0.000000,
        "10" : 0.000000,
        "20" : 0.000000,
        "50" : 0.000000,
        "100" : 0.000000,
        "250" : 0.000000,
        "500" : 0.010000,
        "750" : 0.010000,
        "1000" : 0.042239
      },
      "latency_ms" : {
        "2" : 0.765447,
        "4" : 3.238117,
        "10" : 9.798601,
        "20" : 15.679946,
        "50" : 34.225059,
        "100" : 24.351525,
        "250" : 11.801670,
        "500" : 0.086879,
        "750" : 0.014689,
        "1000" : 0.011489,
        "2000" : 0.031836,
        ">=2000" : 0.013718
      },
      "latency_depth" : 40,
      "latency_target" : 0,
      "latency_percentile" : 100.000000,
      "latency_window" : 0
    }
  ],
  "disk_util" : [
    {
      "name" : "sda",
      "read_ios" : 0,
      "write_ios" : 3940,
      "read_sectors" : 0,
      "write_sectors" : 93040,
      "read_merges" : 0,
      "write_merges" : 5100,
      "read_ticks" : 0,
      "write_ticks" : 615,
      "in_queue" : 653,
      "util" : 0.086643
    }
  ]
}
