{
  "fio version" : "fio-3.39-26-ga72fe",
  "timestamp" : 1750790354,
  "timestamp_ms" : 1750790354744,
  "time" : "Tue Jun 24 18:39:14 2025",
  "global options" : {
    "ioengine" : "rbd",
    "bs" : "64k",
    "rw" : "read",
    "direct" : "1",
    "runtime" : "5m",
    "time_based" : "",
    "group_reporting" : "",
    "ramp_time" : "30s",
    "thread" : "1",
    "iodepth" : "52",
    "clientname" : "admin",
    "pool" : "rbd"
  },
  "jobs" : [
    {
      "jobname" : "fio_test_0",
      "groupid" : 0,
      "job_start" : 1750790054554,
      "error" : 110,
      "eta" : 0,
      "elapsed" : 331,
      "job options" : {
        "max_latency" : "1s",
        "numjobs" : "1",
        "rbdname" : "fio_test_31"
      },
      "read" : {
        "io_bytes" : 115726155776,
        "io_kbytes" : 113013824,
        "bw_bytes" : 385634305,
        "bw" : 376596,
        "iops" : 5878.874216,
        "runtime" : 300093,
        "total_ios" : 1764209,
        "short_ios" : 0,
        "drop_ios" : 0,
        "slat_ns" : {
          "min" : 433,
          "max" : 58713,
          "mean" : 5743.135797,
          "stddev" : 5160.112405,
          "N" : 1764209
        },
        "clat_ns" : {
          "min" : 375985,
          "max" : 3201427134,
          "mean" : 54617305.882903,
          "stddev" : 67042068.930020,
          "N" : 1765841,
          "percentile" : {
            "1.000000" : 2146304,
            "5.000000" : 4816896,
            "10.000000" : 8159232,
            "20.000000" : 14876672,
            "30.000000" : 21626880,
            "40.000000" : 29229056,
            "50.000000" : 38010880,
            "60.000000" : 49020928,
            "70.000000" : 64225280,
            "80.000000" : 85458944,
            "90.000000" : 120061952,
            "95.000000" : 154140672,
            "99.000000" : 221249536,
            "99.500000" : 254803968,
            "99.900000" : 692060160,
            "99.950000" : 1019215872,
            "99.990000" : 2332033024
          }
        },
        "lat_ns" : {
          "min" : 377583,
          "max" : 3201457996,
          "mean" : 54623051.813323,
          "stddev" : 67042742.162702,
          "N" : 1765841
        },
        "bw_min" : 137822,
        "bw_max" : 825726,
        "bw_agg" : 100.000000,
        "bw_mean" : 515241.180857,
        "bw_dev" : 12735.038841,
        "bw_samples" : 3646,
        "iops_min" : 2145,
        "iops_max" : 12891,
        "iops_mean" : 8040.568169,
        "iops_stddev" : 198.999147,
        "iops_samples" : 3646
      },
      "write" : {
        "io_bytes" : 0,
        "io_kbytes" : 0,
        "bw_bytes" : 0,
        "bw" : 0,
        "iops" : 0.000000,
        "runtime" : 0,
        "total_ios" : 0,
        "short_ios" : 0,
        "drop_ios" : 0,
        "slat_ns" : {
          "min" : 0,
          "max" : 0,
          "mean" : 0.000000,
          "stddev" : 0.000000,
          "N" : 0
        },
        "clat_ns" : {
          "min" : 0,
          "max" : 0,
          "mean" : 0.000000,
          "stddev" : 0.000000,
          "N" : 0
        },
        "lat_ns" : {
          "min" : 0,
          "max" : 0,
          "mean" : 0.000000,
          "stddev" : 0.000000,
          "N" : 0
        },
        "bw_min" : 0,
        "bw_max" : 0,
        "bw_agg" : 0.000000,
        "bw_mean" : 0.000000,
        "bw_dev" : 0.000000,
        "bw_samples" : 0,
        "iops_min" : 0,
        "iops_max" : 0,
        "iops_mean" : 0.000000,
        "iops_stddev" : 0.000000,
        "iops_samples" : 0
      },
      "trim" : {
        "io_bytes" : 0,
        "io_kbytes" : 0,
        "bw_bytes" : 0,
        "bw" : 0,
        "iops" : 0.000000,
        "runtime" : 0,
        "total_ios" : 0,
        "short_ios" : 0,
        "drop_ios" : 0,
        "slat_ns" : {
          "min" : 0,
          "max" : 0,
          "mean" : 0.000000,
          "stddev" : 0.000000,
          "N" : 0
        },
        "clat_ns" : {
          "min" : 0,
          "max" : 0,
          "mean" : 0.000000,
          "stddev" : 0.000000,
          "N" : 0
        },
        "lat_ns" : {
          "min" : 0,
          "max" : 0,
          "mean" : 0.000000,
          "stddev" : 0.000000,
          "N" : 0
        },
        "bw_min" : 0,
        "bw_max" : 0,
        "bw_agg" : 0.000000,
        "bw_mean" : 0.000000,
        "bw_dev" : 0.000000,
        "bw_samples" : 0,
        "iops_min" : 0,
        "iops_max" : 0,
        "iops_mean" : 0.000000,
        "iops_stddev" : 0.000000,
        "iops_samples" : 0
      },
      "sync" : {
        "total_ios" : 0,
        "lat_ns" : {
          "min" : 0,
          "max" : 0,
          "mean" : 0.000000,
          "stddev" : 0.000000,
          "N" : 0
        }
      },
      "job_runtime" : 1839764,
      "usr_cpu" : 0.840543,
      "sys_cpu" : 0.841901,
      "ctx" : 1716791,
      "majf" : 0,
      "minf" : 244,
      "iodepth_level" : {
        "1" : 0.000000,
        "2" : 0.000000,
        "4" : 0.000000,
        "8" : 0.000000,
        "16" : 0.000000,
        "32" : 100.000000,
        ">=64" : 0.000000
      },
      "iodepth_submit" : {
        "0" : 0.000000,
        "4" : 100.000000,
        "8" : 0.000000,
        "16" : 0.000000,
        "32" : 0.000000,
        "64" : 0.000000,
        ">=64" : 0.000000
      },
      "iodepth_complete" : {
        "0" : 0.100000,
        "4" : 99.998356,
        "8" : 0.000000,
        "16" : 0.000000,
        "32" : 0.000000,
        "64" : 0.100000,
        ">=64" : 0.000000
      },
      "latency_ns" : {
        "2" : 0.000000,
        "4" : 0.000000,
        "10" : 0.000000,
        "20" : 0.000000,
        "50" : 0.000000,
        "100" : 0.000000,
        "250" : 0.000000,
        "500" : 0.000000,
        "750" : 0.000000,
        "1000" : 0.000000
      },
      "latency_us" : {
        "2" : 0.000000,
        "4" : 0.000000,
        "10" : 0.000000,
        "20" : 0.000000,
        "50" : 0.000000,
        "100" : 0.000000,
        "250" : 0.000000,
        "500" : 0.010000,
        "750" : 0.013264,
        "1000" : 0.048974
      },
      "latency_ms" : {
        "2" : 0.750365,
        "4" : 2.933553,
        "10" : 9.025915,
        "20" : 14.838491,
        "50" : 33.032027,
        "100" : 24.374266,
        "250" : 14.524413,
        "500" : 0.411969,
        "750" : 0.048747,
        "1000" : 0.038658,
        "2000" : 0.034746,
        ">=2000" : 0.016268
      },
      "latency_depth" : 52,
      "latency_target" : 0,
      "latency_percentile" : 100.000000,
      "latency_window" : 0
    }
  ],
  "disk_util" : [
    {
      "name" : "sda",
      "read_ios" : 0,
      "write_ios" : 3968,
      "read_sectors" : 0,
      "write_sectors" : 93616,
      "read_merges" : 0,
      "write_merges" : 5103,
      "read_ticks" : 0,
      "write_ticks" : 616,
      "in_queue" : 653,
      "util" : 0.087613
    }
  ]
}
