{
  "fio version" : "fio-3.39-26-ga72fe",
  "timestamp" : 1750786363,
  "timestamp_ms" : 1750786363969,
  "time" : "Tue Jun 24 17:32:43 2025",
  "global options" : {
    "ioengine" : "rbd",
    "bs" : "64k",
    "rw" : "read",
    "direct" : "1",
    "runtime" : "5m",
    "time_based" : "",
    "group_reporting" : "",
    "ramp_time" : "30s",
    "thread" : "1",
    "iodepth" : "16",
    "clientname" : "admin",
    "pool" : "rbd"
  },
  "jobs" : [
    {
      "jobname" : "fio_test_0",
      "groupid" : 0,
      "job_start" : 1750786063640,
      "error" : 110,
      "eta" : 0,
      "elapsed" : 331,
      "job options" : {
        "max_latency" : "1s",
        "numjobs" : "1",
        "rbdname" : "fio_test_31"
      },
      "read" : {
        "io_bytes" : 110021640192,
        "io_kbytes" : 107443008,
        "bw_bytes" : 366543310,
        "bw" : 357952,
        "iops" : 5591.407916,
        "runtime" : 300160,
        "total_ios" : 1678317,
        "short_ios" : 0,
        "drop_ios" : 0,
        "slat_ns" : {
          "min" : 520,
          "max" : 149925,
          "mean" : 8454.973795,
          "stddev" : 5601.686286,
          "N" : 1678317
        },
        "clat_ns" : {
          "min" : 453145,
          "max" : 1919751996,
          "mean" : 84422945.221912,
          "stddev" : 91823486.747270,
          "N" : 1678797,
          "percentile" : {
            "1.000000" : 2670592,
            "5.000000" : 5734400,
            "10.000000" : 9633792,
            "20.000000" : 18219008,
            "30.000000" : 27918336,
            "40.000000" : 40108032,
            "50.000000" : 54263808,
            "60.000000" : 72876032,
            "70.000000" : 96993280,
            "80.000000" : 130547712,
            "90.000000" : 193986560,
            "95.000000" : 278921216,
            "99.000000" : 438304768,
            "99.500000" : 497025024,
            "99.900000" : 624951296,
            "99.950000" : 666894336,
            "99.990000" : 767557632
          }
        },
        "lat_ns" : {
          "min" : 459994,
          "max" : 1919781923,
          "mean" : 84431400.321450,
          "stddev" : 91824142.206353,
          "N" : 1678797
        },
        "bw_min" : 27136,
        "bw_max" : 1332487,
        "bw_agg" : 100.000000,
        "bw_mean" : 384388.398955,
        "bw_dev" : 7245.583930,
        "bw_samples" : 17674,
        "iops_min" : 423,
        "iops_max" : 20818,
        "iops_mean" : 6005.096255,
        "iops_stddev" : 113.202876,
        "iops_samples" : 17674
      },
      "write" : {
        "io_bytes" : 0,
        "io_kbytes" : 0,
        "bw_bytes" : 0,
        "bw" : 0,
        "iops" : 0.000000,
        "runtime" : 0,
        "total_ios" : 0,
        "short_ios" : 0,
        "drop_ios" : 0,
        "slat_ns" : {
          "min" : 0,
          "max" : 0,
          "mean" : 0.000000,
          "stddev" : 0.000000,
          "N" : 0
        },
        "clat_ns" : {
          "min" : 0,
          "max" : 0,
          "mean" : 0.000000,
          "stddev" : 0.000000,
          "N" : 0
        },
        "lat_ns" : {
          "min" : 0,
          "max" : 0,
          "mean" : 0.000000,
          "stddev" : 0.000000,
          "N" : 0
        },
        "bw_min" : 0,
        "bw_max" : 0,
        "bw_agg" : 0.000000,
        "bw_mean" : 0.000000,
        "bw_dev" : 0.000000,
        "bw_samples" : 0,
        "iops_min" : 0,
        "iops_max" : 0,
        "iops_mean" : 0.000000,
        "iops_stddev" : 0.000000,
        "iops_samples" : 0
      },
      "trim" : {
        "io_bytes" : 0,
        "io_kbytes" : 0,
        "bw_bytes" : 0,
        "bw" : 0,
        "iops" : 0.000000,
        "runtime" : 0,
        "total_ios" : 0,
        "short_ios" : 0,
        "drop_ios" : 0,
        "slat_ns" : {
          "min" : 0,
          "max" : 0,
          "mean" : 0.000000,
          "stddev" : 0.000000,
          "N" : 0
        },
        "clat_ns" : {
          "min" : 0,
          "max" : 0,
          "mean" : 0.000000,
          "stddev" : 0.000000,
          "N" : 0
        },
        "lat_ns" : {
          "min" : 0,
          "max" : 0,
          "mean" : 0.000000,
          "stddev" : 0.000000,
          "N" : 0
        },
        "bw_min" : 0,
        "bw_max" : 0,
        "bw_agg" : 0.000000,
        "bw_mean" : 0.000000,
        "bw_dev" : 0.000000,
        "bw_samples" : 0,
        "iops_min" : 0,
        "iops_max" : 0,
        "iops_mean" : 0.000000,
        "iops_stddev" : 0.000000,
        "iops_samples" : 0
      },
      "sync" : {
        "total_ios" : 0,
        "lat_ns" : {
          "min" : 0,
          "max" : 0,
          "mean" : 0.000000,
          "stddev" : 0.000000,
          "N" : 0
        }
      },
      "job_runtime" : 8856980,
      "usr_cpu" : 0.270961,
      "sys_cpu" : 0.210309,
      "ctx" : 1663152,
      "majf" : 0,
      "minf" : 660,
      "iodepth_level" : {
        "1" : 0.000000,
        "2" : 0.000000,
        "4" : 0.000000,
        "8" : 0.000000,
        "16" : 100.000000,
        "32" : 0.000000,
        ">=64" : 0.000000
      },
      "iodepth_submit" : {
        "0" : 0.000000,
        "4" : 100.000000,
        "8" : 0.000000,
        "16" : 0.000000,
        "32" : 0.000000,
        "64" : 0.000000,
        ">=64" : 0.000000
      },
      "iodepth_complete" : {
        "0" : 0.100000,
        "4" : 99.998898,
        "8" : 0.000000,
        "16" : 0.100000,
        "32" : 0.000000,
        "64" : 0.000000,
        ">=64" : 0.000000
      },
      "latency_ns" : {
        "2" : 0.000000,
        "4" : 0.000000,
        "10" : 0.000000,
        "20" : 0.000000,
        "50" : 0.000000,
        "100" : 0.000000,
        "250" : 0.000000,
        "500" : 0.000000,
        "750" : 0.000000,
        "1000" : 0.000000
      },
      "latency_us" : {
        "2" : 0.000000,
        "4" : 0.000000,
        "10" : 0.000000,
        "20" : 0.000000,
        "50" : 0.000000,
        "100" : 0.000000,
        "250" : 0.000000,
        "500" : 0.010000,
        "750" : 0.010000,
        "1000" : 0.025740
      },
      "latency_ms" : {
        "2" : 0.377283,
        "4" : 2.204589,
        "10" : 7.813363,
        "20" : 11.625575,
        "50" : 25.123502,
        "100" : 24.028119,
        "250" : 22.519167,
        "500" : 5.828160,
        "750" : 0.461474,
        "1000" : 0.011738,
        "2000" : 0.010000,
        ">=2000" : 0.000000
      },
      "latency_depth" : 16,
      "latency_target" : 0,
      "latency_percentile" : 100.000000,
      "latency_window" : 0
    }
  ],
  "disk_util" : [
    {
      "name" : "sda",
      "read_ios" : 0,
      "write_ios" : 3985,
      "read_sectors" : 0,
      "write_sectors" : 98040,
      "read_merges" : 0,
      "write_merges" : 5543,
      "read_ticks" : 0,
      "write_ticks" : 709,
      "in_queue" : 746,
      "util" : 0.102451
    }
  ]
}
