{
  "fio version" : "fio-3.39-26-ga72fe",
  "timestamp" : 1750787362,
  "timestamp_ms" : 1750787362392,
  "time" : "Tue Jun 24 17:49:22 2025",
  "global options" : {
    "ioengine" : "rbd",
    "bs" : "64k",
    "rw" : "read",
    "direct" : "1",
    "runtime" : "5m",
    "time_based" : "",
    "group_reporting" : "",
    "ramp_time" : "30s",
    "thread" : "1",
    "iodepth" : "24",
    "clientname" : "admin",
    "pool" : "rbd"
  },
  "jobs" : [
    {
      "jobname" : "fio_test_0",
      "groupid" : 0,
      "job_start" : 1750787061853,
      "error" : 110,
      "eta" : 0,
      "elapsed" : 331,
      "job options" : {
        "max_latency" : "1s",
        "numjobs" : "1",
        "rbdname" : "fio_test_31"
      },
      "read" : {
        "io_bytes" : 115874267136,
        "io_kbytes" : 113158464,
        "bw_bytes" : 385942662,
        "bw" : 376897,
        "iops" : 5886.566279,
        "runtime" : 300237,
        "total_ios" : 1767365,
        "short_ios" : 0,
        "drop_ios" : 0,
        "slat_ns" : {
          "min" : 432,
          "max" : 237313,
          "mean" : 8034.036081,
          "stddev" : 5600.738231,
          "N" : 1767365
        },
        "clat_ns" : {
          "min" : 430404,
          "max" : 1959554970,
          "mean" : 94345265.642316,
          "stddev" : 100346222.630923,
          "N" : 1768101,
          "percentile" : {
            "1.000000" : 2801664,
            "5.000000" : 6193152,
            "10.000000" : 10289152,
            "20.000000" : 19791872,
            "30.000000" : 31326208,
            "40.000000" : 45350912,
            "50.000000" : 63176704,
            "60.000000" : 85458944,
            "70.000000" : 112721920,
            "80.000000" : 147849216,
            "90.000000" : 208666624,
            "95.000000" : 295698432,
            "99.000000" : 484442112,
            "99.500000" : 549453824,
            "99.900000" : 700448768,
            "99.950000" : 784334848,
            "99.990000" : 985661440
          }
        },
        "lat_ns" : {
          "min" : 432083,
          "max" : 1959559591,
          "mean" : 94353300.079070,
          "stddev" : 100346940.582324,
          "N" : 1768101
        },
        "bw_min" : 34946,
        "bw_max" : 1287077,
        "bw_agg" : 100.000000,
        "bw_mean" : 466282.773381,
        "bw_dev" : 7736.549825,
        "bw_samples" : 13858,
        "iops_min" : 546,
        "iops_max" : 20106,
        "iops_mean" : 7283.313552,
        "iops_stddev" : 120.857627,
        "iops_samples" : 13858
      },
      "write" : {
        "io_bytes" : 0,
        "io_kbytes" : 0,
        "bw_bytes" : 0,
        "bw" : 0,
        "iops" : 0.000000,
        "runtime" : 0,
        "total_ios" : 0,
        "short_ios" : 0,
        "drop_ios" : 0,
        "slat_ns" : {
          "min" : 0,
          "max" : 0,
          "mean" : 0.000000,
          "stddev" : 0.000000,
          "N" : 0
        },
        "clat_ns" : {
          "min" : 0,
          "max" : 0,
          "mean" : 0.000000,
          "stddev" : 0.000000,
          "N" : 0
        },
        "lat_ns" : {
          "min" : 0,
          "max" : 0,
          "mean" : 0.000000,
          "stddev" : 0.000000,
          "N" : 0
        },
        "bw_min" : 0,
        "bw_max" : 0,
        "bw_agg" : 0.000000,
        "bw_mean" : 0.000000,
        "bw_dev" : 0.000000,
        "bw_samples" : 0,
        "iops_min" : 0,
        "iops_max" : 0,
        "iops_mean" : 0.000000,
        "iops_stddev" : 0.000000,
        "iops_samples" : 0
      },
      "trim" : {
        "io_bytes" : 0,
        "io_kbytes" : 0,
        "bw_bytes" : 0,
        "bw" : 0,
        "iops" : 0.000000,
        "runtime" : 0,
        "total_ios" : 0,
        "short_ios" : 0,
        "drop_ios" : 0,
        "slat_ns" : {
          "min" : 0,
          "max" : 0,
          "mean" : 0.000000,
          "stddev" : 0.000000,
          "N" : 0
        },
        "clat_ns" : {
          "min" : 0,
          "max" : 0,
          "mean" : 0.000000,
          "stddev" : 0.000000,
          "N" : 0
        },
        "lat_ns" : {
          "min" : 0,
          "max" : 0,
          "mean" : 0.000000,
          "stddev" : 0.000000,
          "N" : 0
        },
        "bw_min" : 0,
        "bw_max" : 0,
        "bw_agg" : 0.000000,
        "bw_mean" : 0.000000,
        "bw_dev" : 0.000000,
        "bw_samples" : 0,
        "iops_min" : 0,
        "iops_max" : 0,
        "iops_mean" : 0.000000,
        "iops_stddev" : 0.000000,
        "iops_samples" : 0
      },
      "sync" : {
        "total_ios" : 0,
        "lat_ns" : {
          "min" : 0,
          "max" : 0,
          "mean" : 0.000000,
          "stddev" : 0.000000,
          "N" : 0
        }
      },
      "job_runtime" : 6945822,
      "usr_cpu" : 0.342998,
      "sys_cpu" : 0.277217,
      "ctx" : 1742682,
      "majf" : 0,
      "minf" : 529,
      "iodepth_level" : {
        "1" : 0.000000,
        "2" : 0.000000,
        "4" : 0.000000,
        "8" : 0.000000,
        "16" : 100.000000,
        "32" : 0.000000,
        ">=64" : 0.000000
      },
      "iodepth_submit" : {
        "0" : 0.000000,
        "4" : 100.000000,
        "8" : 0.000000,
        "16" : 0.000000,
        "32" : 0.000000,
        "64" : 0.000000,
        ">=64" : 0.000000
      },
      "iodepth_complete" : {
        "0" : 0.100000,
        "4" : 99.998812,
        "8" : 0.000000,
        "16" : 0.000000,
        "32" : 0.100000,
        "64" : 0.000000,
        ">=64" : 0.000000
      },
      "latency_ns" : {
        "2" : 0.000000,
        "4" : 0.000000,
        "10" : 0.000000,
        "20" : 0.000000,
        "50" : 0.000000,
        "100" : 0.000000,
        "250" : 0.000000,
        "500" : 0.000000,
        "750" : 0.000000,
        "1000" : 0.000000
      },
      "latency_us" : {
        "2" : 0.000000,
        "4" : 0.000000,
        "10" : 0.000000,
        "20" : 0.000000,
        "50" : 0.000000,
        "100" : 0.000000,
        "250" : 0.000000,
        "500" : 0.010000,
        "750" : 0.010000,
        "1000" : 0.022236
      },
      "latency_ms" : {
        "2" : 0.329587,
        "4" : 1.987139,
        "10" : 7.272295,
        "20" : 10.582704,
        "50" : 22.699556,
        "100" : 22.715851,
        "250" : 27.504845,
        "500" : 6.071468,
        "750" : 0.779692,
        "1000" : 0.061334,
        "2000" : 0.010000,
        ">=2000" : 0.000000
      },
      "latency_depth" : 24,
      "latency_target" : 0,
      "latency_percentile" : 100.000000,
      "latency_window" : 0
    }
  ],
  "disk_util" : [
    {
      "name" : "sda",
      "read_ios" : 0,
      "write_ios" : 3910,
      "read_sectors" : 0,
      "write_sectors" : 93800,
      "read_merges" : 0,
      "write_merges" : 5106,
      "read_ticks" : 0,
      "write_ticks" : 636,
      "in_queue" : 673,
      "util" : 0.093591
    }
  ]
}
