{
  "fio version" : "fio-3.39-26-ga72fe",
  "timestamp" : 1750785366,
  "timestamp_ms" : 1750785366504,
  "time" : "Tue Jun 24 17:16:06 2025",
  "global options" : {
    "ioengine" : "rbd",
    "bs" : "64k",
    "rw" : "read",
    "direct" : "1",
    "runtime" : "5m",
    "time_based" : "",
    "group_reporting" : "",
    "ramp_time" : "30s",
    "thread" : "1",
    "iodepth" : "8",
    "clientname" : "admin",
    "pool" : "rbd"
  },
  "jobs" : [
    {
      "jobname" : "fio_test_0",
      "groupid" : 0,
      "job_start" : 1750785066202,
      "error" : 0,
      "eta" : 0,
      "elapsed" : 331,
      "job options" : {
        "max_latency" : "1s",
        "numjobs" : "1",
        "rbdname" : "fio_test_31"
      },
      "read" : {
        "io_bytes" : 110797651968,
        "io_kbytes" : 108200832,
        "bw_bytes" : 369236889,
        "bw" : 360582,
        "iops" : 5633.361327,
        "runtime" : 300072,
        "total_ios" : 1690414,
        "short_ios" : 0,
        "drop_ios" : 0,
        "slat_ns" : {
          "min" : 460,
          "max" : 293694,
          "mean" : 8594.368011,
          "stddev" : 5568.793930,
          "N" : 1690414
        },
        "clat_ns" : {
          "min" : 425065,
          "max" : 419804644,
          "mean" : 45426205.687084,
          "stddev" : 41543677.580358,
          "N" : 1690638,
          "percentile" : {
            "1.000000" : 2736128,
            "5.000000" : 5865472,
            "10.000000" : 8847360,
            "20.000000" : 13828096,
            "30.000000" : 19529728,
            "40.000000" : 25559040,
            "50.000000" : 32636928,
            "60.000000" : 41680896,
            "70.000000" : 52690944,
            "80.000000" : 68681728,
            "90.000000" : 99090432,
            "95.000000" : 133693440,
            "99.000000" : 196083712,
            "99.500000" : 217055232,
            "99.900000" : 274726912,
            "99.950000" : 299892736,
            "99.990000" : 341835776
          }
        },
        "lat_ns" : {
          "min" : 428527,
          "max" : 419832641,
          "mean" : 45434800.041017,
          "stddev" : 41544227.056712,
          "N" : 1690638
        },
        "bw_min" : 52352,
        "bw_max" : 1212064,
        "bw_agg" : 100.000000,
        "bw_mean" : 361000.362270,
        "bw_dev" : 6075.681519,
        "bw_samples" : 19168,
        "iops_min" : 818,
        "iops_max" : 18936,
        "iops_mean" : 5639.823038,
        "iops_stddev" : 94.924569,
        "iops_samples" : 19168
      },
      "write" : {
        "io_bytes" : 0,
        "io_kbytes" : 0,
        "bw_bytes" : 0,
        "bw" : 0,
        "iops" : 0.000000,
        "runtime" : 0,
        "total_ios" : 0,
        "short_ios" : 0,
        "drop_ios" : 0,
        "slat_ns" : {
          "min" : 0,
          "max" : 0,
          "mean" : 0.000000,
          "stddev" : 0.000000,
          "N" : 0
        },
        "clat_ns" : {
          "min" : 0,
          "max" : 0,
          "mean" : 0.000000,
          "stddev" : 0.000000,
          "N" : 0
        },
        "lat_ns" : {
          "min" : 0,
          "max" : 0,
          "mean" : 0.000000,
          "stddev" : 0.000000,
          "N" : 0
        },
        "bw_min" : 0,
        "bw_max" : 0,
        "bw_agg" : 0.000000,
        "bw_mean" : 0.000000,
        "bw_dev" : 0.000000,
        "bw_samples" : 0,
        "iops_min" : 0,
        "iops_max" : 0,
        "iops_mean" : 0.000000,
        "iops_stddev" : 0.000000,
        "iops_samples" : 0
      },
      "trim" : {
        "io_bytes" : 0,
        "io_kbytes" : 0,
        "bw_bytes" : 0,
        "bw" : 0,
        "iops" : 0.000000,
        "runtime" : 0,
        "total_ios" : 0,
        "short_ios" : 0,
        "drop_ios" : 0,
        "slat_ns" : {
          "min" : 0,
          "max" : 0,
          "mean" : 0.000000,
          "stddev" : 0.000000,
          "N" : 0
        },
        "clat_ns" : {
          "min" : 0,
          "max" : 0,
          "mean" : 0.000000,
          "stddev" : 0.000000,
          "N" : 0
        },
        "lat_ns" : {
          "min" : 0,
          "max" : 0,
          "mean" : 0.000000,
          "stddev" : 0.000000,
          "N" : 0
        },
        "bw_min" : 0,
        "bw_max" : 0,
        "bw_agg" : 0.000000,
        "bw_mean" : 0.000000,
        "bw_dev" : 0.000000,
        "bw_samples" : 0,
        "iops_min" : 0,
        "iops_max" : 0,
        "iops_mean" : 0.000000,
        "iops_stddev" : 0.000000,
        "iops_samples" : 0
      },
      "sync" : {
        "total_ios" : 0,
        "lat_ns" : {
          "min" : 0,
          "max" : 0,
          "mean" : 0.000000,
          "stddev" : 0.000000,
          "N" : 0
        }
      },
      "job_runtime" : 9601284,
      "usr_cpu" : 0.256570,
      "sys_cpu" : 0.199255,
      "ctx" : 1683124,
      "majf" : 0,
      "minf" : 543,
      "iodepth_level" : {
        "1" : 0.000000,
        "2" : 0.000000,
        "4" : 0.000000,
        "8" : 100.000000,
        "16" : 0.000000,
        "32" : 0.000000,
        ">=64" : 0.000000
      },
      "iodepth_submit" : {
        "0" : 0.000000,
        "4" : 100.000000,
        "8" : 0.000000,
        "16" : 0.000000,
        "32" : 0.000000,
        "64" : 0.000000,
        ">=64" : 0.000000
      },
      "iodepth_complete" : {
        "0" : 0.000000,
        "4" : 99.999053,
        "8" : 0.100000,
        "16" : 0.000000,
        "32" : 0.000000,
        "64" : 0.000000,
        ">=64" : 0.000000
      },
      "latency_ns" : {
        "2" : 0.000000,
        "4" : 0.000000,
        "10" : 0.000000,
        "20" : 0.000000,
        "50" : 0.000000,
        "100" : 0.000000,
        "250" : 0.000000,
        "500" : 0.000000,
        "750" : 0.000000,
        "1000" : 0.000000
      },
      "latency_us" : {
        "2" : 0.000000,
        "4" : 0.000000,
        "10" : 0.000000,
        "20" : 0.000000,
        "50" : 0.000000,
        "100" : 0.000000,
        "250" : 0.000000,
        "500" : 0.010000,
        "750" : 0.010000,
        "1000" : 0.021770
      },
      "latency_ms" : {
        "2" : 0.352044,
        "4" : 2.125574,
        "10" : 9.958980,
        "20" : 18.475770,
        "50" : 36.785249,
        "100" : 22.552227,
        "250" : 9.540740,
        "500" : 0.194686,
        "750" : 0.000000,
        "1000" : 0.000000,
        "2000" : 0.000000,
        ">=2000" : 0.000000
      },
      "latency_depth" : 8,
      "latency_target" : 0,
      "latency_percentile" : 100.000000,
      "latency_window" : 0
    }
  ],
  "disk_util" : [
    {
      "name" : "sda",
      "read_ios" : 0,
      "write_ios" : 4199,
      "read_sectors" : 0,
      "write_sectors" : 104104,
      "read_merges" : 0,
      "write_merges" : 5649,
      "read_ticks" : 0,
      "write_ticks" : 740,
      "in_queue" : 780,
      "util" : 0.096113
    }
  ]
}
