{
  "fio version" : "fio-3.39-26-ga72fe",
  "timestamp" : 1755504759,
  "timestamp_ms" : 1755504759801,
  "time" : "Mon Aug 18 08:12:39 2025",
  "global options" : {
    "write_iops_log" : "sea_1osd_4reactor_32fio_bal_osd_rc_1procs_randread_zipf",
    "write_bw_log" : "sea_1osd_4reactor_32fio_bal_osd_rc_1procs_randread_zipf",
    "write_lat_log" : "sea_1osd_4reactor_32fio_bal_osd_rc_1procs_randread_zipf",
    "write_hist_log" : "sea_1osd_4reactor_32fio_bal_osd_rc_1procs_randread_zipf",
    "ioengine" : "rbd",
    "bs" : "4k",
    "rw" : "randread",
    "random_distribution" : "zipf:0.76878",
    "direct" : "1",
    "runtime" : "5m",
    "time_based" : "",
    "group_reporting" : "",
    "numjobs" : "1",
    "ramp_time" : "30s",
    "thread" : "1",
    "iodepth" : "24",
    "clientname" : "admin",
    "pool" : "rbd"
  },
  "jobs" : [
    {
      "jobname" : "fio_test_0",
      "groupid" : 0,
      "job_start" : 1755504444550,
      "error" : 0,
      "eta" : 0,
      "elapsed" : 346,
      "job options" : {
        "max_latency" : "1s",
        "rbdname" : "fio_test_0"
      },
      "read" : {
        "io_bytes" : 37091667968,
        "io_kbytes" : 36222332,
        "bw_bytes" : 123638481,
        "bw" : 120740,
        "iops" : 30185.099383,
        "runtime" : 300001,
        "total_ios" : 9055560,
        "short_ios" : 0,
        "drop_ios" : 0,
        "slat_ns" : {
          "min" : 328,
          "max" : 379079,
          "mean" : 1577.450711,
          "stddev" : 1110.517759,
          "N" : 9055560
        },
        "clat_ns" : {
          "min" : 102732,
          "max" : 7849385,
          "mean" : 791742.746873,
          "stddev" : 299452.161722,
          "N" : 9055583,
          "percentile" : {
            "1.000000" : 224256,
            "5.000000" : 337920,
            "10.000000" : 419840,
            "20.000000" : 518144,
            "30.000000" : 610304,
            "40.000000" : 692224,
            "50.000000" : 790528,
            "60.000000" : 872448,
            "70.000000" : 954368,
            "80.000000" : 1028096,
            "90.000000" : 1155072,
            "95.000000" : 1286144,
            "99.000000" : 1548288,
            "99.500000" : 1712128,
            "99.900000" : 2179072,
            "99.950000" : 2310144,
            "99.990000" : 3129344
          }
        },
        "lat_ns" : {
          "min" : 104295,
          "max" : 7850119,
          "mean" : 793320.196661,
          "stddev" : 299592.983452,
          "N" : 9055583
        },
        "bw_min" : 521,
        "bw_max" : 39870,
        "bw_agg" : 5.102670,
        "bw_mean" : 6161.402751,
        "bw_dev" : 3133.607227,
        "bw_samples" : 9055583,
        "iops_min" : 1,
        "iops_max" : 1,
        "iops_mean" : 1.000000,
        "iops_stddev" : 0.000000,
        "iops_samples" : 9055583
      },
      "write" : {
        "io_bytes" : 0,
        "io_kbytes" : 0,
        "bw_bytes" : 0,
        "bw" : 0,
        "iops" : 0.000000,
        "runtime" : 0,
        "total_ios" : 0,
        "short_ios" : 0,
        "drop_ios" : 0,
        "slat_ns" : {
          "min" : 0,
          "max" : 0,
          "mean" : 0.000000,
          "stddev" : 0.000000,
          "N" : 0
        },
        "clat_ns" : {
          "min" : 0,
          "max" : 0,
          "mean" : 0.000000,
          "stddev" : 0.000000,
          "N" : 0
        },
        "lat_ns" : {
          "min" : 0,
          "max" : 0,
          "mean" : 0.000000,
          "stddev" : 0.000000,
          "N" : 0
        },
        "bw_min" : 0,
        "bw_max" : 0,
        "bw_agg" : 0.000000,
        "bw_mean" : 0.000000,
        "bw_dev" : 0.000000,
        "bw_samples" : 0,
        "iops_min" : 0,
        "iops_max" : 0,
        "iops_mean" : 0.000000,
        "iops_stddev" : 0.000000,
        "iops_samples" : 0
      },
      "trim" : {
        "io_bytes" : 0,
        "io_kbytes" : 0,
        "bw_bytes" : 0,
        "bw" : 0,
        "iops" : 0.000000,
        "runtime" : 0,
        "total_ios" : 0,
        "short_ios" : 0,
        "drop_ios" : 0,
        "slat_ns" : {
          "min" : 0,
          "max" : 0,
          "mean" : 0.000000,
          "stddev" : 0.000000,
          "N" : 0
        },
        "clat_ns" : {
          "min" : 0,
          "max" : 0,
          "mean" : 0.000000,
          "stddev" : 0.000000,
          "N" : 0
        },
        "lat_ns" : {
          "min" : 0,
          "max" : 0,
          "mean" : 0.000000,
          "stddev" : 0.000000,
          "N" : 0
        },
        "bw_min" : 0,
        "bw_max" : 0,
        "bw_agg" : 0.000000,
        "bw_mean" : 0.000000,
        "bw_dev" : 0.000000,
        "bw_samples" : 0,
        "iops_min" : 0,
        "iops_max" : 0,
        "iops_mean" : 0.000000,
        "iops_stddev" : 0.000000,
        "iops_samples" : 0
      },
      "sync" : {
        "total_ios" : 0,
        "lat_ns" : {
          "min" : 0,
          "max" : 0,
          "mean" : 0.000000,
          "stddev" : 0.000000,
          "N" : 0
        }
      },
      "job_runtime" : 300000,
      "usr_cpu" : 8.656333,
      "sys_cpu" : 5.682000,
      "ctx" : 4213161,
      "majf" : 0,
      "minf" : 38652,
      "iodepth_level" : {
        "1" : 0.100000,
        "2" : 0.100000,
        "4" : 0.100000,
        "8" : 0.100000,
        "16" : 99.997184,
        "32" : 0.000000,
        ">=64" : 0.000000
      },
      "iodepth_submit" : {
        "0" : 0.000000,
        "4" : 100.000000,
        "8" : 0.000000,
        "16" : 0.000000,
        "32" : 0.000000,
        "64" : 0.000000,
        ">=64" : 0.000000
      },
      "iodepth_complete" : {
        "0" : 0.000000,
        "4" : 99.999994,
        "8" : 0.000000,
        "16" : 0.000000,
        "32" : 0.100000,
        "64" : 0.000000,
        ">=64" : 0.000000
      },
      "latency_ns" : {
        "2" : 0.000000,
        "4" : 0.000000,
        "10" : 0.000000,
        "20" : 0.000000,
        "50" : 0.000000,
        "100" : 0.000000,
        "250" : 0.000000,
        "500" : 0.000000,
        "750" : 0.000000,
        "1000" : 0.000000
      },
      "latency_us" : {
        "2" : 0.000000,
        "4" : 0.000000,
        "10" : 0.000000,
        "20" : 0.000000,
        "50" : 0.000000,
        "100" : 0.000000,
        "250" : 1.662592,
        "500" : 16.149217,
        "750" : 28.106070,
        "1000" : 30.199656
      },
      "latency_ms" : {
        "2" : 23.670507,
        "4" : 0.208292,
        "10" : 0.010000,
        "20" : 0.000000,
        "50" : 0.000000,
        "100" : 0.000000,
        "250" : 0.000000,
        "500" : 0.000000,
        "750" : 0.000000,
        "1000" : 0.000000,
        "2000" : 0.000000,
        ">=2000" : 0.000000
      },
      "latency_depth" : 24,
      "latency_target" : 0,
      "latency_percentile" : 100.000000,
      "latency_window" : 0
    }
  ],
  "disk_util" : [
    {
      "name" : "sda",
      "read_ios" : 91,
      "write_ios" : 22241,
      "read_sectors" : 1816,
      "write_sectors" : 9905608,
      "read_merges" : 0,
      "write_merges" : 8791,
      "read_ticks" : 27,
      "write_ticks" : 63508,
      "in_queue" : 63691,
      "util" : 2.844311
    }
  ]
}
