{
    "iodepth": [
        "1",
        "2",
        "4",
        "8",
        "16",
        "24",
        "32",
        "40",
        "52",
        "64"
    ],
    "iops": [
        6965.153449,
        11623.011257,
        19919.056936,
        23311.782294,
        28775.930747,
        30185.099383,
        35599.378002,
        37799.787334,
        39258.991607,
        37984.720102
    ],
    "total_ios": [
        2089553,
        3486915,
        5975737,
        6993558,
        8632808,
        9055560,
        10679849,
        11339974,
        11777776,
        11395492
    ],
    "clat_ms": [
        0.140290425532,
        0.168643452519,
        0.198216521282,
        0.339957440443,
        0.552593750153,
        0.7917427468730001,
        0.8954848135310001,
        1.054264576647,
        1.320305585885,
        1.679285715356
    ],
    "clat_stdev": [
        0.054046289711,
        0.069276583872,
        0.062742637078,
        0.122449332162,
        0.212664554167,
        0.299452161722,
        0.30331246244700005,
        0.371133697422,
        0.38570879786,
        0.49259461586299996
    ],
    "usr_cpu": [
        2.536333,
        4.252333,
        5.297667,
        7.892,
        9.658,
        8.656333,
        8.758667,
        11.003667,
        9.092636,
        13.611288
    ],
    "sys_cpu": [
        2.542667,
        4.139333,
        4.839,
        6.348333,
        6.792,
        5.682,
        5.247333,
        6.531333,
        5.148983,
        8.402972
    ],
    "OSD_cpu": [
        215.27,
        275.36333333333346,
        333.54000000000013,
        340.8200000000001,
        349.2166666666665,
        336.5066666666668,
        353.99666666666656,
        367.4399999999999,
        360.5633333333332,
        353.80666666666644
    ],
    "OSD_mem": [
        15.036666666666754,
        15.600000000000092,
        15.600000000000092,
        15.600000000000092,
        15.600000000000092,
        15.600000000000092,
        15.600000000000092,
        15.600000000000092,
        15.600000000000092,
        15.600000000000092
    ],
    "FIO_cpu": [
        36.86999999999998,
        55.609999999999964,
        70.05999999999997,
        101.33000000000001,
        104.00333333333339,
        101.58666666666667,
        97.2833333333333,
        99.63333333333337,
        92.94000000000001,
        105.55000000000001
    ],
    "FIO_mem": [
        0.3733333333333325,
        1.0666666666666729,
        1.2800000000000091,
        1.4933333333333456,
        1.9733333333333525,
        1.9200000000000184,
        2.080000000000018,
        2.4000000000000203,
        2.346666666666687,
        2.4000000000000203
    ]
}