{
  "fio version" : "fio-3.39-26-ga72fe",
  "timestamp" : 1751035997,
  "timestamp_ms" : 1751035997926,
  "time" : "Fri Jun 27 14:53:17 2025",
  "global options" : {
    "ioengine" : "rbd",
    "bs" : "64k",
    "rw" : "write",
    "direct" : "1",
    "runtime" : "5m",
    "time_based" : "",
    "group_reporting" : "",
    "ramp_time" : "30s",
    "thread" : "1",
    "iodepth" : "4",
    "clientname" : "admin",
    "pool" : "rbd"
  },
  "jobs" : [
    {
      "jobname" : "fio_test_0",
      "groupid" : 0,
      "job_start" : 1751035697732,
      "error" : 0,
      "eta" : 0,
      "elapsed" : 331,
      "job options" : {
        "max_latency" : "1s",
        "numjobs" : "1",
        "rbdname" : "fio_test_31"
      },
      "read" : {
        "io_bytes" : 0,
        "io_kbytes" : 0,
        "bw_bytes" : 0,
        "bw" : 0,
        "iops" : 0.000000,
        "runtime" : 0,
        "total_ios" : 0,
        "short_ios" : 0,
        "drop_ios" : 0,
        "slat_ns" : {
          "min" : 0,
          "max" : 0,
          "mean" : 0.000000,
          "stddev" : 0.000000,
          "N" : 0
        },
        "clat_ns" : {
          "min" : 0,
          "max" : 0,
          "mean" : 0.000000,
          "stddev" : 0.000000,
          "N" : 0
        },
        "lat_ns" : {
          "min" : 0,
          "max" : 0,
          "mean" : 0.000000,
          "stddev" : 0.000000,
          "N" : 0
        },
        "bw_min" : 0,
        "bw_max" : 0,
        "bw_agg" : 0.000000,
        "bw_mean" : 0.000000,
        "bw_dev" : 0.000000,
        "bw_samples" : 0,
        "iops_min" : 0,
        "iops_max" : 0,
        "iops_mean" : 0.000000,
        "iops_stddev" : 0.000000,
        "iops_samples" : 0
      },
      "write" : {
        "io_bytes" : 210551635968,
        "io_kbytes" : 205616832,
        "bw_bytes" : 701803696,
        "bw" : 685355,
        "iops" : 10708.351249,
        "runtime" : 300015,
        "total_ios" : 3212666,
        "short_ios" : 0,
        "drop_ios" : 0,
        "slat_ns" : {
          "min" : 4619,
          "max" : 755667,
          "mean" : 17262.833680,
          "stddev" : 8948.849004,
          "N" : 3212667
        },
        "clat_ns" : {
          "min" : 464208,
          "max" : 317272889,
          "mean" : 11933111.928123,
          "stddev" : 7577811.845284,
          "N" : 3212762,
          "percentile" : {
            "1.000000" : 2408448,
            "5.000000" : 4112384,
            "10.000000" : 5079040,
            "20.000000" : 6455296,
            "30.000000" : 7634944,
            "40.000000" : 8847360,
            "50.000000" : 10158080,
            "60.000000" : 11730944,
            "70.000000" : 13565952,
            "80.000000" : 16056320,
            "90.000000" : 20840448,
            "95.000000" : 26083328,
            "99.000000" : 38010880,
            "99.500000" : 43778048,
            "99.900000" : 60030976,
            "99.950000" : 70778880,
            "99.990000" : 137363456
          }
        },
        "lat_ns" : {
          "min" : 473827,
          "max" : 317282988,
          "mean" : 11950374.773938,
          "stddev" : 7578607.637514,
          "N" : 3212762
        },
        "bw_min" : 176768,
        "bw_max" : 1315200,
        "bw_agg" : 100.000000,
        "bw_mean" : 685796.355159,
        "bw_dev" : 5587.918101,
        "bw_samples" : 19169,
        "iops_min" : 2762,
        "iops_max" : 20550,
        "iops_mean" : 10715.359444,
        "iops_stddev" : 87.309951,
        "iops_samples" : 19169
      },
      "trim" : {
        "io_bytes" : 0,
        "io_kbytes" : 0,
        "bw_bytes" : 0,
        "bw" : 0,
        "iops" : 0.000000,
        "runtime" : 0,
        "total_ios" : 0,
        "short_ios" : 0,
        "drop_ios" : 0,
        "slat_ns" : {
          "min" : 0,
          "max" : 0,
          "mean" : 0.000000,
          "stddev" : 0.000000,
          "N" : 0
        },
        "clat_ns" : {
          "min" : 0,
          "max" : 0,
          "mean" : 0.000000,
          "stddev" : 0.000000,
          "N" : 0
        },
        "lat_ns" : {
          "min" : 0,
          "max" : 0,
          "mean" : 0.000000,
          "stddev" : 0.000000,
          "N" : 0
        },
        "bw_min" : 0,
        "bw_max" : 0,
        "bw_agg" : 0.000000,
        "bw_mean" : 0.000000,
        "bw_dev" : 0.000000,
        "bw_samples" : 0,
        "iops_min" : 0,
        "iops_max" : 0,
        "iops_mean" : 0.000000,
        "iops_stddev" : 0.000000,
        "iops_samples" : 0
      },
      "sync" : {
        "total_ios" : 0,
        "lat_ns" : {
          "min" : 0,
          "max" : 0,
          "mean" : 0.000000,
          "stddev" : 0.000000,
          "N" : 0
        }
      },
      "job_runtime" : 9600238,
      "usr_cpu" : 0.746544,
      "sys_cpu" : 0.290076,
      "ctx" : 3196707,
      "majf" : 0,
      "minf" : 26020,
      "iodepth_level" : {
        "1" : 0.000000,
        "2" : 0.000000,
        "4" : 100.000000,
        "8" : 0.000000,
        "16" : 0.000000,
        "32" : 0.000000,
        ">=64" : 0.000000
      },
      "iodepth_submit" : {
        "0" : 0.000000,
        "4" : 100.000000,
        "8" : 0.000000,
        "16" : 0.000000,
        "32" : 0.000000,
        "64" : 0.000000,
        ">=64" : 0.000000
      },
      "iodepth_complete" : {
        "0" : 0.000000,
        "4" : 100.000000,
        "8" : 0.000000,
        "16" : 0.000000,
        "32" : 0.000000,
        "64" : 0.000000,
        ">=64" : 0.000000
      },
      "latency_ns" : {
        "2" : 0.000000,
        "4" : 0.000000,
        "10" : 0.000000,
        "20" : 0.000000,
        "50" : 0.000000,
        "100" : 0.000000,
        "250" : 0.000000,
        "500" : 0.000000,
        "750" : 0.000000,
        "1000" : 0.000000
      },
      "latency_us" : {
        "2" : 0.000000,
        "4" : 0.000000,
        "10" : 0.000000,
        "20" : 0.000000,
        "50" : 0.000000,
        "100" : 0.000000,
        "250" : 0.000000,
        "500" : 0.010000,
        "750" : 0.012171,
        "1000" : 0.047717
      },
      "latency_ms" : {
        "2" : 0.523273,
        "4" : 3.982487,
        "10" : 44.137922,
        "20" : 40.162501,
        "50" : 10.890706,
        "100" : 0.226914,
        "250" : 0.017805,
        "500" : 0.010000,
        "750" : 0.000000,
        "1000" : 0.000000,
        "2000" : 0.000000,
        ">=2000" : 0.000000
      },
      "latency_depth" : 4,
      "latency_target" : 0,
      "latency_percentile" : 100.000000,
      "latency_window" : 0
    }
  ],
  "disk_util" : [
    {
      "name" : "sda",
      "read_ios" : 2,
      "write_ios" : 3952,
      "read_sectors" : 16,
      "write_sectors" : 116648,
      "read_merges" : 0,
      "write_merges" : 5344,
      "read_ticks" : 0,
      "write_ticks" : 876,
      "in_queue" : 916,
      "util" : 0.093966
    }
  ]
}
