{
  "fio version" : "fio-3.39-26-ga72fe",
  "timestamp" : 1751040984,
  "timestamp_ms" : 1751040984799,
  "time" : "Fri Jun 27 16:16:24 2025",
  "global options" : {
    "ioengine" : "rbd",
    "bs" : "64k",
    "rw" : "write",
    "direct" : "1",
    "runtime" : "5m",
    "time_based" : "",
    "group_reporting" : "",
    "ramp_time" : "30s",
    "thread" : "1",
    "iodepth" : "40",
    "clientname" : "admin",
    "pool" : "rbd"
  },
  "jobs" : [
    {
      "jobname" : "fio_test_0",
      "groupid" : 0,
      "job_start" : 1751040684342,
      "error" : 110,
      "eta" : 0,
      "elapsed" : 331,
      "job options" : {
        "max_latency" : "1s",
        "numjobs" : "1",
        "rbdname" : "fio_test_31"
      },
      "read" : {
        "io_bytes" : 0,
        "io_kbytes" : 0,
        "bw_bytes" : 0,
        "bw" : 0,
        "iops" : 0.000000,
        "runtime" : 0,
        "total_ios" : 0,
        "short_ios" : 0,
        "drop_ios" : 0,
        "slat_ns" : {
          "min" : 0,
          "max" : 0,
          "mean" : 0.000000,
          "stddev" : 0.000000,
          "N" : 0
        },
        "clat_ns" : {
          "min" : 0,
          "max" : 0,
          "mean" : 0.000000,
          "stddev" : 0.000000,
          "N" : 0
        },
        "lat_ns" : {
          "min" : 0,
          "max" : 0,
          "mean" : 0.000000,
          "stddev" : 0.000000,
          "N" : 0
        },
        "bw_min" : 0,
        "bw_max" : 0,
        "bw_agg" : 0.000000,
        "bw_mean" : 0.000000,
        "bw_dev" : 0.000000,
        "bw_samples" : 0,
        "iops_min" : 0,
        "iops_max" : 0,
        "iops_mean" : 0.000000,
        "iops_stddev" : 0.000000,
        "iops_samples" : 0
      },
      "write" : {
        "io_bytes" : 418790047744,
        "io_kbytes" : 408974656,
        "bw_bytes" : 1395497008,
        "bw" : 1362790,
        "iops" : 21289.425893,
        "runtime" : 300101,
        "total_ios" : 6388978,
        "short_ios" : 0,
        "drop_ios" : 0,
        "slat_ns" : {
          "min" : 4720,
          "max" : 2051140,
          "mean" : 19653.972928,
          "stddev" : 7416.609540,
          "N" : 6388981
        },
        "clat_ns" : {
          "min" : 369924,
          "max" : 1639817673,
          "mean" : 50458216.154296,
          "stddev" : 62984137.636052,
          "N" : 6390226,
          "percentile" : {
            "1.000000" : 1531904,
            "5.000000" : 3325952,
            "10.000000" : 5472256,
            "20.000000" : 10289152,
            "30.000000" : 15794176,
            "40.000000" : 22413312,
            "50.000000" : 30277632,
            "60.000000" : 40632320,
            "70.000000" : 54788096,
            "80.000000" : 74973184,
            "90.000000" : 115867648,
            "95.000000" : 164626432,
            "99.000000" : 304087040,
            "99.500000" : 379584512,
            "99.900000" : 574619648,
            "99.950000" : 683671552,
            "99.990000" : 851443712
          }
        },
        "lat_ns" : {
          "min" : 379148,
          "max" : 1639839973,
          "mean" : 50477870.355043,
          "stddev" : 62985769.474666,
          "N" : 6390226
        },
        "bw_min" : 84364,
        "bw_max" : 3739609,
        "bw_agg" : 100.000000,
        "bw_mean" : 1610625.032703,
        "bw_dev" : 19420.609072,
        "bw_samples" : 16084,
        "iops_min" : 1318,
        "iops_max" : 58430,
        "iops_mean" : 25164.467216,
        "iops_stddev" : 303.447350,
        "iops_samples" : 16084
      },
      "trim" : {
        "io_bytes" : 0,
        "io_kbytes" : 0,
        "bw_bytes" : 0,
        "bw" : 0,
        "iops" : 0.000000,
        "runtime" : 0,
        "total_ios" : 0,
        "short_ios" : 0,
        "drop_ios" : 0,
        "slat_ns" : {
          "min" : 0,
          "max" : 0,
          "mean" : 0.000000,
          "stddev" : 0.000000,
          "N" : 0
        },
        "clat_ns" : {
          "min" : 0,
          "max" : 0,
          "mean" : 0.000000,
          "stddev" : 0.000000,
          "N" : 0
        },
        "lat_ns" : {
          "min" : 0,
          "max" : 0,
          "mean" : 0.000000,
          "stddev" : 0.000000,
          "N" : 0
        },
        "bw_min" : 0,
        "bw_max" : 0,
        "bw_agg" : 0.000000,
        "bw_mean" : 0.000000,
        "bw_dev" : 0.000000,
        "bw_samples" : 0,
        "iops_min" : 0,
        "iops_max" : 0,
        "iops_mean" : 0.000000,
        "iops_stddev" : 0.000000,
        "iops_samples" : 0
      },
      "sync" : {
        "total_ios" : 0,
        "lat_ns" : {
          "min" : 0,
          "max" : 0,
          "mean" : 0.000000,
          "stddev" : 0.000000,
          "N" : 0
        }
      },
      "job_runtime" : 8061715,
      "usr_cpu" : 1.753448,
      "sys_cpu" : 0.404740,
      "ctx" : 5806198,
      "majf" : 0,
      "minf" : 83845,
      "iodepth_level" : {
        "1" : 0.000000,
        "2" : 0.000000,
        "4" : 0.000000,
        "8" : 0.000000,
        "16" : 0.000000,
        "32" : 100.000000,
        ">=64" : 0.000000
      },
      "iodepth_submit" : {
        "0" : 0.000000,
        "4" : 100.000000,
        "8" : 0.000000,
        "16" : 0.000000,
        "32" : 0.000000,
        "64" : 0.000000,
        ">=64" : 0.000000
      },
      "iodepth_complete" : {
        "0" : 0.100000,
        "4" : 99.999687,
        "8" : 0.000000,
        "16" : 0.000000,
        "32" : 0.000000,
        "64" : 0.100000,
        ">=64" : 0.000000
      },
      "latency_ns" : {
        "2" : 0.000000,
        "4" : 0.000000,
        "10" : 0.000000,
        "20" : 0.000000,
        "50" : 0.000000,
        "100" : 0.000000,
        "250" : 0.000000,
        "500" : 0.000000,
        "750" : 0.000000,
        "1000" : 0.000000
      },
      "latency_us" : {
        "2" : 0.000000,
        "4" : 0.000000,
        "10" : 0.000000,
        "20" : 0.000000,
        "50" : 0.000000,
        "100" : 0.000000,
        "250" : 0.000000,
        "500" : 0.010000,
        "750" : 0.080028,
        "1000" : 0.187589
      },
      "latency_ms" : {
        "2" : 1.636991,
        "4" : 4.781234,
        "10" : 12.833508,
        "20" : 17.215962,
        "50" : 30.370116,
        "100" : 19.999333,
        "250" : 11.106894,
        "500" : 1.630574,
        "750" : 0.143669,
        "1000" : 0.029817,
        "2000" : 0.010000,
        ">=2000" : 0.000000
      },
      "latency_depth" : 40,
      "latency_target" : 0,
      "latency_percentile" : 100.000000,
      "latency_window" : 0
    }
  ],
  "disk_util" : [
    {
      "name" : "sda",
      "read_ios" : 113,
      "write_ios" : 4134,
      "read_sectors" : 1272,
      "write_sectors" : 157864,
      "read_merges" : 46,
      "write_merges" : 5832,
      "read_ticks" : 22,
      "write_ticks" : 1368,
      "in_queue" : 1430,
      "util" : 0.106318
    }
  ]
}
