{
  "fio version" : "fio-3.39-26-ga72fe",
  "timestamp" : 1751041982,
  "timestamp_ms" : 1751041982192,
  "time" : "Fri Jun 27 16:33:02 2025",
  "global options" : {
    "ioengine" : "rbd",
    "bs" : "64k",
    "rw" : "write",
    "direct" : "1",
    "runtime" : "5m",
    "time_based" : "",
    "group_reporting" : "",
    "ramp_time" : "30s",
    "thread" : "1",
    "iodepth" : "52",
    "clientname" : "admin",
    "pool" : "rbd"
  },
  "jobs" : [
    {
      "jobname" : "fio_test_0",
      "groupid" : 0,
      "job_start" : 1751041681993,
      "error" : 110,
      "eta" : 0,
      "elapsed" : 331,
      "job options" : {
        "max_latency" : "1s",
        "numjobs" : "1",
        "rbdname" : "fio_test_31"
      },
      "read" : {
        "io_bytes" : 0,
        "io_kbytes" : 0,
        "bw_bytes" : 0,
        "bw" : 0,
        "iops" : 0.000000,
        "runtime" : 0,
        "total_ios" : 0,
        "short_ios" : 0,
        "drop_ios" : 0,
        "slat_ns" : {
          "min" : 0,
          "max" : 0,
          "mean" : 0.000000,
          "stddev" : 0.000000,
          "N" : 0
        },
        "clat_ns" : {
          "min" : 0,
          "max" : 0,
          "mean" : 0.000000,
          "stddev" : 0.000000,
          "N" : 0
        },
        "lat_ns" : {
          "min" : 0,
          "max" : 0,
          "mean" : 0.000000,
          "stddev" : 0.000000,
          "N" : 0
        },
        "bw_min" : 0,
        "bw_max" : 0,
        "bw_agg" : 0.000000,
        "bw_mean" : 0.000000,
        "bw_dev" : 0.000000,
        "bw_samples" : 0,
        "iops_min" : 0,
        "iops_max" : 0,
        "iops_mean" : 0.000000,
        "iops_stddev" : 0.000000,
        "iops_samples" : 0
      },
      "write" : {
        "io_bytes" : 388953341952,
        "io_kbytes" : 379837248,
        "bw_bytes" : 1296148218,
        "bw" : 1265769,
        "iops" : 19772.213780,
        "runtime" : 300084,
        "total_ios" : 5933325,
        "short_ios" : 0,
        "drop_ios" : 0,
        "slat_ns" : {
          "min" : 4287,
          "max" : 1931652,
          "mean" : 17184.061123,
          "stddev" : 7492.081791,
          "N" : 5933325
        },
        "clat_ns" : {
          "min" : 353762,
          "max" : 1736038240,
          "mean" : 39521771.888976,
          "stddev" : 65184065.630895,
          "N" : 5934957,
          "percentile" : {
            "1.000000" : 1155072,
            "5.000000" : 2473984,
            "10.000000" : 3883008,
            "20.000000" : 6914048,
            "30.000000" : 10158080,
            "40.000000" : 13959168,
            "50.000000" : 18743296,
            "60.000000" : 25559040,
            "70.000000" : 34865152,
            "80.000000" : 51642368,
            "90.000000" : 90701824,
            "95.000000" : 147849216,
            "99.000000" : 337641472,
            "99.500000" : 425721856,
            "99.900000" : 633339904,
            "99.950000" : 742391808,
            "99.990000" : 935329792
          }
        },
        "lat_ns" : {
          "min" : 362349,
          "max" : 1736084786,
          "mean" : 39538957.705622,
          "stddev" : 65185803.280810,
          "N" : 5934957
        },
        "bw_min" : 136724,
        "bw_max" : 4648161,
        "bw_agg" : 100.000000,
        "bw_mean" : 2062903.204087,
        "bw_dev" : 34782.367128,
        "bw_samples" : 8987,
        "iops_min" : 2136,
        "iops_max" : 72626,
        "iops_mean" : 32231.182920,
        "iops_stddev" : 543.466483,
        "iops_samples" : 8987
      },
      "trim" : {
        "io_bytes" : 0,
        "io_kbytes" : 0,
        "bw_bytes" : 0,
        "bw" : 0,
        "iops" : 0.000000,
        "runtime" : 0,
        "total_ios" : 0,
        "short_ios" : 0,
        "drop_ios" : 0,
        "slat_ns" : {
          "min" : 0,
          "max" : 0,
          "mean" : 0.000000,
          "stddev" : 0.000000,
          "N" : 0
        },
        "clat_ns" : {
          "min" : 0,
          "max" : 0,
          "mean" : 0.000000,
          "stddev" : 0.000000,
          "N" : 0
        },
        "lat_ns" : {
          "min" : 0,
          "max" : 0,
          "mean" : 0.000000,
          "stddev" : 0.000000,
          "N" : 0
        },
        "bw_min" : 0,
        "bw_max" : 0,
        "bw_agg" : 0.000000,
        "bw_mean" : 0.000000,
        "bw_dev" : 0.000000,
        "bw_samples" : 0,
        "iops_min" : 0,
        "iops_max" : 0,
        "iops_mean" : 0.000000,
        "iops_stddev" : 0.000000,
        "iops_samples" : 0
      },
      "sync" : {
        "total_ios" : 0,
        "lat_ns" : {
          "min" : 0,
          "max" : 0,
          "mean" : 0.000000,
          "stddev" : 0.000000,
          "N" : 0
        }
      },
      "job_runtime" : 4510075,
      "usr_cpu" : 2.529714,
      "sys_cpu" : 0.640854,
      "ctx" : 4977312,
      "majf" : 0,
      "minf" : 47464,
      "iodepth_level" : {
        "1" : 0.000000,
        "2" : 0.000000,
        "4" : 0.000000,
        "8" : 0.000000,
        "16" : 0.000000,
        "32" : 100.000000,
        ">=64" : 0.000000
      },
      "iodepth_submit" : {
        "0" : 0.000000,
        "4" : 100.000000,
        "8" : 0.000000,
        "16" : 0.000000,
        "32" : 0.000000,
        "64" : 0.000000,
        ">=64" : 0.000000
      },
      "iodepth_complete" : {
        "0" : 0.100000,
        "4" : 99.999562,
        "8" : 0.000000,
        "16" : 0.000000,
        "32" : 0.000000,
        "64" : 0.100000,
        ">=64" : 0.000000
      },
      "latency_ns" : {
        "2" : 0.000000,
        "4" : 0.000000,
        "10" : 0.000000,
        "20" : 0.000000,
        "50" : 0.000000,
        "100" : 0.000000,
        "250" : 0.000000,
        "500" : 0.000000,
        "750" : 0.000000,
        "1000" : 0.000000
      },
      "latency_us" : {
        "2" : 0.000000,
        "4" : 0.000000,
        "10" : 0.000000,
        "20" : 0.000000,
        "50" : 0.000000,
        "100" : 0.000000,
        "250" : 0.000000,
        "500" : 0.019753,
        "750" : 0.219219,
        "1000" : 0.429473
      },
      "latency_ms" : {
        "2" : 2.829813,
        "4" : 7.047718,
        "10" : 18.969010,
        "20" : 22.550931,
        "50" : 27.251718,
        "100" : 11.940152,
        "250" : 6.838223,
        "500" : 1.643446,
        "750" : 0.239326,
        "1000" : 0.043635,
        "2000" : 0.010000,
        ">=2000" : 0.000000
      },
      "latency_depth" : 52,
      "latency_target" : 0,
      "latency_percentile" : 100.000000,
      "latency_window" : 0
    }
  ],
  "disk_util" : [
    {
      "name" : "sda",
      "read_ios" : 1,
      "write_ios" : 3989,
      "read_sectors" : 8,
      "write_sectors" : 147720,
      "read_merges" : 0,
      "write_merges" : 5349,
      "read_ticks" : 1,
      "write_ticks" : 1235,
      "in_queue" : 1274,
      "util" : 0.096982
    }
  ]
}
