{
  "fio version" : "fio-3.39-26-ga72fe",
  "timestamp" : 1751039987,
  "timestamp_ms" : 1751039987073,
  "time" : "Fri Jun 27 15:59:47 2025",
  "global options" : {
    "ioengine" : "rbd",
    "bs" : "64k",
    "rw" : "write",
    "direct" : "1",
    "runtime" : "5m",
    "time_based" : "",
    "group_reporting" : "",
    "ramp_time" : "30s",
    "thread" : "1",
    "iodepth" : "32",
    "clientname" : "admin",
    "pool" : "rbd"
  },
  "jobs" : [
    {
      "jobname" : "fio_test_0",
      "groupid" : 0,
      "job_start" : 1751039686645,
      "error" : 110,
      "eta" : 0,
      "elapsed" : 331,
      "job options" : {
        "max_latency" : "1s",
        "numjobs" : "1",
        "rbdname" : "fio_test_31"
      },
      "read" : {
        "io_bytes" : 0,
        "io_kbytes" : 0,
        "bw_bytes" : 0,
        "bw" : 0,
        "iops" : 0.000000,
        "runtime" : 0,
        "total_ios" : 0,
        "short_ios" : 0,
        "drop_ios" : 0,
        "slat_ns" : {
          "min" : 0,
          "max" : 0,
          "mean" : 0.000000,
          "stddev" : 0.000000,
          "N" : 0
        },
        "clat_ns" : {
          "min" : 0,
          "max" : 0,
          "mean" : 0.000000,
          "stddev" : 0.000000,
          "N" : 0
        },
        "lat_ns" : {
          "min" : 0,
          "max" : 0,
          "mean" : 0.000000,
          "stddev" : 0.000000,
          "N" : 0
        },
        "bw_min" : 0,
        "bw_max" : 0,
        "bw_agg" : 0.000000,
        "bw_mean" : 0.000000,
        "bw_dev" : 0.000000,
        "bw_samples" : 0,
        "iops_min" : 0,
        "iops_max" : 0,
        "iops_mean" : 0.000000,
        "iops_stddev" : 0.000000,
        "iops_samples" : 0
      },
      "write" : {
        "io_bytes" : 420828479488,
        "io_kbytes" : 410965312,
        "bw_bytes" : 1402182029,
        "bw" : 1369318,
        "iops" : 21392.294518,
        "runtime" : 300124,
        "total_ios" : 6420341,
        "short_ios" : 0,
        "drop_ios" : 0,
        "slat_ns" : {
          "min" : 4796,
          "max" : 826831,
          "mean" : 19142.530454,
          "stddev" : 7090.615939,
          "N" : 6420341
        },
        "clat_ns" : {
          "min" : 382385,
          "max" : 1564858715,
          "mean" : 44113726.430133,
          "stddev" : 54254078.057332,
          "N" : 6421333,
          "percentile" : {
            "1.000000" : 1515520,
            "5.000000" : 3227648,
            "10.000000" : 5210112,
            "20.000000" : 9633792,
            "30.000000" : 14745600,
            "40.000000" : 20578304,
            "50.000000" : 27394048,
            "60.000000" : 36438016,
            "70.000000" : 47972352,
            "80.000000" : 64749568,
            "90.000000" : 99090432,
            "95.000000" : 141557760,
            "99.000000" : 270532608,
            "99.500000" : 329252864,
            "99.900000" : 501219328,
            "99.950000" : 583008256,
            "99.990000" : 759169024
          }
        },
        "lat_ns" : {
          "min" : 391344,
          "max" : 1564873229,
          "mean" : 44132869.347866,
          "stddev" : 54255745.540750,
          "N" : 6421333
        },
        "bw_min" : 77830,
        "bw_max" : 3380245,
        "bw_agg" : 100.000000,
        "bw_mean" : 1485039.801037,
        "bw_dev" : 18080.923565,
        "bw_samples" : 17662,
        "iops_min" : 1216,
        "iops_max" : 52815,
        "iops_mean" : 23202.150017,
        "iops_stddev" : 282.510092,
        "iops_samples" : 17662
      },
      "trim" : {
        "io_bytes" : 0,
        "io_kbytes" : 0,
        "bw_bytes" : 0,
        "bw" : 0,
        "iops" : 0.000000,
        "runtime" : 0,
        "total_ios" : 0,
        "short_ios" : 0,
        "drop_ios" : 0,
        "slat_ns" : {
          "min" : 0,
          "max" : 0,
          "mean" : 0.000000,
          "stddev" : 0.000000,
          "N" : 0
        },
        "clat_ns" : {
          "min" : 0,
          "max" : 0,
          "mean" : 0.000000,
          "stddev" : 0.000000,
          "N" : 0
        },
        "lat_ns" : {
          "min" : 0,
          "max" : 0,
          "mean" : 0.000000,
          "stddev" : 0.000000,
          "N" : 0
        },
        "bw_min" : 0,
        "bw_max" : 0,
        "bw_agg" : 0.000000,
        "bw_mean" : 0.000000,
        "bw_dev" : 0.000000,
        "bw_samples" : 0,
        "iops_min" : 0,
        "iops_max" : 0,
        "iops_mean" : 0.000000,
        "iops_stddev" : 0.000000,
        "iops_samples" : 0
      },
      "sync" : {
        "total_ios" : 0,
        "lat_ns" : {
          "min" : 0,
          "max" : 0,
          "mean" : 0.000000,
          "stddev" : 0.000000,
          "N" : 0
        }
      },
      "job_runtime" : 8853233,
      "usr_cpu" : 1.564920,
      "sys_cpu" : 0.370520,
      "ctx" : 5919632,
      "majf" : 0,
      "minf" : 69983,
      "iodepth_level" : {
        "1" : 0.000000,
        "2" : 0.000000,
        "4" : 0.000000,
        "8" : 0.000000,
        "16" : 0.000000,
        "32" : 100.000000,
        ">=64" : 0.000000
      },
      "iodepth_submit" : {
        "0" : 0.000000,
        "4" : 100.000000,
        "8" : 0.000000,
        "16" : 0.000000,
        "32" : 0.000000,
        "64" : 0.000000,
        ">=64" : 0.000000
      },
      "iodepth_complete" : {
        "0" : 0.100000,
        "4" : 99.999712,
        "8" : 0.000000,
        "16" : 0.000000,
        "32" : 0.100000,
        "64" : 0.000000,
        ">=64" : 0.000000
      },
      "latency_ns" : {
        "2" : 0.000000,
        "4" : 0.000000,
        "10" : 0.000000,
        "20" : 0.000000,
        "50" : 0.000000,
        "100" : 0.000000,
        "250" : 0.000000,
        "500" : 0.000000,
        "750" : 0.000000,
        "1000" : 0.000000
      },
      "latency_us" : {
        "2" : 0.000000,
        "4" : 0.000000,
        "10" : 0.000000,
        "20" : 0.000000,
        "50" : 0.000000,
        "100" : 0.000000,
        "250" : 0.000000,
        "500" : 0.010000,
        "750" : 0.064716,
        "1000" : 0.186594
      },
      "latency_ms" : {
        "2" : 1.742711,
        "4" : 5.046149,
        "10" : 13.609355,
        "20" : 18.490778,
        "50" : 32.517696,
        "100" : 18.564294,
        "250" : 8.558346,
        "500" : 1.131326,
        "750" : 0.090104,
        "1000" : 0.010140,
        "2000" : 0.010000,
        ">=2000" : 0.000000
      },
      "latency_depth" : 32,
      "latency_target" : 0,
      "latency_percentile" : 100.000000,
      "latency_window" : 0
    }
  ],
  "disk_util" : [
    {
      "name" : "sda",
      "read_ios" : 0,
      "write_ios" : 4108,
      "read_sectors" : 0,
      "write_sectors" : 146248,
      "read_merges" : 0,
      "write_merges" : 5543,
      "read_ticks" : 0,
      "write_ticks" : 1234,
      "in_queue" : 1273,
      "util" : 0.098461
    }
  ]
}
