{
  "fio version" : "fio-3.39-26-ga72fe",
  "timestamp" : 1751042980,
  "timestamp_ms" : 1751042980088,
  "time" : "Fri Jun 27 16:49:40 2025",
  "global options" : {
    "ioengine" : "rbd",
    "bs" : "64k",
    "rw" : "write",
    "direct" : "1",
    "runtime" : "5m",
    "time_based" : "",
    "group_reporting" : "",
    "ramp_time" : "30s",
    "thread" : "1",
    "iodepth" : "64",
    "clientname" : "admin",
    "pool" : "rbd"
  },
  "jobs" : [
    {
      "jobname" : "fio_test_0",
      "groupid" : 0,
      "job_start" : 1751042679817,
      "error" : 110,
      "eta" : 0,
      "elapsed" : 331,
      "job options" : {
        "max_latency" : "1s",
        "numjobs" : "1",
        "rbdname" : "fio_test_31"
      },
      "read" : {
        "io_bytes" : 0,
        "io_kbytes" : 0,
        "bw_bytes" : 0,
        "bw" : 0,
        "iops" : 0.000000,
        "runtime" : 0,
        "total_ios" : 0,
        "short_ios" : 0,
        "drop_ios" : 0,
        "slat_ns" : {
          "min" : 0,
          "max" : 0,
          "mean" : 0.000000,
          "stddev" : 0.000000,
          "N" : 0
        },
        "clat_ns" : {
          "min" : 0,
          "max" : 0,
          "mean" : 0.000000,
          "stddev" : 0.000000,
          "N" : 0
        },
        "lat_ns" : {
          "min" : 0,
          "max" : 0,
          "mean" : 0.000000,
          "stddev" : 0.000000,
          "N" : 0
        },
        "bw_min" : 0,
        "bw_max" : 0,
        "bw_agg" : 0.000000,
        "bw_mean" : 0.000000,
        "bw_dev" : 0.000000,
        "bw_samples" : 0,
        "iops_min" : 0,
        "iops_max" : 0,
        "iops_mean" : 0.000000,
        "iops_stddev" : 0.000000,
        "iops_samples" : 0
      },
      "write" : {
        "io_bytes" : 427674238976,
        "io_kbytes" : 417650624,
        "bw_bytes" : 1425063023,
        "bw" : 1391663,
        "iops" : 21738.015188,
        "runtime" : 300109,
        "total_ios" : 6523774,
        "short_ios" : 0,
        "drop_ios" : 0,
        "slat_ns" : {
          "min" : 4524,
          "max" : 309343,
          "mean" : 18773.749735,
          "stddev" : 7185.436716,
          "N" : 6523775
        },
        "clat_ns" : {
          "min" : 365950,
          "max" : 1443401559,
          "mean" : 52353557.109316,
          "stddev" : 73905269.468548,
          "N" : 6525790,
          "percentile" : {
            "1.000000" : 1449984,
            "5.000000" : 3162112,
            "10.000000" : 5144576,
            "20.000000" : 9502720,
            "30.000000" : 14483456,
            "40.000000" : 20316160,
            "50.000000" : 27918336,
            "60.000000" : 38010880,
            "70.000000" : 52166656,
            "80.000000" : 74973184,
            "90.000000" : 123207680,
            "95.000000" : 185597952,
            "99.000000" : 367001600,
            "99.500000" : 459276288,
            "99.900000" : 692060160,
            "99.950000" : 775946240,
            "99.990000" : 943718400
          }
        },
        "lat_ns" : {
          "min" : 374552,
          "max" : 1443422036,
          "mean" : 52372332.655772,
          "stddev" : 73906742.273134,
          "N" : 6525790
        },
        "bw_min" : 107426,
        "bw_max" : 4317629,
        "bw_agg" : 100.000000,
        "bw_mean" : 1997425.610209,
        "bw_dev" : 30555.303925,
        "bw_samples" : 10641,
        "iops_min" : 1678,
        "iops_max" : 67460,
        "iops_mean" : 31207.247069,
        "iops_stddev" : 477.421140,
        "iops_samples" : 10641
      },
      "trim" : {
        "io_bytes" : 0,
        "io_kbytes" : 0,
        "bw_bytes" : 0,
        "bw" : 0,
        "iops" : 0.000000,
        "runtime" : 0,
        "total_ios" : 0,
        "short_ios" : 0,
        "drop_ios" : 0,
        "slat_ns" : {
          "min" : 0,
          "max" : 0,
          "mean" : 0.000000,
          "stddev" : 0.000000,
          "N" : 0
        },
        "clat_ns" : {
          "min" : 0,
          "max" : 0,
          "mean" : 0.000000,
          "stddev" : 0.000000,
          "N" : 0
        },
        "lat_ns" : {
          "min" : 0,
          "max" : 0,
          "mean" : 0.000000,
          "stddev" : 0.000000,
          "N" : 0
        },
        "bw_min" : 0,
        "bw_max" : 0,
        "bw_agg" : 0.000000,
        "bw_mean" : 0.000000,
        "bw_dev" : 0.000000,
        "bw_samples" : 0,
        "iops_min" : 0,
        "iops_max" : 0,
        "iops_mean" : 0.000000,
        "iops_stddev" : 0.000000,
        "iops_samples" : 0
      },
      "sync" : {
        "total_ios" : 0,
        "lat_ns" : {
          "min" : 0,
          "max" : 0,
          "mean" : 0.000000,
          "stddev" : 0.000000,
          "N" : 0
        }
      },
      "job_runtime" : 5335416,
      "usr_cpu" : 2.568516,
      "sys_cpu" : 0.579767,
      "ctx" : 5523443,
      "majf" : 0,
      "minf" : 77726,
      "iodepth_level" : {
        "1" : 0.000000,
        "2" : 0.000000,
        "4" : 0.000000,
        "8" : 0.000000,
        "16" : 0.000000,
        "32" : 0.000000,
        ">=64" : 100.000000
      },
      "iodepth_submit" : {
        "0" : 0.000000,
        "4" : 100.000000,
        "8" : 0.000000,
        "16" : 0.000000,
        "32" : 0.000000,
        "64" : 0.000000,
        ">=64" : 0.000000
      },
      "iodepth_complete" : {
        "0" : 0.100000,
        "4" : 99.999617,
        "8" : 0.000000,
        "16" : 0.000000,
        "32" : 0.000000,
        "64" : 0.100000,
        ">=64" : 0.000000
      },
      "latency_ns" : {
        "2" : 0.000000,
        "4" : 0.000000,
        "10" : 0.000000,
        "20" : 0.000000,
        "50" : 0.000000,
        "100" : 0.000000,
        "250" : 0.000000,
        "500" : 0.000000,
        "750" : 0.000000,
        "1000" : 0.000000
      },
      "latency_us" : {
        "2" : 0.000000,
        "4" : 0.000000,
        "10" : 0.000000,
        "20" : 0.000000,
        "50" : 0.000000,
        "100" : 0.000000,
        "250" : 0.000000,
        "500" : 0.010000,
        "750" : 0.102379,
        "1000" : 0.228319
      },
      "latency_ms" : {
        "2" : 1.814103,
        "4" : 4.979449,
        "10" : 13.791649,
        "20" : 18.689366,
        "50" : 29.278743,
        "100" : 17.534544,
        "250" : 10.888881,
        "500" : 2.332392,
        "750" : 0.322574,
        "1000" : 0.056332,
        "2000" : 0.010000,
        ">=2000" : 0.000000
      },
      "latency_depth" : 64,
      "latency_target" : 0,
      "latency_percentile" : 100.000000,
      "latency_window" : 0
    }
  ],
  "disk_util" : [
    {
      "name" : "sda",
      "read_ios" : 2,
      "write_ios" : 3998,
      "read_sectors" : 16,
      "write_sectors" : 154136,
      "read_merges" : 0,
      "write_merges" : 5549,
      "read_ticks" : 1,
      "write_ticks" : 1326,
      "in_queue" : 1365,
      "util" : 0.099703
    }
  ]
}
