{
    "iodepth": [
        "1",
        "2",
        "4",
        "8",
        "16",
        "24",
        "32",
        "40",
        "52",
        "64"
    ],
    "iops": [
        2483.791721,
        3967.230109,
        5543.894854,
        6862.510458,
        7298.381344,
        7101.378648,
        6408.666089,
        6567.709184,
        5958.483736,
        5917.218256
    ],
    "total_ios": [
        745140,
        1190173,
        1663174,
        2058760,
        2189529,
        2130442,
        1922728,
        1970385,
        1787706,
        1775414
    ],
    "clat_ms": [
        0.39500626341399997,
        0.49623629121699997,
        0.713964847726,
        1.158170993892,
        2.184505618152,
        3.370720080087,
        4.984331363588,
        6.080467339072,
        8.714644170781,
        10.804746621735
    ],
    "clat_stdev": [
        0.17614221714,
        0.306553157395,
        0.501680696373,
        1.029175372641,
        2.364206633884,
        5.992858708133,
        12.178149025666,
        14.984846668729,
        26.684480487849,
        37.246281044704
    ],
    "usr_cpu": [
        2.198,
        3.505333,
        4.542333,
        5.613667,
        5.587648,
        5.65861,
        4.995017,
        5.175827,
        4.80925,
        4.598038
    ],
    "sys_cpu": [
        1.825,
        2.762333,
        3.38,
        3.636,
        3.441989,
        3.565631,
        3.227462,
        3.245892,
        3.009073,
        3.048917
    ],
    "OSD_cpu": [
        177.87666666666667,
        230.4166666666666,
        268.53000000000003,
        314.71666666666664,
        324.58,
        335.5299999999997,
        321.83999999999986,
        330.2666666666666,
        163.60333333333338,
        305.0833333333333,
        261.38000000000005,
        304.3733333333333
    ],
    "OSD_mem": [
        12.799999999999983,
        15.560000000000091,
        15.600000000000092,
        15.600000000000092,
        15.600000000000092,
        15.600000000000092,
        15.600000000000092,
        15.600000000000092,
        15.600000000000092,
        15.600000000000092,
        15.600000000000092,
        15.600000000000092
    ],
    "FIO_cpu": [
        26.800000000000004,
        41.08333333333329,
        51.10666666666664,
        58.25666666666661,
        61.12666666666663,
        58.826666666666625,
        52.676666666666605,
        52.9333333333333,
        24.809999999999995,
        48.1433333333333,
        41.479999999999976,
        48.283333333333296
    ],
    "FIO_mem": [
        0.0,
        0.0,
        0.053333333333333344,
        0.4266666666666657,
        0.4799999999999988,
        0.4799999999999988,
        0.3199999999999994,
        0.3733333333333325,
        0.053333333333333344,
        0.15999999999999998,
        0.053333333333333344,
        0.15999999999999998
    ]
}