{
  "fio version" : "fio-3.39-26-ga72fe",
  "timestamp" : 1755325093,
  "timestamp_ms" : 1755325093145,
  "time" : "Sat Aug 16 06:18:13 2025",
  "global options" : {
    "write_iops_log" : "sea_1osd_4reactor_32fio_bal_osd_rc_1procs_randread_zipf",
    "write_bw_log" : "sea_1osd_4reactor_32fio_bal_osd_rc_1procs_randread_zipf",
    "write_lat_log" : "sea_1osd_4reactor_32fio_bal_osd_rc_1procs_randread_zipf",
    "write_hist_log" : "sea_1osd_4reactor_32fio_bal_osd_rc_1procs_randread_zipf",
    "ioengine" : "rbd",
    "bs" : "4k",
    "rw" : "randread",
    "random_distribution" : "zipf:0.76878",
    "direct" : "1",
    "runtime" : "5m",
    "time_based" : "",
    "group_reporting" : "",
    "numjobs" : "1",
    "ramp_time" : "30s",
    "thread" : "1",
    "iodepth" : "52",
    "clientname" : "admin",
    "pool" : "rbd"
  },
  "jobs" : [
    {
      "jobname" : "fio_test_0",
      "groupid" : 0,
      "job_start" : 1755324775394,
      "error" : 0,
      "eta" : 0,
      "elapsed" : 348,
      "job options" : {
        "max_latency" : "1s",
        "rbdname" : "fio_test_0"
      },
      "read" : {
        "io_bytes" : 42889838592,
        "io_kbytes" : 41884608,
        "bw_bytes" : 142965652,
        "bw" : 139614,
        "iops" : 34903.553655,
        "runtime" : 300001,
        "total_ios" : 10471101,
        "short_ios" : 0,
        "drop_ios" : 0,
        "slat_ns" : {
          "min" : 316,
          "max" : 86966,
          "mean" : 2149.092879,
          "stddev" : 1501.014574,
          "N" : 10471101
        },
        "clat_ns" : {
          "min" : 119844,
          "max" : 29106924,
          "mean" : 1484461.852092,
          "stddev" : 521620.492110,
          "N" : 10471152,
          "percentile" : {
            "1.000000" : 485376,
            "5.000000" : 708608,
            "10.000000" : 856064,
            "20.000000" : 1036288,
            "30.000000" : 1187840,
            "40.000000" : 1335296,
            "50.000000" : 1466368,
            "60.000000" : 1581056,
            "70.000000" : 1712128,
            "80.000000" : 1859584,
            "90.000000" : 2113536,
            "95.000000" : 2441216,
            "99.000000" : 3031040,
            "99.500000" : 3162112,
            "99.900000" : 3424256,
            "99.950000" : 3522560,
            "99.990000" : 3751936
          }
        },
        "lat_ns" : {
          "min" : 120722,
          "max" : 29108037,
          "mean" : 1486610.940688,
          "stddev" : 521750.157275,
          "N" : 10471152
        },
        "bw_min" : 140,
        "bw_max" : 34177,
        "bw_agg" : 2.274113,
        "bw_mean" : 3175.326688,
        "bw_dev" : 1428.813833,
        "bw_samples" : 10471152,
        "iops_min" : 1,
        "iops_max" : 1,
        "iops_mean" : 1.000000,
        "iops_stddev" : 0.000000,
        "iops_samples" : 10471152
      },
      "write" : {
        "io_bytes" : 0,
        "io_kbytes" : 0,
        "bw_bytes" : 0,
        "bw" : 0,
        "iops" : 0.000000,
        "runtime" : 0,
        "total_ios" : 0,
        "short_ios" : 0,
        "drop_ios" : 0,
        "slat_ns" : {
          "min" : 0,
          "max" : 0,
          "mean" : 0.000000,
          "stddev" : 0.000000,
          "N" : 0
        },
        "clat_ns" : {
          "min" : 0,
          "max" : 0,
          "mean" : 0.000000,
          "stddev" : 0.000000,
          "N" : 0
        },
        "lat_ns" : {
          "min" : 0,
          "max" : 0,
          "mean" : 0.000000,
          "stddev" : 0.000000,
          "N" : 0
        },
        "bw_min" : 0,
        "bw_max" : 0,
        "bw_agg" : 0.000000,
        "bw_mean" : 0.000000,
        "bw_dev" : 0.000000,
        "bw_samples" : 0,
        "iops_min" : 0,
        "iops_max" : 0,
        "iops_mean" : 0.000000,
        "iops_stddev" : 0.000000,
        "iops_samples" : 0
      },
      "trim" : {
        "io_bytes" : 0,
        "io_kbytes" : 0,
        "bw_bytes" : 0,
        "bw" : 0,
        "iops" : 0.000000,
        "runtime" : 0,
        "total_ios" : 0,
        "short_ios" : 0,
        "drop_ios" : 0,
        "slat_ns" : {
          "min" : 0,
          "max" : 0,
          "mean" : 0.000000,
          "stddev" : 0.000000,
          "N" : 0
        },
        "clat_ns" : {
          "min" : 0,
          "max" : 0,
          "mean" : 0.000000,
          "stddev" : 0.000000,
          "N" : 0
        },
        "lat_ns" : {
          "min" : 0,
          "max" : 0,
          "mean" : 0.000000,
          "stddev" : 0.000000,
          "N" : 0
        },
        "bw_min" : 0,
        "bw_max" : 0,
        "bw_agg" : 0.000000,
        "bw_mean" : 0.000000,
        "bw_dev" : 0.000000,
        "bw_samples" : 0,
        "iops_min" : 0,
        "iops_max" : 0,
        "iops_mean" : 0.000000,
        "iops_stddev" : 0.000000,
        "iops_samples" : 0
      },
      "sync" : {
        "total_ios" : 0,
        "lat_ns" : {
          "min" : 0,
          "max" : 0,
          "mean" : 0.000000,
          "stddev" : 0.000000,
          "N" : 0
        }
      },
      "job_runtime" : 300000,
      "usr_cpu" : 14.663667,
      "sys_cpu" : 9.633333,
      "ctx" : 4950830,
      "majf" : 0,
      "minf" : 17833,
      "iodepth_level" : {
        "1" : 0.100000,
        "2" : 0.100000,
        "4" : 0.100000,
        "8" : 0.100000,
        "16" : 0.100000,
        "32" : 99.994671,
        ">=64" : 0.000000
      },
      "iodepth_submit" : {
        "0" : 0.000000,
        "4" : 100.000000,
        "8" : 0.000000,
        "16" : 0.000000,
        "32" : 0.000000,
        "64" : 0.000000,
        ">=64" : 0.000000
      },
      "iodepth_complete" : {
        "0" : 0.000000,
        "4" : 99.999995,
        "8" : 0.000000,
        "16" : 0.000000,
        "32" : 0.000000,
        "64" : 0.100000,
        ">=64" : 0.000000
      },
      "latency_ns" : {
        "2" : 0.000000,
        "4" : 0.000000,
        "10" : 0.000000,
        "20" : 0.000000,
        "50" : 0.000000,
        "100" : 0.000000,
        "250" : 0.000000,
        "500" : 0.000000,
        "750" : 0.000000,
        "1000" : 0.000000
      },
      "latency_us" : {
        "2" : 0.000000,
        "4" : 0.000000,
        "10" : 0.000000,
        "20" : 0.000000,
        "50" : 0.000000,
        "100" : 0.000000,
        "250" : 0.042498,
        "500" : 1.093285,
        "750" : 5.005434,
        "1000" : 11.703067
      },
      "latency_ms" : {
        "2" : 69.012007,
        "4" : 13.142228,
        "10" : 0.010000,
        "20" : 0.010000,
        "50" : 0.010000,
        "100" : 0.000000,
        "250" : 0.000000,
        "500" : 0.000000,
        "750" : 0.000000,
        "1000" : 0.000000,
        "2000" : 0.000000,
        ">=2000" : 0.000000
      },
      "latency_depth" : 52,
      "latency_target" : 0,
      "latency_percentile" : 100.000000,
      "latency_window" : 0
    }
  ],
  "disk_util" : [
    {
      "name" : "sda",
      "read_ios" : 0,
      "write_ios" : 5878,
      "read_sectors" : 0,
      "write_sectors" : 4931072,
      "read_merges" : 0,
      "write_merges" : 5558,
      "read_ticks" : 0,
      "write_ticks" : 31314,
      "in_queue" : 31422,
      "util" : 1.417431
    }
  ]
}
