{
  "fio version" : "fio-3.39-26-ga72fe",
  "timestamp" : 1755325443,
  "timestamp_ms" : 1755325443831,
  "time" : "Sat Aug 16 06:24:03 2025",
  "global options" : {
    "write_iops_log" : "sea_1osd_4reactor_32fio_bal_osd_rc_1procs_randread_zipf",
    "write_bw_log" : "sea_1osd_4reactor_32fio_bal_osd_rc_1procs_randread_zipf",
    "write_lat_log" : "sea_1osd_4reactor_32fio_bal_osd_rc_1procs_randread_zipf",
    "write_hist_log" : "sea_1osd_4reactor_32fio_bal_osd_rc_1procs_randread_zipf",
    "ioengine" : "rbd",
    "bs" : "4k",
    "rw" : "randread",
    "random_distribution" : "zipf:0.76878",
    "direct" : "1",
    "runtime" : "5m",
    "time_based" : "",
    "group_reporting" : "",
    "numjobs" : "1",
    "ramp_time" : "30s",
    "thread" : "1",
    "iodepth" : "64",
    "clientname" : "admin",
    "pool" : "rbd"
  },
  "jobs" : [
    {
      "jobname" : "fio_test_0",
      "groupid" : 0,
      "job_start" : 1755325124831,
      "error" : 0,
      "eta" : 0,
      "elapsed" : 350,
      "job options" : {
        "max_latency" : "1s",
        "rbdname" : "fio_test_0"
      },
      "read" : {
        "io_bytes" : 46265991168,
        "io_kbytes" : 45181632,
        "bw_bytes" : 154218942,
        "bw" : 150604,
        "iops" : 37650.898994,
        "runtime" : 300002,
        "total_ios" : 11295345,
        "short_ios" : 0,
        "drop_ios" : 0,
        "slat_ns" : {
          "min" : 355,
          "max" : 100205,
          "mean" : 2156.415774,
          "stddev" : 1537.825054,
          "N" : 11295345
        },
        "clat_ns" : {
          "min" : 120844,
          "max" : 5612768,
          "mean" : 1693848.149029,
          "stddev" : 516064.019181,
          "N" : 11295408,
          "percentile" : {
            "1.000000" : 651264,
            "5.000000" : 880640,
            "10.000000" : 1011712,
            "20.000000" : 1236992,
            "30.000000" : 1433600,
            "40.000000" : 1581056,
            "50.000000" : 1712128,
            "60.000000" : 1826816,
            "70.000000" : 1941504,
            "80.000000" : 2072576,
            "90.000000" : 2277376,
            "95.000000" : 2539520,
            "99.000000" : 3194880,
            "99.500000" : 3358720,
            "99.900000" : 3620864,
            "99.950000" : 3751936,
            "99.990000" : 3981312
          }
        },
        "lat_ns" : {
          "min" : 122920,
          "max" : 5615128,
          "mean" : 1696004.559617,
          "stddev" : 516117.797166,
          "N" : 11295408
        },
        "bw_min" : 729,
        "bw_max" : 33894,
        "bw_agg" : 1.788792,
        "bw_mean" : 2694.194319,
        "bw_dev" : 1032.990030,
        "bw_samples" : 11295408,
        "iops_min" : 1,
        "iops_max" : 1,
        "iops_mean" : 1.000000,
        "iops_stddev" : 0.000000,
        "iops_samples" : 11295408
      },
      "write" : {
        "io_bytes" : 0,
        "io_kbytes" : 0,
        "bw_bytes" : 0,
        "bw" : 0,
        "iops" : 0.000000,
        "runtime" : 0,
        "total_ios" : 0,
        "short_ios" : 0,
        "drop_ios" : 0,
        "slat_ns" : {
          "min" : 0,
          "max" : 0,
          "mean" : 0.000000,
          "stddev" : 0.000000,
          "N" : 0
        },
        "clat_ns" : {
          "min" : 0,
          "max" : 0,
          "mean" : 0.000000,
          "stddev" : 0.000000,
          "N" : 0
        },
        "lat_ns" : {
          "min" : 0,
          "max" : 0,
          "mean" : 0.000000,
          "stddev" : 0.000000,
          "N" : 0
        },
        "bw_min" : 0,
        "bw_max" : 0,
        "bw_agg" : 0.000000,
        "bw_mean" : 0.000000,
        "bw_dev" : 0.000000,
        "bw_samples" : 0,
        "iops_min" : 0,
        "iops_max" : 0,
        "iops_mean" : 0.000000,
        "iops_stddev" : 0.000000,
        "iops_samples" : 0
      },
      "trim" : {
        "io_bytes" : 0,
        "io_kbytes" : 0,
        "bw_bytes" : 0,
        "bw" : 0,
        "iops" : 0.000000,
        "runtime" : 0,
        "total_ios" : 0,
        "short_ios" : 0,
        "drop_ios" : 0,
        "slat_ns" : {
          "min" : 0,
          "max" : 0,
          "mean" : 0.000000,
          "stddev" : 0.000000,
          "N" : 0
        },
        "clat_ns" : {
          "min" : 0,
          "max" : 0,
          "mean" : 0.000000,
          "stddev" : 0.000000,
          "N" : 0
        },
        "lat_ns" : {
          "min" : 0,
          "max" : 0,
          "mean" : 0.000000,
          "stddev" : 0.000000,
          "N" : 0
        },
        "bw_min" : 0,
        "bw_max" : 0,
        "bw_agg" : 0.000000,
        "bw_mean" : 0.000000,
        "bw_dev" : 0.000000,
        "bw_samples" : 0,
        "iops_min" : 0,
        "iops_max" : 0,
        "iops_mean" : 0.000000,
        "iops_stddev" : 0.000000,
        "iops_samples" : 0
      },
      "sync" : {
        "total_ios" : 0,
        "lat_ns" : {
          "min" : 0,
          "max" : 0,
          "mean" : 0.000000,
          "stddev" : 0.000000,
          "N" : 0
        }
      },
      "job_runtime" : 300001,
      "usr_cpu" : 15.658281,
      "sys_cpu" : 9.698301,
      "ctx" : 5200867,
      "majf" : 0,
      "minf" : 28137,
      "iodepth_level" : {
        "1" : 0.100000,
        "2" : 0.100000,
        "4" : 0.100000,
        "8" : 0.100000,
        "16" : 0.100000,
        "32" : 0.100000,
        ">=64" : 99.989403
      },
      "iodepth_submit" : {
        "0" : 0.000000,
        "4" : 100.000000,
        "8" : 0.000000,
        "16" : 0.000000,
        "32" : 0.000000,
        "64" : 0.000000,
        ">=64" : 0.000000
      },
      "iodepth_complete" : {
        "0" : 0.000000,
        "4" : 99.999996,
        "8" : 0.000000,
        "16" : 0.000000,
        "32" : 0.000000,
        "64" : 0.100000,
        ">=64" : 0.000000
      },
      "latency_ns" : {
        "2" : 0.000000,
        "4" : 0.000000,
        "10" : 0.000000,
        "20" : 0.000000,
        "50" : 0.000000,
        "100" : 0.000000,
        "250" : 0.000000,
        "500" : 0.000000,
        "750" : 0.000000,
        "1000" : 0.000000
      },
      "latency_us" : {
        "2" : 0.000000,
        "4" : 0.000000,
        "10" : 0.000000,
        "20" : 0.000000,
        "50" : 0.000000,
        "100" : 0.000000,
        "250" : 0.010000,
        "500" : 0.236487,
        "750" : 1.890682,
        "1000" : 7.238132
      },
      "latency_ms" : {
        "2" : 65.513917,
        "4" : 25.108671,
        "10" : 0.010000,
        "20" : 0.000000,
        "50" : 0.000000,
        "100" : 0.000000,
        "250" : 0.000000,
        "500" : 0.000000,
        "750" : 0.000000,
        "1000" : 0.000000,
        "2000" : 0.000000,
        ">=2000" : 0.000000
      },
      "latency_depth" : 64,
      "latency_target" : 0,
      "latency_percentile" : 100.000000,
      "latency_window" : 0
    }
  ],
  "disk_util" : [
    {
      "name" : "sda",
      "read_ios" : 0,
      "write_ios" : 5886,
      "read_sectors" : 0,
      "write_sectors" : 5079152,
      "read_merges" : 0,
      "write_merges" : 5419,
      "read_ticks" : 0,
      "write_ticks" : 32032,
      "in_queue" : 32151,
      "util" : 1.456969
    }
  ]
}
