{
  "fio version" : "fio-3.39-26-ga72fe",
  "timestamp" : 1747154838,
  "timestamp_ms" : 1747154838603,
  "time" : "Tue May 13 16:47:18 2025",
  "global options" : {
    "write_iops_log" : "sea_1osd_56reactor_32fio_bal_osd_rc_1procs_randread",
    "write_bw_log" : "sea_1osd_56reactor_32fio_bal_osd_rc_1procs_randread",
    "write_lat_log" : "sea_1osd_56reactor_32fio_bal_osd_rc_1procs_randread",
    "ioengine" : "rbd",
    "bs" : "4k",
    "rw" : "randread",
    "direct" : "1",
    "runtime" : "5m",
    "time_based" : "",
    "group_reporting" : "",
    "ramp_time" : "30s",
    "thread" : "1",
    "iodepth" : "40",
    "clientname" : "admin",
    "pool" : "rbd"
  },
  "jobs" : [
    {
      "jobname" : "fio_test_0",
      "groupid" : 0,
      "job_start" : 1747154501098,
      "error" : 0,
      "eta" : 0,
      "elapsed" : 368,
      "job options" : {
        "max_latency" : "1s",
        "numjobs" : "1",
        "rbdname" : "fio_test_31"
      },
      "read" : {
        "io_bytes" : 414133510144,
        "io_kbytes" : 404427256,
        "bw_bytes" : 1380274799,
        "bw" : 1347924,
        "iops" : 336976.986172,
        "runtime" : 300037,
        "total_ios" : 101105564,
        "short_ios" : 0,
        "drop_ios" : 0,
        "slat_ns" : {
          "min" : 424,
          "max" : 1573632,
          "mean" : 2144.752173,
          "stddev" : 1217.317802,
          "N" : 101105566
        },
        "clat_ns" : {
          "min" : 131731,
          "max" : 301493499,
          "mean" : 3778051.434111,
          "stddev" : 19791374.429336,
          "N" : 101106812,
          "percentile" : {
            "1.000000" : 234496,
            "5.000000" : 329728,
            "10.000000" : 415744,
            "20.000000" : 569344,
            "30.000000" : 724992,
            "40.000000" : 921600,
            "50.000000" : 1155072,
            "60.000000" : 1499136,
            "70.000000" : 2007040,
            "80.000000" : 2932736,
            "90.000000" : 3883008,
            "95.000000" : 4554752,
            "99.000000" : 61603840,
            "99.500000" : 206569472,
            "99.900000" : 244318208,
            "99.950000" : 252706816,
            "99.990000" : 265289728
          }
        },
        "lat_ns" : {
          "min" : 133805,
          "max" : 301494830,
          "mean" : 3780196.185513,
          "stddev" : 19791371.112892,
          "N" : 101106812
        },
        "bw_min" : 417,
        "bw_max" : 778158,
        "bw_agg" : 10.017697,
        "bw_mean" : 135031.699644,
        "bw_dev" : 2994.018901,
        "bw_samples" : 101106812,
        "iops_min" : 32,
        "iops_max" : 32,
        "iops_mean" : 32.000000,
        "iops_stddev" : 0.000000,
        "iops_samples" : 101106812
      },
      "write" : {
        "io_bytes" : 0,
        "io_kbytes" : 0,
        "bw_bytes" : 0,
        "bw" : 0,
        "iops" : 0.000000,
        "runtime" : 0,
        "total_ios" : 0,
        "short_ios" : 0,
        "drop_ios" : 0,
        "slat_ns" : {
          "min" : 0,
          "max" : 0,
          "mean" : 0.000000,
          "stddev" : 0.000000,
          "N" : 0
        },
        "clat_ns" : {
          "min" : 0,
          "max" : 0,
          "mean" : 0.000000,
          "stddev" : 0.000000,
          "N" : 0
        },
        "lat_ns" : {
          "min" : 0,
          "max" : 0,
          "mean" : 0.000000,
          "stddev" : 0.000000,
          "N" : 0
        },
        "bw_min" : 0,
        "bw_max" : 0,
        "bw_agg" : 0.000000,
        "bw_mean" : 0.000000,
        "bw_dev" : 0.000000,
        "bw_samples" : 0,
        "iops_min" : 0,
        "iops_max" : 0,
        "iops_mean" : 0.000000,
        "iops_stddev" : 0.000000,
        "iops_samples" : 0
      },
      "trim" : {
        "io_bytes" : 0,
        "io_kbytes" : 0,
        "bw_bytes" : 0,
        "bw" : 0,
        "iops" : 0.000000,
        "runtime" : 0,
        "total_ios" : 0,
        "short_ios" : 0,
        "drop_ios" : 0,
        "slat_ns" : {
          "min" : 0,
          "max" : 0,
          "mean" : 0.000000,
          "stddev" : 0.000000,
          "N" : 0
        },
        "clat_ns" : {
          "min" : 0,
          "max" : 0,
          "mean" : 0.000000,
          "stddev" : 0.000000,
          "N" : 0
        },
        "lat_ns" : {
          "min" : 0,
          "max" : 0,
          "mean" : 0.000000,
          "stddev" : 0.000000,
          "N" : 0
        },
        "bw_min" : 0,
        "bw_max" : 0,
        "bw_agg" : 0.000000,
        "bw_mean" : 0.000000,
        "bw_dev" : 0.000000,
        "bw_samples" : 0,
        "iops_min" : 0,
        "iops_max" : 0,
        "iops_mean" : 0.000000,
        "iops_stddev" : 0.000000,
        "iops_samples" : 0
      },
      "sync" : {
        "total_ios" : 0,
        "lat_ns" : {
          "min" : 0,
          "max" : 0,
          "mean" : 0.000000,
          "stddev" : 0.000000,
          "N" : 0
        }
      },
      "job_runtime" : 9600999,
      "usr_cpu" : 3.981388,
      "sys_cpu" : 2.765900,
      "ctx" : 55361951,
      "majf" : 0,
      "minf" : 658319,
      "iodepth_level" : {
        "1" : 0.100000,
        "2" : 0.100000,
        "4" : 0.100000,
        "8" : 0.100000,
        "16" : 0.100000,
        "32" : 99.988686,
        ">=64" : 0.000000
      },
      "iodepth_submit" : {
        "0" : 0.000000,
        "4" : 100.000000,
        "8" : 0.000000,
        "16" : 0.000000,
        "32" : 0.000000,
        "64" : 0.000000,
        ">=64" : 0.000000
      },
      "iodepth_complete" : {
        "0" : 0.000000,
        "4" : 99.999984,
        "8" : 0.000000,
        "16" : 0.000000,
        "32" : 0.000000,
        "64" : 0.100000,
        ">=64" : 0.000000
      },
      "latency_ns" : {
        "2" : 0.000000,
        "4" : 0.000000,
        "10" : 0.000000,
        "20" : 0.000000,
        "50" : 0.000000,
        "100" : 0.000000,
        "250" : 0.000000,
        "500" : 0.000000,
        "750" : 0.000000,
        "1000" : 0.000000
      },
      "latency_us" : {
        "2" : 0.000000,
        "4" : 0.000000,
        "10" : 0.000000,
        "20" : 0.000000,
        "50" : 0.000000,
        "100" : 0.000000,
        "250" : 1.508141,
        "500" : 13.973561,
        "750" : 15.728516,
        "1000" : 12.725904
      },
      "latency_ms" : {
        "2" : 25.720897,
        "4" : 22.092141,
        "10" : 6.001787,
        "20" : 0.656082,
        "50" : 0.516910,
        "100" : 0.202505,
        "250" : 0.811787,
        "500" : 0.063002,
        "750" : 0.000000,
        "1000" : 0.000000,
        "2000" : 0.000000,
        ">=2000" : 0.000000
      },
      "latency_depth" : 40,
      "latency_target" : 0,
      "latency_percentile" : 100.000000,
      "latency_window" : 0
    }
  ],
  "disk_util" : [
    {
      "name" : "sda",
      "read_ios" : 0,
      "write_ios" : 21870,
      "read_sectors" : 0,
      "write_sectors" : 24709984,
      "read_merges" : 0,
      "write_merges" : 10522,
      "read_ticks" : 0,
      "write_ticks" : 171276,
      "in_queue" : 171930,
      "util" : 6.699021
    }
  ]
}
