{
  "fio version" : "fio-3.39-26-ga72fe",
  "timestamp" : 1747154092,
  "timestamp_ms" : 1747154092156,
  "time" : "Tue May 13 16:34:52 2025",
  "global options" : {
    "write_iops_log" : "sea_1osd_56reactor_32fio_bal_osd_rc_1procs_randread",
    "write_bw_log" : "sea_1osd_56reactor_32fio_bal_osd_rc_1procs_randread",
    "write_lat_log" : "sea_1osd_56reactor_32fio_bal_osd_rc_1procs_randread",
    "ioengine" : "rbd",
    "bs" : "4k",
    "rw" : "randread",
    "direct" : "1",
    "runtime" : "5m",
    "time_based" : "",
    "group_reporting" : "",
    "ramp_time" : "30s",
    "thread" : "1",
    "iodepth" : "24",
    "clientname" : "admin",
    "pool" : "rbd"
  },
  "jobs" : [
    {
      "jobname" : "fio_test_0",
      "groupid" : 0,
      "job_start" : 1747153750400,
      "error" : 0,
      "eta" : 0,
      "elapsed" : 372,
      "job options" : {
        "max_latency" : "1s",
        "numjobs" : "1",
        "rbdname" : "fio_test_31"
      },
      "read" : {
        "io_bytes" : 439697506304,
        "io_kbytes" : 429392096,
        "bw_bytes" : 1465585075,
        "bw" : 1431235,
        "iops" : 357806.396347,
        "runtime" : 300015,
        "total_ios" : 107347286,
        "short_ios" : 0,
        "drop_ios" : 0,
        "slat_ns" : {
          "min" : 418,
          "max" : 441820,
          "mean" : 2058.904706,
          "stddev" : 1193.689442,
          "N" : 107347288
        },
        "clat_ns" : {
          "min" : 142767,
          "max" : 105131559,
          "mean" : 2139232.005177,
          "stddev" : 5904441.631371,
          "N" : 107348022,
          "percentile" : {
            "1.000000" : 264192,
            "5.000000" : 387072,
            "10.000000" : 485376,
            "20.000000" : 651264,
            "30.000000" : 823296,
            "40.000000" : 1003520,
            "50.000000" : 1220608,
            "60.000000" : 1499136,
            "70.000000" : 1908736,
            "80.000000" : 2473984,
            "90.000000" : 3424256,
            "95.000000" : 4014080,
            "99.000000" : 14352384,
            "99.500000" : 60555264,
            "99.900000" : 74973184,
            "99.950000" : 79167488,
            "99.990000" : 85458944
          }
        },
        "lat_ns" : {
          "min" : 145897,
          "max" : 105132805,
          "mean" : 2141290.909950,
          "stddev" : 5904430.390062,
          "N" : 107348022
        },
        "bw_min" : 1258,
        "bw_max" : 735274,
        "bw_agg" : 8.143664,
        "bw_mean" : 116555.165662,
        "bw_dev" : 2614.385629,
        "bw_samples" : 107348022,
        "iops_min" : 32,
        "iops_max" : 32,
        "iops_mean" : 32.000000,
        "iops_stddev" : 0.000000,
        "iops_samples" : 107348022
      },
      "write" : {
        "io_bytes" : 0,
        "io_kbytes" : 0,
        "bw_bytes" : 0,
        "bw" : 0,
        "iops" : 0.000000,
        "runtime" : 0,
        "total_ios" : 0,
        "short_ios" : 0,
        "drop_ios" : 0,
        "slat_ns" : {
          "min" : 0,
          "max" : 0,
          "mean" : 0.000000,
          "stddev" : 0.000000,
          "N" : 0
        },
        "clat_ns" : {
          "min" : 0,
          "max" : 0,
          "mean" : 0.000000,
          "stddev" : 0.000000,
          "N" : 0
        },
        "lat_ns" : {
          "min" : 0,
          "max" : 0,
          "mean" : 0.000000,
          "stddev" : 0.000000,
          "N" : 0
        },
        "bw_min" : 0,
        "bw_max" : 0,
        "bw_agg" : 0.000000,
        "bw_mean" : 0.000000,
        "bw_dev" : 0.000000,
        "bw_samples" : 0,
        "iops_min" : 0,
        "iops_max" : 0,
        "iops_mean" : 0.000000,
        "iops_stddev" : 0.000000,
        "iops_samples" : 0
      },
      "trim" : {
        "io_bytes" : 0,
        "io_kbytes" : 0,
        "bw_bytes" : 0,
        "bw" : 0,
        "iops" : 0.000000,
        "runtime" : 0,
        "total_ios" : 0,
        "short_ios" : 0,
        "drop_ios" : 0,
        "slat_ns" : {
          "min" : 0,
          "max" : 0,
          "mean" : 0.000000,
          "stddev" : 0.000000,
          "N" : 0
        },
        "clat_ns" : {
          "min" : 0,
          "max" : 0,
          "mean" : 0.000000,
          "stddev" : 0.000000,
          "N" : 0
        },
        "lat_ns" : {
          "min" : 0,
          "max" : 0,
          "mean" : 0.000000,
          "stddev" : 0.000000,
          "N" : 0
        },
        "bw_min" : 0,
        "bw_max" : 0,
        "bw_agg" : 0.000000,
        "bw_mean" : 0.000000,
        "bw_dev" : 0.000000,
        "bw_samples" : 0,
        "iops_min" : 0,
        "iops_max" : 0,
        "iops_mean" : 0.000000,
        "iops_stddev" : 0.000000,
        "iops_samples" : 0
      },
      "sync" : {
        "total_ios" : 0,
        "lat_ns" : {
          "min" : 0,
          "max" : 0,
          "mean" : 0.000000,
          "stddev" : 0.000000,
          "N" : 0
        }
      },
      "job_runtime" : 9600340,
      "usr_cpu" : 4.156207,
      "sys_cpu" : 2.738288,
      "ctx" : 55494073,
      "majf" : 0,
      "minf" : 777843,
      "iodepth_level" : {
        "1" : 0.100000,
        "2" : 0.100000,
        "4" : 0.100000,
        "8" : 0.100000,
        "16" : 99.994830,
        "32" : 0.000000,
        ">=64" : 0.000000
      },
      "iodepth_submit" : {
        "0" : 0.000000,
        "4" : 100.000000,
        "8" : 0.000000,
        "16" : 0.000000,
        "32" : 0.000000,
        "64" : 0.000000,
        ">=64" : 0.000000
      },
      "iodepth_complete" : {
        "0" : 0.000000,
        "4" : 99.999985,
        "8" : 0.000000,
        "16" : 0.000000,
        "32" : 0.100000,
        "64" : 0.000000,
        ">=64" : 0.000000
      },
      "latency_ns" : {
        "2" : 0.000000,
        "4" : 0.000000,
        "10" : 0.000000,
        "20" : 0.000000,
        "50" : 0.000000,
        "100" : 0.000000,
        "250" : 0.000000,
        "500" : 0.000000,
        "750" : 0.000000,
        "1000" : 0.000000
      },
      "latency_us" : {
        "2" : 0.000000,
        "4" : 0.000000,
        "10" : 0.000000,
        "20" : 0.000000,
        "50" : 0.000000,
        "100" : 0.000000,
        "250" : 0.660175,
        "500" : 10.106719,
        "750" : 14.945080,
        "1000" : 14.262903
      },
      "latency_ms" : {
        "2" : 32.564541,
        "4" : 22.167023,
        "10" : 4.145516,
        "20" : 0.219376,
        "50" : 0.183844,
        "100" : 0.745393,
        "250" : 0.010000,
        "500" : 0.000000,
        "750" : 0.000000,
        "1000" : 0.000000,
        "2000" : 0.000000,
        ">=2000" : 0.000000
      },
      "latency_depth" : 24,
      "latency_target" : 0,
      "latency_percentile" : 100.000000,
      "latency_window" : 0
    }
  ],
  "disk_util" : [
    {
      "name" : "sda",
      "read_ios" : 0,
      "write_ios" : 22689,
      "read_sectors" : 0,
      "write_sectors" : 26338960,
      "read_merges" : 0,
      "write_merges" : 10405,
      "read_ticks" : 0,
      "write_ticks" : 181687,
      "in_queue" : 182383,
      "util" : 7.060109
    }
  ]
}
