{
    "iodepth": [
        "1",
        "2",
        "4",
        "8",
        "16",
        "24",
        "32",
        "40",
        "52",
        "64"
    ],
    "iops": [
        126347.944347,
        190191.406029,
        278786.244046,
        313564.51957,
        397880.946508,
        357806.396347,
        394166.019511,
        336976.986172,
        354364.59826,
        323955.661905
    ],
    "total_ios": [
        37904636,
        57057612,
        83636152,
        94069983,
        119367467,
        107347286,
        118262025,
        101105564,
        106334185,
        97205488
    ],
    "clat_ms": [
        0.24892640847,
        0.332198030491,
        0.454608581199,
        0.812397913458,
        1.281721190178,
        2.139232005177,
        2.5849707139599998,
        3.778051434111,
        4.669683119443,
        6.272317072563
    ],
    "clat_stdev": [
        0.064162713542,
        0.123666148323,
        0.194056860444,
        0.461017216089,
        1.909583226798,
        5.904441631371,
        12.861023971247,
        19.791374429336,
        26.14610761249,
        36.536503677075
    ],
    "usr_cpu": [
        1.942979,
        2.830552,
        4.211542,
        3.990883,
        5.387375,
        4.156207,
        5.227743,
        3.981388,
        4.932426,
        3.856265
    ],
    "sys_cpu": [
        1.655718,
        2.425937,
        3.373333,
        2.988164,
        3.599757,
        2.738288,
        3.477301,
        2.7659,
        3.388884,
        2.735818
    ],
    "OSD_cpu": [
        4308.149999999964,
        4776.946666666658,
        5163.696666666641,
        5251.899999999949,
        5340.683333333305,
        5349.3866666666145,
        5350.249999999982,
        5327.893333333287,
        5314.443333333297,
        5311.746666666618
    ],
    "OSD_mem": [
        3491.5299999997046,
        3645.599999999684,
        3645.599999999684,
        3645.599999999684,
        3645.599999999684,
        3661.8400000003166,
        3662.400000000317,
        3662.400000000317,
        3662.400000000317,
        3662.400000000317
    ],
    "FIO_cpu": [
        763.1199999999819,
        1183.183333333314,
        1688.3266666666784,
        1619.0299999999952,
        2031.0733333333196,
        1584.8700000000024,
        1966.9600000000005,
        1537.9133333333366,
        1857.7066666666685,
        1507.3366666666711
    ],
    "FIO_mem": [
        196.49999999997496,
        277.49999999995396,
        409.50000000005747,
        442.4999999999537,
        559.5000000000722,
        535.499999999987,
        567.0000000000083,
        496.50000000002393,
        510.0000000000213,
        472.50000000001967
    ]
}