{
  "fio version" : "fio-3.39-26-ga72fe",
  "timestamp" : 1750780193,
  "timestamp_ms" : 1750780193677,
  "time" : "Tue Jun 24 15:49:53 2025",
  "global options" : {
    "ioengine" : "rbd",
    "bs" : "4k",
    "rw" : "randwrite",
    "direct" : "1",
    "runtime" : "5m",
    "time_based" : "",
    "group_reporting" : "",
    "ramp_time" : "30s",
    "thread" : "1",
    "iodepth" : "24",
    "clientname" : "admin",
    "pool" : "rbd"
  },
  "jobs" : [
    {
      "jobname" : "fio_test_0",
      "groupid" : 0,
      "job_start" : 1750780192904,
      "error" : 110,
      "eta" : 0,
      "elapsed" : 31,
      "job options" : {
        "max_latency" : "1s",
        "numjobs" : "1",
        "rbdname" : "fio_test_31"
      },
      "read" : {
        "io_bytes" : 0,
        "io_kbytes" : 0,
        "bw_bytes" : 0,
        "bw" : 0,
        "iops" : 0.000000,
        "runtime" : 0,
        "total_ios" : 0,
        "short_ios" : 0,
        "drop_ios" : 0,
        "slat_ns" : {
          "min" : 0,
          "max" : 0,
          "mean" : 0.000000,
          "stddev" : 0.000000,
          "N" : 0
        },
        "clat_ns" : {
          "min" : 0,
          "max" : 0,
          "mean" : 0.000000,
          "stddev" : 0.000000,
          "N" : 0
        },
        "lat_ns" : {
          "min" : 0,
          "max" : 0,
          "mean" : 0.000000,
          "stddev" : 0.000000,
          "N" : 0
        },
        "bw_min" : 0,
        "bw_max" : 0,
        "bw_agg" : 0.000000,
        "bw_mean" : 0.000000,
        "bw_dev" : 0.000000,
        "bw_samples" : 0,
        "iops_min" : 0,
        "iops_max" : 0,
        "iops_mean" : 0.000000,
        "iops_stddev" : 0.000000,
        "iops_samples" : 0
      },
      "write" : {
        "io_bytes" : 15237120,
        "io_kbytes" : 14880,
        "bw_bytes" : 29586640,
        "bw" : 28893,
        "iops" : 5794.174757,
        "runtime" : 515,
        "total_ios" : 2984,
        "short_ios" : 0,
        "drop_ios" : 0,
        "slat_ns" : {
          "min" : 1198,
          "max" : 40732,
          "mean" : 8887.017761,
          "stddev" : 6322.418515,
          "N" : 2984
        },
        "clat_ns" : {
          "min" : 305513,
          "max" : 3279019352,
          "mean" : 218369754.463441,
          "stddev" : 501028761.368969,
          "N" : 3720,
          "percentile" : {
            "1.000000" : 436224,
            "5.000000" : 643072,
            "10.000000" : 888832,
            "20.000000" : 1679360,
            "30.000000" : 2473984,
            "40.000000" : 3260416,
            "50.000000" : 4554752,
            "60.000000" : 8028160,
            "70.000000" : 54788096,
            "80.000000" : 274726912,
            "90.000000" : 775946240,
            "95.000000" : 1300234240,
            "99.000000" : 2734686208,
            "99.500000" : 2902458368,
            "99.900000" : 3238002688,
            "99.950000" : 3238002688,
            "99.990000" : 3271557120
          }
        },
        "lat_ns" : {
          "min" : 307762,
          "max" : 3279040789,
          "mean" : 218378884.459409,
          "stddev" : 501029137.108290,
          "N" : 3720
        },
        "bw_min" : 11656,
        "bw_max" : 11656,
        "bw_agg" : 40.341668,
        "bw_mean" : 11656.000000,
        "bw_dev" : 0.000000,
        "bw_samples" : 13,
        "iops_min" : 2912,
        "iops_max" : 2912,
        "iops_mean" : 2912.000000,
        "iops_stddev" : 0.000000,
        "iops_samples" : 13
      },
      "trim" : {
        "io_bytes" : 0,
        "io_kbytes" : 0,
        "bw_bytes" : 0,
        "bw" : 0,
        "iops" : 0.000000,
        "runtime" : 0,
        "total_ios" : 0,
        "short_ios" : 0,
        "drop_ios" : 0,
        "slat_ns" : {
          "min" : 0,
          "max" : 0,
          "mean" : 0.000000,
          "stddev" : 0.000000,
          "N" : 0
        },
        "clat_ns" : {
          "min" : 0,
          "max" : 0,
          "mean" : 0.000000,
          "stddev" : 0.000000,
          "N" : 0
        },
        "lat_ns" : {
          "min" : 0,
          "max" : 0,
          "mean" : 0.000000,
          "stddev" : 0.000000,
          "N" : 0
        },
        "bw_min" : 0,
        "bw_max" : 0,
        "bw_agg" : 0.000000,
        "bw_mean" : 0.000000,
        "bw_dev" : 0.000000,
        "bw_samples" : 0,
        "iops_min" : 0,
        "iops_max" : 0,
        "iops_mean" : 0.000000,
        "iops_stddev" : 0.000000,
        "iops_samples" : 0
      },
      "sync" : {
        "total_ios" : 0,
        "lat_ns" : {
          "min" : 0,
          "max" : 0,
          "mean" : 0.000000,
          "stddev" : 0.000000,
          "N" : 0
        }
      },
      "job_runtime" : 15743,
      "usr_cpu" : 0.177857,
      "sys_cpu" : 0.165153,
      "ctx" : 3304,
      "majf" : 0,
      "minf" : 0,
      "iodepth_level" : {
        "1" : 0.000000,
        "2" : 0.000000,
        "4" : 0.000000,
        "8" : 0.000000,
        "16" : 100.000000,
        "32" : 0.000000,
        ">=64" : 0.000000
      },
      "iodepth_submit" : {
        "0" : 0.000000,
        "4" : 100.000000,
        "8" : 0.000000,
        "16" : 0.000000,
        "32" : 0.000000,
        "64" : 0.000000,
        ">=64" : 0.000000
      },
      "iodepth_complete" : {
        "0" : 0.530504,
        "4" : 98.938992,
        "8" : 0.000000,
        "16" : 0.000000,
        "32" : 0.530504,
        "64" : 0.000000,
        ">=64" : 0.000000
      },
      "latency_ns" : {
        "2" : 0.000000,
        "4" : 0.000000,
        "10" : 0.000000,
        "20" : 0.000000,
        "50" : 0.000000,
        "100" : 0.000000,
        "250" : 0.000000,
        "500" : 0.000000,
        "750" : 0.000000,
        "1000" : 0.000000
      },
      "latency_us" : {
        "2" : 0.000000,
        "4" : 0.000000,
        "10" : 0.000000,
        "20" : 0.000000,
        "50" : 0.000000,
        "100" : 0.000000,
        "250" : 0.000000,
        "500" : 3.016086,
        "750" : 6.233244,
        "1000" : 5.328418
      },
      "latency_ms" : {
        "2" : 15.851206,
        "4" : 26.910188,
        "10" : 20.174263,
        "20" : 4.691689,
        "50" : 4.490617,
        "100" : 4.088472,
        "250" : 7.741287,
        "500" : 8.176944,
        "750" : 5.127346,
        "1000" : 4.256032,
        "2000" : 6.099196,
        ">=2000" : 2.479893
      },
      "latency_depth" : 24,
      "latency_target" : 0,
      "latency_percentile" : 100.000000,
      "latency_window" : 0
    }
  ],
  "disk_util" : [
    {
      "name" : "sda",
      "read_ios" : 0,
      "write_ios" : 337,
      "read_sectors" : 0,
      "write_sectors" : 7152,
      "read_merges" : 0,
      "write_merges" : 504,
      "read_ticks" : 0,
      "write_ticks" : 48,
      "in_queue" : 51,
      "util" : 0.069152
    }
  ]
}
