{
  "fio version" : "fio-3.39-26-ga72fe",
  "timestamp" : 1750781651,
  "timestamp_ms" : 1750781651769,
  "time" : "Tue Jun 24 16:14:11 2025",
  "global options" : {
    "ioengine" : "rbd",
    "bs" : "4k",
    "rw" : "randwrite",
    "direct" : "1",
    "runtime" : "5m",
    "time_based" : "",
    "group_reporting" : "",
    "ramp_time" : "30s",
    "thread" : "1",
    "iodepth" : "40",
    "clientname" : "admin",
    "pool" : "rbd"
  },
  "jobs" : [
    {
      "jobname" : "fio_test_0",
      "groupid" : 0,
      "job_start" : 1750781651315,
      "error" : 110,
      "eta" : 0,
      "elapsed" : 31,
      "job options" : {
        "max_latency" : "1s",
        "numjobs" : "1",
        "rbdname" : "fio_test_31"
      },
      "read" : {
        "io_bytes" : 0,
        "io_kbytes" : 0,
        "bw_bytes" : 0,
        "bw" : 0,
        "iops" : 0.000000,
        "runtime" : 0,
        "total_ios" : 0,
        "short_ios" : 0,
        "drop_ios" : 0,
        "slat_ns" : {
          "min" : 0,
          "max" : 0,
          "mean" : 0.000000,
          "stddev" : 0.000000,
          "N" : 0
        },
        "clat_ns" : {
          "min" : 0,
          "max" : 0,
          "mean" : 0.000000,
          "stddev" : 0.000000,
          "N" : 0
        },
        "lat_ns" : {
          "min" : 0,
          "max" : 0,
          "mean" : 0.000000,
          "stddev" : 0.000000,
          "N" : 0
        },
        "bw_min" : 0,
        "bw_max" : 0,
        "bw_agg" : 0.000000,
        "bw_mean" : 0.000000,
        "bw_dev" : 0.000000,
        "bw_samples" : 0,
        "iops_min" : 0,
        "iops_max" : 0,
        "iops_mean" : 0.000000,
        "iops_stddev" : 0.000000,
        "iops_samples" : 0
      },
      "write" : {
        "io_bytes" : 8122368,
        "io_kbytes" : 7932,
        "bw_bytes" : 21952345,
        "bw" : 21437,
        "iops" : 1986.486486,
        "runtime" : 370,
        "total_ios" : 735,
        "short_ios" : 0,
        "drop_ios" : 0,
        "slat_ns" : {
          "min" : 1419,
          "max" : 33828,
          "mean" : 8483.069388,
          "stddev" : 5941.079259,
          "N" : 735
        },
        "clat_ns" : {
          "min" : 352828,
          "max" : 4205114057,
          "mean" : 772424475.107413,
          "stddev" : 912272437.465056,
          "N" : 1983,
          "percentile" : {
            "1.000000" : 432128,
            "5.000000" : 700416,
            "10.000000" : 1138688,
            "20.000000" : 3981312,
            "30.000000" : 13565952,
            "40.000000" : 346030080,
            "50.000000" : 513802240,
            "60.000000" : 717225984,
            "70.000000" : 952107008,
            "80.000000" : 1317011456,
            "90.000000" : 1920991232,
            "95.000000" : 2936012800,
            "99.000000" : 3942645760,
            "99.500000" : 4043309056,
            "99.900000" : 4177526784,
            "99.950000" : 4211081216,
            "99.990000" : 4211081216
          }
        },
        "lat_ns" : {
          "min" : 355214,
          "max" : 4205116990,
          "mean" : 772433753.050429,
          "stddev" : 912272823.262785,
          "N" : 1983
        },
        "bw_min" : 0,
        "bw_max" : 0,
        "bw_agg" : 0.000000,
        "bw_mean" : 0.000000,
        "bw_dev" : 0.000000,
        "bw_samples" : 0,
        "iops_min" : 0,
        "iops_max" : 0,
        "iops_mean" : 0.000000,
        "iops_stddev" : 0.000000,
        "iops_samples" : 0
      },
      "trim" : {
        "io_bytes" : 0,
        "io_kbytes" : 0,
        "bw_bytes" : 0,
        "bw" : 0,
        "iops" : 0.000000,
        "runtime" : 0,
        "total_ios" : 0,
        "short_ios" : 0,
        "drop_ios" : 0,
        "slat_ns" : {
          "min" : 0,
          "max" : 0,
          "mean" : 0.000000,
          "stddev" : 0.000000,
          "N" : 0
        },
        "clat_ns" : {
          "min" : 0,
          "max" : 0,
          "mean" : 0.000000,
          "stddev" : 0.000000,
          "N" : 0
        },
        "lat_ns" : {
          "min" : 0,
          "max" : 0,
          "mean" : 0.000000,
          "stddev" : 0.000000,
          "N" : 0
        },
        "bw_min" : 0,
        "bw_max" : 0,
        "bw_agg" : 0.000000,
        "bw_mean" : 0.000000,
        "bw_dev" : 0.000000,
        "bw_samples" : 0,
        "iops_min" : 0,
        "iops_max" : 0,
        "iops_mean" : 0.000000,
        "iops_stddev" : 0.000000,
        "iops_samples" : 0
      },
      "sync" : {
        "total_ios" : 0,
        "lat_ns" : {
          "min" : 0,
          "max" : 0,
          "mean" : 0.000000,
          "stddev" : 0.000000,
          "N" : 0
        }
      },
      "job_runtime" : 11159,
      "usr_cpu" : 0.053768,
      "sys_cpu" : 0.080652,
      "ctx" : 1902,
      "majf" : 0,
      "minf" : 0,
      "iodepth_level" : {
        "1" : 0.000000,
        "2" : 0.000000,
        "4" : 0.000000,
        "8" : 0.000000,
        "16" : 0.000000,
        "32" : 100.000000,
        ">=64" : 0.000000
      },
      "iodepth_submit" : {
        "0" : 0.000000,
        "4" : 100.000000,
        "8" : 0.000000,
        "16" : 0.000000,
        "32" : 0.000000,
        "64" : 0.000000,
        ">=64" : 0.000000
      },
      "iodepth_complete" : {
        "0" : 2.086050,
        "4" : 95.827901,
        "8" : 0.000000,
        "16" : 0.000000,
        "32" : 0.000000,
        "64" : 2.086050,
        ">=64" : 0.000000
      },
      "latency_ns" : {
        "2" : 0.000000,
        "4" : 0.000000,
        "10" : 0.000000,
        "20" : 0.000000,
        "50" : 0.000000,
        "100" : 0.000000,
        "250" : 0.000000,
        "500" : 0.000000,
        "750" : 0.000000,
        "1000" : 0.000000
      },
      "latency_us" : {
        "2" : 0.000000,
        "4" : 0.000000,
        "10" : 0.000000,
        "20" : 0.000000,
        "50" : 0.000000,
        "100" : 0.000000,
        "250" : 0.000000,
        "500" : 7.619048,
        "750" : 7.891156,
        "1000" : 8.299320
      },
      "latency_ms" : {
        "2" : 15.782313,
        "4" : 14.421769,
        "10" : 22.857143,
        "20" : 7.619048,
        "50" : 2.993197,
        "100" : 2.585034,
        "250" : 1.088435,
        "500" : 42.040816,
        "750" : 34.421769,
        "1000" : 26.258503,
        "2000" : 51.564626,
        ">=2000" : 24.353741
      },
      "latency_depth" : 40,
      "latency_target" : 0,
      "latency_percentile" : 100.000000,
      "latency_window" : 0
    }
  ],
  "disk_util" : [
    {
      "name" : "sda",
      "read_ios" : 0,
      "write_ios" : 370,
      "read_sectors" : 0,
      "write_sectors" : 7504,
      "read_merges" : 0,
      "write_merges" : 490,
      "read_ticks" : 0,
      "write_ticks" : 53,
      "in_queue" : 57,
      "util" : 0.098710
    }
  ]
}
