{
  "fio version" : "fio-3.39-26-ga72fe",
  "timestamp" : 1750777015,
  "timestamp_ms" : 1750777015801,
  "time" : "Tue Jun 24 14:56:55 2025",
  "global options" : {
    "ioengine" : "rbd",
    "bs" : "4k",
    "rw" : "randwrite",
    "direct" : "1",
    "runtime" : "5m",
    "time_based" : "",
    "group_reporting" : "",
    "ramp_time" : "30s",
    "thread" : "1",
    "iodepth" : "1",
    "clientname" : "admin",
    "pool" : "rbd"
  },
  "jobs" : [
    {
      "jobname" : "fio_test_0",
      "groupid" : 0,
      "job_start" : 1750776715613,
      "error" : 0,
      "eta" : 0,
      "elapsed" : 331,
      "job options" : {
        "max_latency" : "1s",
        "numjobs" : "1",
        "rbdname" : "fio_test_31"
      },
      "read" : {
        "io_bytes" : 0,
        "io_kbytes" : 0,
        "bw_bytes" : 0,
        "bw" : 0,
        "iops" : 0.000000,
        "runtime" : 0,
        "total_ios" : 0,
        "short_ios" : 0,
        "drop_ios" : 0,
        "slat_ns" : {
          "min" : 0,
          "max" : 0,
          "mean" : 0.000000,
          "stddev" : 0.000000,
          "N" : 0
        },
        "clat_ns" : {
          "min" : 0,
          "max" : 0,
          "mean" : 0.000000,
          "stddev" : 0.000000,
          "N" : 0
        },
        "lat_ns" : {
          "min" : 0,
          "max" : 0,
          "mean" : 0.000000,
          "stddev" : 0.000000,
          "N" : 0
        },
        "bw_min" : 0,
        "bw_max" : 0,
        "bw_agg" : 0.000000,
        "bw_mean" : 0.000000,
        "bw_dev" : 0.000000,
        "bw_samples" : 0,
        "iops_min" : 0,
        "iops_max" : 0,
        "iops_mean" : 0.000000,
        "iops_stddev" : 0.000000,
        "iops_samples" : 0
      },
      "write" : {
        "io_bytes" : 10469076992,
        "io_kbytes" : 10223708,
        "bw_bytes" : 34895876,
        "bw" : 34078,
        "iops" : 8519.501082,
        "runtime" : 300009,
        "total_ios" : 2555927,
        "short_ios" : 0,
        "drop_ios" : 0,
        "slat_ns" : {
          "min" : 1738,
          "max" : 248558,
          "mean" : 10822.659892,
          "stddev" : 6375.505249,
          "N" : 2555927
        },
        "clat_ns" : {
          "min" : 299976,
          "max" : 87043683,
          "mean" : 3741627.486798,
          "stddev" : 3114125.680013,
          "N" : 2555927,
          "percentile" : {
            "1.000000" : 464896,
            "5.000000" : 708608,
            "10.000000" : 970752,
            "20.000000" : 1564672,
            "30.000000" : 2023424,
            "40.000000" : 2473984,
            "50.000000" : 2998272,
            "60.000000" : 3588096,
            "70.000000" : 4358144,
            "80.000000" : 5341184,
            "90.000000" : 7241728,
            "95.000000" : 9109504,
            "99.000000" : 14090240,
            "99.500000" : 16908288,
            "99.900000" : 32112640,
            "99.950000" : 41156608,
            "99.990000" : 57933824
          }
        },
        "lat_ns" : {
          "min" : 302225,
          "max" : 87063919,
          "mean" : 3752450.146689,
          "stddev" : 3114304.650756,
          "N" : 2555927
        },
        "bw_min" : 25275,
        "bw_max" : 42364,
        "bw_agg" : 100.000000,
        "bw_mean" : 34101.981230,
        "bw_dev" : 85.177030,
        "bw_samples" : 19180,
        "iops_min" : 6318,
        "iops_max" : 10590,
        "iops_mean" : 8523.864018,
        "iops_stddev" : 21.288490,
        "iops_samples" : 19180
      },
      "trim" : {
        "io_bytes" : 0,
        "io_kbytes" : 0,
        "bw_bytes" : 0,
        "bw" : 0,
        "iops" : 0.000000,
        "runtime" : 0,
        "total_ios" : 0,
        "short_ios" : 0,
        "drop_ios" : 0,
        "slat_ns" : {
          "min" : 0,
          "max" : 0,
          "mean" : 0.000000,
          "stddev" : 0.000000,
          "N" : 0
        },
        "clat_ns" : {
          "min" : 0,
          "max" : 0,
          "mean" : 0.000000,
          "stddev" : 0.000000,
          "N" : 0
        },
        "lat_ns" : {
          "min" : 0,
          "max" : 0,
          "mean" : 0.000000,
          "stddev" : 0.000000,
          "N" : 0
        },
        "bw_min" : 0,
        "bw_max" : 0,
        "bw_agg" : 0.000000,
        "bw_mean" : 0.000000,
        "bw_dev" : 0.000000,
        "bw_samples" : 0,
        "iops_min" : 0,
        "iops_max" : 0,
        "iops_mean" : 0.000000,
        "iops_stddev" : 0.000000,
        "iops_samples" : 0
      },
      "sync" : {
        "total_ios" : 0,
        "lat_ns" : {
          "min" : 0,
          "max" : 0,
          "mean" : 0.000000,
          "stddev" : 0.000000,
          "N" : 0
        }
      },
      "job_runtime" : 9600061,
      "usr_cpu" : 0.463685,
      "sys_cpu" : 0.286321,
      "ctx" : 2556616,
      "majf" : 0,
      "minf" : 1663,
      "iodepth_level" : {
        "1" : 100.000000,
        "2" : 0.000000,
        "4" : 0.000000,
        "8" : 0.000000,
        "16" : 0.000000,
        "32" : 0.000000,
        ">=64" : 0.000000
      },
      "iodepth_submit" : {
        "0" : 0.000000,
        "4" : 100.000000,
        "8" : 0.000000,
        "16" : 0.000000,
        "32" : 0.000000,
        "64" : 0.000000,
        ">=64" : 0.000000
      },
      "iodepth_complete" : {
        "0" : 0.000000,
        "4" : 100.000000,
        "8" : 0.000000,
        "16" : 0.000000,
        "32" : 0.000000,
        "64" : 0.000000,
        ">=64" : 0.000000
      },
      "latency_ns" : {
        "2" : 0.000000,
        "4" : 0.000000,
        "10" : 0.000000,
        "20" : 0.000000,
        "50" : 0.000000,
        "100" : 0.000000,
        "250" : 0.000000,
        "500" : 0.000000,
        "750" : 0.000000,
        "1000" : 0.000000
      },
      "latency_us" : {
        "2" : 0.000000,
        "4" : 0.000000,
        "10" : 0.000000,
        "20" : 0.000000,
        "50" : 0.000000,
        "100" : 0.000000,
        "250" : 0.000000,
        "500" : 1.590695,
        "750" : 4.200081,
        "1000" : 4.766764
      },
      "latency_ms" : {
        "2" : 19.033212,
        "4" : 36.058502,
        "10" : 30.769032,
        "20" : 3.284014,
        "50" : 0.275047,
        "100" : 0.022653,
        "250" : 0.000000,
        "500" : 0.000000,
        "750" : 0.000000,
        "1000" : 0.000000,
        "2000" : 0.000000,
        ">=2000" : 0.000000
      },
      "latency_depth" : 1,
      "latency_target" : 0,
      "latency_percentile" : 100.000000,
      "latency_window" : 0
    }
  ],
  "disk_util" : [
    {
      "name" : "sda",
      "read_ios" : 0,
      "write_ios" : 3495,
      "read_sectors" : 0,
      "write_sectors" : 114712,
      "read_merges" : 0,
      "write_merges" : 5528,
      "read_ticks" : 0,
      "write_ticks" : 602,
      "in_queue" : 641,
      "util" : 0.094571
    }
  ]
}
