{
  "fio version" : "fio-3.39-26-ga72fe",
  "timestamp" : 1750782574,
  "timestamp_ms" : 1750782574789,
  "time" : "Tue Jun 24 16:29:34 2025",
  "global options" : {
    "ioengine" : "rbd",
    "bs" : "4k",
    "rw" : "randwrite",
    "direct" : "1",
    "runtime" : "5m",
    "time_based" : "",
    "group_reporting" : "",
    "ramp_time" : "30s",
    "thread" : "1",
    "iodepth" : "64",
    "clientname" : "admin",
    "pool" : "rbd"
  },
  "jobs" : [
    {
      "jobname" : "fio_test_0",
      "groupid" : 0,
      "job_start" : 1750782574007,
      "error" : 110,
      "eta" : 0,
      "elapsed" : 31,
      "job options" : {
        "max_latency" : "1s",
        "numjobs" : "1",
        "rbdname" : "fio_test_31"
      },
      "read" : {
        "io_bytes" : 0,
        "io_kbytes" : 0,
        "bw_bytes" : 0,
        "bw" : 0,
        "iops" : 0.000000,
        "runtime" : 0,
        "total_ios" : 0,
        "short_ios" : 0,
        "drop_ios" : 0,
        "slat_ns" : {
          "min" : 0,
          "max" : 0,
          "mean" : 0.000000,
          "stddev" : 0.000000,
          "N" : 0
        },
        "clat_ns" : {
          "min" : 0,
          "max" : 0,
          "mean" : 0.000000,
          "stddev" : 0.000000,
          "N" : 0
        },
        "lat_ns" : {
          "min" : 0,
          "max" : 0,
          "mean" : 0.000000,
          "stddev" : 0.000000,
          "N" : 0
        },
        "bw_min" : 0,
        "bw_max" : 0,
        "bw_agg" : 0.000000,
        "bw_mean" : 0.000000,
        "bw_dev" : 0.000000,
        "bw_samples" : 0,
        "iops_min" : 0,
        "iops_max" : 0,
        "iops_mean" : 0.000000,
        "iops_stddev" : 0.000000,
        "iops_samples" : 0
      },
      "write" : {
        "io_bytes" : 9515008,
        "io_kbytes" : 9292,
        "bw_bytes" : 18404270,
        "bw" : 17972,
        "iops" : 593.810445,
        "runtime" : 517,
        "total_ios" : 307,
        "short_ios" : 0,
        "drop_ios" : 0,
        "slat_ns" : {
          "min" : 1703,
          "max" : 37159,
          "mean" : 9274.169381,
          "stddev" : 6439.378858,
          "N" : 307
        },
        "clat_ns" : {
          "min" : 364971,
          "max" : 4681029818,
          "mean" : 1282190742.699527,
          "stddev" : 928423240.399602,
          "N" : 2323,
          "percentile" : {
            "1.000000" : 460800,
            "5.000000" : 1466368,
            "10.000000" : 33816576,
            "20.000000" : 566231040,
            "30.000000" : 717225984,
            "40.000000" : 901775360,
            "50.000000" : 1132462080,
            "60.000000" : 1350565888,
            "70.000000" : 1585446912,
            "80.000000" : 1887436800,
            "90.000000" : 2432696320,
            "95.000000" : 3170893824,
            "99.000000" : 4328521728,
            "99.500000" : 4529848320,
            "99.900000" : 4664066048,
            "99.950000" : 4664066048,
            "99.990000" : 4664066048
          }
        },
        "lat_ns" : {
          "min" : 367390,
          "max" : 4681035864,
          "mean" : 1282200726.340078,
          "stddev" : 928423586.745610,
          "N" : 2323
        },
        "bw_min" : 4361,
        "bw_max" : 4361,
        "bw_agg" : 24.264282,
        "bw_mean" : 4361.000000,
        "bw_dev" : 0.000000,
        "bw_samples" : 24,
        "iops_min" : 1088,
        "iops_max" : 1088,
        "iops_mean" : 1088.000000,
        "iops_stddev" : 0.000000,
        "iops_samples" : 24
      },
      "trim" : {
        "io_bytes" : 0,
        "io_kbytes" : 0,
        "bw_bytes" : 0,
        "bw" : 0,
        "iops" : 0.000000,
        "runtime" : 0,
        "total_ios" : 0,
        "short_ios" : 0,
        "drop_ios" : 0,
        "slat_ns" : {
          "min" : 0,
          "max" : 0,
          "mean" : 0.000000,
          "stddev" : 0.000000,
          "N" : 0
        },
        "clat_ns" : {
          "min" : 0,
          "max" : 0,
          "mean" : 0.000000,
          "stddev" : 0.000000,
          "N" : 0
        },
        "lat_ns" : {
          "min" : 0,
          "max" : 0,
          "mean" : 0.000000,
          "stddev" : 0.000000,
          "N" : 0
        },
        "bw_min" : 0,
        "bw_max" : 0,
        "bw_agg" : 0.000000,
        "bw_mean" : 0.000000,
        "bw_dev" : 0.000000,
        "bw_samples" : 0,
        "iops_min" : 0,
        "iops_max" : 0,
        "iops_mean" : 0.000000,
        "iops_stddev" : 0.000000,
        "iops_samples" : 0
      },
      "sync" : {
        "total_ios" : 0,
        "lat_ns" : {
          "min" : 0,
          "max" : 0,
          "mean" : 0.000000,
          "stddev" : 0.000000,
          "N" : 0
        }
      },
      "job_runtime" : 15941,
      "usr_cpu" : 0.037639,
      "sys_cpu" : 0.025093,
      "ctx" : 2243,
      "majf" : 0,
      "minf" : 0,
      "iodepth_level" : {
        "1" : 0.000000,
        "2" : 0.000000,
        "4" : 0.000000,
        "8" : 0.000000,
        "16" : 0.000000,
        "32" : 0.000000,
        ">=64" : 100.000000
      },
      "iodepth_submit" : {
        "0" : 0.000000,
        "4" : 100.000000,
        "8" : 0.000000,
        "16" : 0.000000,
        "32" : 0.000000,
        "64" : 0.000000,
        ">=64" : 0.000000
      },
      "iodepth_complete" : {
        "0" : 4.719764,
        "4" : 90.560472,
        "8" : 0.000000,
        "16" : 0.000000,
        "32" : 0.000000,
        "64" : 4.719764,
        ">=64" : 0.000000
      },
      "latency_ns" : {
        "2" : 0.000000,
        "4" : 0.000000,
        "10" : 0.000000,
        "20" : 0.000000,
        "50" : 0.000000,
        "100" : 0.000000,
        "250" : 0.000000,
        "500" : 0.000000,
        "750" : 0.000000,
        "1000" : 0.000000
      },
      "latency_us" : {
        "2" : 0.000000,
        "4" : 0.000000,
        "10" : 0.000000,
        "20" : 0.000000,
        "50" : 0.000000,
        "100" : 0.000000,
        "250" : 0.000000,
        "500" : 10.749186,
        "750" : 13.355049,
        "1000" : 6.840391
      },
      "latency_ms" : {
        "2" : 13.680782,
        "4" : 12.052117,
        "10" : 15.309446,
        "20" : 3.257329,
        "50" : 2.931596,
        "100" : 3.257329,
        "250" : 1.628664,
        "500" : 30.618893,
        "750" : 124.104235,
        "1000" : 97.719870,
        "2000" : 290.228013,
        ">=2000" : 130.944625
      },
      "latency_depth" : 64,
      "latency_target" : 0,
      "latency_percentile" : 100.000000,
      "latency_window" : 0
    }
  ],
  "disk_util" : [
    {
      "name" : "sda",
      "read_ios" : 0,
      "write_ios" : 414,
      "read_sectors" : 0,
      "write_sectors" : 15256,
      "read_merges" : 0,
      "write_merges" : 558,
      "read_ticks" : 0,
      "write_ticks" : 95,
      "in_queue" : 99,
      "util" : 0.121811
    }
  ]
}
