{
  "fio version" : "fio-3.39-26-ga72fe",
  "timestamp" : 1750778677,
  "timestamp_ms" : 1750778677720,
  "time" : "Tue Jun 24 15:24:37 2025",
  "global options" : {
    "ioengine" : "rbd",
    "bs" : "4k",
    "rw" : "randwrite",
    "direct" : "1",
    "runtime" : "5m",
    "time_based" : "",
    "group_reporting" : "",
    "ramp_time" : "30s",
    "thread" : "1",
    "iodepth" : "8",
    "clientname" : "admin",
    "pool" : "rbd"
  },
  "jobs" : [
    {
      "jobname" : "fio_test_0",
      "groupid" : 0,
      "job_start" : 1750778377517,
      "error" : 0,
      "eta" : 0,
      "elapsed" : 331,
      "job options" : {
        "max_latency" : "1s",
        "numjobs" : "1",
        "rbdname" : "fio_test_31"
      },
      "read" : {
        "io_bytes" : 0,
        "io_kbytes" : 0,
        "bw_bytes" : 0,
        "bw" : 0,
        "iops" : 0.000000,
        "runtime" : 0,
        "total_ios" : 0,
        "short_ios" : 0,
        "drop_ios" : 0,
        "slat_ns" : {
          "min" : 0,
          "max" : 0,
          "mean" : 0.000000,
          "stddev" : 0.000000,
          "N" : 0
        },
        "clat_ns" : {
          "min" : 0,
          "max" : 0,
          "mean" : 0.000000,
          "stddev" : 0.000000,
          "N" : 0
        },
        "lat_ns" : {
          "min" : 0,
          "max" : 0,
          "mean" : 0.000000,
          "stddev" : 0.000000,
          "N" : 0
        },
        "bw_min" : 0,
        "bw_max" : 0,
        "bw_agg" : 0.000000,
        "bw_mean" : 0.000000,
        "bw_dev" : 0.000000,
        "bw_samples" : 0,
        "iops_min" : 0,
        "iops_max" : 0,
        "iops_mean" : 0.000000,
        "iops_stddev" : 0.000000,
        "iops_samples" : 0
      },
      "write" : {
        "io_bytes" : 11887382528,
        "io_kbytes" : 11608772,
        "bw_bytes" : 39617213,
        "bw" : 38688,
        "iops" : 9671.424667,
        "runtime" : 300056,
        "total_ios" : 2901969,
        "short_ios" : 0,
        "drop_ios" : 0,
        "slat_ns" : {
          "min" : 960,
          "max" : 921682,
          "mean" : 9799.741586,
          "stddev" : 6390.857330,
          "N" : 2901969
        },
        "clat_ns" : {
          "min" : 294300,
          "max" : 709274279,
          "mean" : 26455883.664500,
          "stddev" : 47082930.709808,
          "N" : 2902193,
          "percentile" : {
            "1.000000" : 501760,
            "5.000000" : 1028096,
            "10.000000" : 1777664,
            "20.000000" : 2998272,
            "30.000000" : 4112384,
            "40.000000" : 5472256,
            "50.000000" : 7307264,
            "60.000000" : 10420224,
            "70.000000" : 17170432,
            "80.000000" : 35913728,
            "90.000000" : 80216064,
            "95.000000" : 124256256,
            "99.000000" : 229638144,
            "99.500000" : 274726912,
            "99.900000" : 371195904,
            "99.950000" : 413138944,
            "99.990000" : 513802240
          }
        },
        "lat_ns" : {
          "min" : 296441,
          "max" : 709280501,
          "mean" : 26465683.443751,
          "stddev" : 47082952.992286,
          "N" : 2902193
        },
        "bw_min" : 19948,
        "bw_max" : 60709,
        "bw_agg" : 100.000000,
        "bw_mean" : 38715.030874,
        "bw_dev" : 197.609082,
        "bw_samples" : 19177,
        "iops_min" : 4986,
        "iops_max" : 15175,
        "iops_mean" : 9677.304797,
        "iops_stddev" : 49.392737,
        "iops_samples" : 19177
      },
      "trim" : {
        "io_bytes" : 0,
        "io_kbytes" : 0,
        "bw_bytes" : 0,
        "bw" : 0,
        "iops" : 0.000000,
        "runtime" : 0,
        "total_ios" : 0,
        "short_ios" : 0,
        "drop_ios" : 0,
        "slat_ns" : {
          "min" : 0,
          "max" : 0,
          "mean" : 0.000000,
          "stddev" : 0.000000,
          "N" : 0
        },
        "clat_ns" : {
          "min" : 0,
          "max" : 0,
          "mean" : 0.000000,
          "stddev" : 0.000000,
          "N" : 0
        },
        "lat_ns" : {
          "min" : 0,
          "max" : 0,
          "mean" : 0.000000,
          "stddev" : 0.000000,
          "N" : 0
        },
        "bw_min" : 0,
        "bw_max" : 0,
        "bw_agg" : 0.000000,
        "bw_mean" : 0.000000,
        "bw_dev" : 0.000000,
        "bw_samples" : 0,
        "iops_min" : 0,
        "iops_max" : 0,
        "iops_mean" : 0.000000,
        "iops_stddev" : 0.000000,
        "iops_samples" : 0
      },
      "sync" : {
        "total_ios" : 0,
        "lat_ns" : {
          "min" : 0,
          "max" : 0,
          "mean" : 0.000000,
          "stddev" : 0.000000,
          "N" : 0
        }
      },
      "job_runtime" : 9601429,
      "usr_cpu" : 0.463827,
      "sys_cpu" : 0.282864,
      "ctx" : 2683522,
      "majf" : 0,
      "minf" : 1647,
      "iodepth_level" : {
        "1" : 0.000000,
        "2" : 0.000000,
        "4" : 0.000000,
        "8" : 100.000000,
        "16" : 0.000000,
        "32" : 0.000000,
        ">=64" : 0.000000
      },
      "iodepth_submit" : {
        "0" : 0.000000,
        "4" : 100.000000,
        "8" : 0.000000,
        "16" : 0.000000,
        "32" : 0.000000,
        "64" : 0.000000,
        ">=64" : 0.000000
      },
      "iodepth_complete" : {
        "0" : 0.000000,
        "4" : 99.999449,
        "8" : 0.100000,
        "16" : 0.000000,
        "32" : 0.000000,
        "64" : 0.000000,
        ">=64" : 0.000000
      },
      "latency_ns" : {
        "2" : 0.000000,
        "4" : 0.000000,
        "10" : 0.000000,
        "20" : 0.000000,
        "50" : 0.000000,
        "100" : 0.000000,
        "250" : 0.000000,
        "500" : 0.000000,
        "750" : 0.000000,
        "1000" : 0.000000
      },
      "latency_us" : {
        "2" : 0.000000,
        "4" : 0.000000,
        "10" : 0.000000,
        "20" : 0.000000,
        "50" : 0.000000,
        "100" : 0.000000,
        "250" : 0.000000,
        "500" : 0.974683,
        "750" : 1.896540,
        "1000" : 1.922557
      },
      "latency_ms" : {
        "2" : 6.969027,
        "4" : 17.092395,
        "10" : 30.159385,
        "20" : 13.409999,
        "50" : 11.669491,
        "100" : 8.552435,
        "250" : 6.625743,
        "500" : 0.722303,
        "750" : 0.013163,
        "1000" : 0.000000,
        "2000" : 0.000000,
        ">=2000" : 0.000000
      },
      "latency_depth" : 8,
      "latency_target" : 0,
      "latency_percentile" : 100.000000,
      "latency_window" : 0
    }
  ],
  "disk_util" : [
    {
      "name" : "sda",
      "read_ios" : 0,
      "write_ios" : 4016,
      "read_sectors" : 0,
      "write_sectors" : 109360,
      "read_merges" : 0,
      "write_merges" : 5893,
      "read_ticks" : 0,
      "write_ticks" : 714,
      "in_queue" : 752,
      "util" : 0.097303
    }
  ]
}
