{
  "fio version" : "fio-3.39-26-ga72fe",
  "timestamp" : 1750777680,
  "timestamp_ms" : 1750777680602,
  "time" : "Tue Jun 24 15:08:00 2025",
  "global options" : {
    "ioengine" : "rbd",
    "bs" : "4k",
    "rw" : "randwrite",
    "direct" : "1",
    "runtime" : "5m",
    "time_based" : "",
    "group_reporting" : "",
    "ramp_time" : "30s",
    "thread" : "1",
    "iodepth" : "4",
    "clientname" : "admin",
    "pool" : "rbd"
  },
  "jobs" : [
    {
      "jobname" : "fio_test_0",
      "groupid" : 0,
      "job_start" : 1750777380307,
      "error" : 0,
      "eta" : 0,
      "elapsed" : 331,
      "job options" : {
        "max_latency" : "1s",
        "numjobs" : "1",
        "rbdname" : "fio_test_31"
      },
      "read" : {
        "io_bytes" : 0,
        "io_kbytes" : 0,
        "bw_bytes" : 0,
        "bw" : 0,
        "iops" : 0.000000,
        "runtime" : 0,
        "total_ios" : 0,
        "short_ios" : 0,
        "drop_ios" : 0,
        "slat_ns" : {
          "min" : 0,
          "max" : 0,
          "mean" : 0.000000,
          "stddev" : 0.000000,
          "N" : 0
        },
        "clat_ns" : {
          "min" : 0,
          "max" : 0,
          "mean" : 0.000000,
          "stddev" : 0.000000,
          "N" : 0
        },
        "lat_ns" : {
          "min" : 0,
          "max" : 0,
          "mean" : 0.000000,
          "stddev" : 0.000000,
          "N" : 0
        },
        "bw_min" : 0,
        "bw_max" : 0,
        "bw_agg" : 0.000000,
        "bw_mean" : 0.000000,
        "bw_dev" : 0.000000,
        "bw_samples" : 0,
        "iops_min" : 0,
        "iops_max" : 0,
        "iops_mean" : 0.000000,
        "iops_stddev" : 0.000000,
        "iops_samples" : 0
      },
      "write" : {
        "io_bytes" : 11962089472,
        "io_kbytes" : 11681728,
        "bw_bytes" : 39869113,
        "bw" : 38934,
        "iops" : 9733.350220,
        "runtime" : 300034,
        "total_ios" : 2920336,
        "short_ios" : 0,
        "drop_ios" : 0,
        "slat_ns" : {
          "min" : 931,
          "max" : 127842,
          "mean" : 9565.201702,
          "stddev" : 6200.371008,
          "N" : 2920336
        },
        "clat_ns" : {
          "min" : 278295,
          "max" : 305923460,
          "mean" : 13137590.706188,
          "stddev" : 18271726.281222,
          "N" : 2920432,
          "percentile" : {
            "1.000000" : 501760,
            "5.000000" : 1028096,
            "10.000000" : 1794048,
            "20.000000" : 2998272,
            "30.000000" : 4112384,
            "40.000000" : 5341184,
            "50.000000" : 6914048,
            "60.000000" : 8978432,
            "70.000000" : 11993088,
            "80.000000" : 17694720,
            "90.000000" : 31588352,
            "95.000000" : 49020928,
            "99.000000" : 93847552,
            "99.500000" : 112721920,
            "99.900000" : 152043520,
            "99.950000" : 168820736,
            "99.990000" : 212860928
          }
        },
        "lat_ns" : {
          "min" : 281038,
          "max" : 305936492,
          "mean" : 13147155.895112,
          "stddev" : 18271779.724303,
          "N" : 2920432
        },
        "bw_min" : 21492,
        "bw_max" : 54406,
        "bw_agg" : 100.000000,
        "bw_mean" : 38974.612688,
        "bw_dev" : 163.045041,
        "bw_samples" : 19168,
        "iops_min" : 5372,
        "iops_max" : 13600,
        "iops_mean" : 9741.797997,
        "iops_stddev" : 40.756139,
        "iops_samples" : 19168
      },
      "trim" : {
        "io_bytes" : 0,
        "io_kbytes" : 0,
        "bw_bytes" : 0,
        "bw" : 0,
        "iops" : 0.000000,
        "runtime" : 0,
        "total_ios" : 0,
        "short_ios" : 0,
        "drop_ios" : 0,
        "slat_ns" : {
          "min" : 0,
          "max" : 0,
          "mean" : 0.000000,
          "stddev" : 0.000000,
          "N" : 0
        },
        "clat_ns" : {
          "min" : 0,
          "max" : 0,
          "mean" : 0.000000,
          "stddev" : 0.000000,
          "N" : 0
        },
        "lat_ns" : {
          "min" : 0,
          "max" : 0,
          "mean" : 0.000000,
          "stddev" : 0.000000,
          "N" : 0
        },
        "bw_min" : 0,
        "bw_max" : 0,
        "bw_agg" : 0.000000,
        "bw_mean" : 0.000000,
        "bw_dev" : 0.000000,
        "bw_samples" : 0,
        "iops_min" : 0,
        "iops_max" : 0,
        "iops_mean" : 0.000000,
        "iops_stddev" : 0.000000,
        "iops_samples" : 0
      },
      "sync" : {
        "total_ios" : 0,
        "lat_ns" : {
          "min" : 0,
          "max" : 0,
          "mean" : 0.000000,
          "stddev" : 0.000000,
          "N" : 0
        }
      },
      "job_runtime" : 9600448,
      "usr_cpu" : 0.459906,
      "sys_cpu" : 0.288934,
      "ctx" : 2725755,
      "majf" : 0,
      "minf" : 1840,
      "iodepth_level" : {
        "1" : 0.000000,
        "2" : 0.000000,
        "4" : 100.000000,
        "8" : 0.000000,
        "16" : 0.000000,
        "32" : 0.000000,
        ">=64" : 0.000000
      },
      "iodepth_submit" : {
        "0" : 0.000000,
        "4" : 100.000000,
        "8" : 0.000000,
        "16" : 0.000000,
        "32" : 0.000000,
        "64" : 0.000000,
        ">=64" : 0.000000
      },
      "iodepth_complete" : {
        "0" : 0.000000,
        "4" : 100.000000,
        "8" : 0.000000,
        "16" : 0.000000,
        "32" : 0.000000,
        "64" : 0.000000,
        ">=64" : 0.000000
      },
      "latency_ns" : {
        "2" : 0.000000,
        "4" : 0.000000,
        "10" : 0.000000,
        "20" : 0.000000,
        "50" : 0.000000,
        "100" : 0.000000,
        "250" : 0.000000,
        "500" : 0.000000,
        "750" : 0.000000,
        "1000" : 0.000000
      },
      "latency_us" : {
        "2" : 0.000000,
        "4" : 0.000000,
        "10" : 0.000000,
        "20" : 0.000000,
        "50" : 0.000000,
        "100" : 0.000000,
        "250" : 0.000000,
        "500" : 0.984681,
        "750" : 1.900980,
        "1000" : 1.902384
      },
      "latency_ms" : {
        "2" : 6.901226,
        "4" : 17.222642,
        "10" : 35.296966,
        "20" : 18.409731,
        "50" : 12.591770,
        "100" : 3.989986,
        "250" : 0.800148,
        "500" : 0.010000,
        "750" : 0.000000,
        "1000" : 0.000000,
        "2000" : 0.000000,
        ">=2000" : 0.000000
      },
      "latency_depth" : 4,
      "latency_target" : 0,
      "latency_percentile" : 100.000000,
      "latency_window" : 0
    }
  ],
  "disk_util" : [
    {
      "name" : "sda",
      "read_ios" : 0,
      "write_ios" : 3926,
      "read_sectors" : 0,
      "write_sectors" : 106816,
      "read_merges" : 0,
      "write_merges" : 5732,
      "read_ticks" : 0,
      "write_ticks" : 678,
      "in_queue" : 717,
      "util" : 0.092466
    }
  ]
}
