{
    "iodepth": [
        "1",
        "2",
        "4",
        "8",
        "16",
        "24",
        "32",
        "40",
        "52",
        "64"
    ],
    "iops": [
        8519.501082,
        9601.665283,
        9733.35022,
        9671.424667,
        9103.110584,
        5794.174757,
        9399.650669,
        1986.486486,
        1747.634069,
        593.810445
    ],
    "total_ios": [
        2555927,
        2880586,
        2920336,
        2901969,
        2731006,
        2984,
        2819914,
        735,
        554,
        307
    ],
    "clat_ms": [
        3.741627486798,
        6.652320978023,
        13.137590706188,
        26.455883664500004,
        3.677611655203,
        218.369754463441,
        8.043701860742,
        772.4244751074131,
        582.393822933669,
        1282.190742699527
    ],
    "clat_stdev": [
        3.114125680013,
        7.315054337024,
        18.271726281222,
        47.082930709808,
        12.689764838023999,
        501.028761368969,
        42.134462490343,
        912.272437465056,
        598.8448236762399,
        928.423240399602
    ],
    "usr_cpu": [
        0.463685,
        0.471443,
        0.459906,
        0.463827,
        3.230801,
        0.177857,
        2.754543,
        0.053768,
        0.06284,
        0.037639
    ],
    "sys_cpu": [
        0.286321,
        0.290653,
        0.288934,
        0.282864,
        2.264725,
        0.165153,
        1.694741,
        0.080652,
        0.041894,
        0.025093
    ],
    "OSD_cpu": [
        369.21333333333314,
        376.8933333333331,
        378.82666666666654,
        381.773333333333,
        381.9066666666665,
        381.70666666666637,
        351.09999999999985,
        374.35333333333324,
        363.3199999999999,
        30.849999999999984,
        367.99999999999983,
        32.81666666666664,
        359.08999999999986,
        31.20666666666664,
        348.04999999999995,
        31.043333333333315,
        341.9733333333333,
        30.82333333333333,
        19.373333333333324,
        18.77333333333331,
        19.16333333333333,
        17.779999999999987,
        19.296666666666656,
        19.61000000000001
    ],
    "OSD_mem": [
        49.87999999999968,
        51.59999999999967,
        51.59999999999967,
        51.59999999999967,
        51.59999999999967,
        51.59999999999967,
        51.59999999999967,
        51.59999999999967,
        51.59999999999967,
        51.59999999999967,
        51.59999999999967,
        51.59999999999967,
        51.59999999999967,
        51.59999999999967,
        51.59999999999967,
        51.59999999999967,
        51.59999999999967,
        51.59999999999967,
        51.59999999999967,
        51.59999999999967,
        51.59999999999967,
        51.59999999999967,
        51.59999999999967,
        51.59999999999967
    ],
    "FIO_cpu": [
        143.14333333333215,
        152.09999999999874,
        150.09666666666539,
        149.27333333333144,
        150.449999999998,
        149.3333333333315,
        75.45666666666655,
        83.29666666666655,
        75.08333333333327,
        5.539999999999997,
        97.1700000000002,
        6.49333333333333,
        85.42999999999996,
        5.7433333333333305,
        72.47000000000003,
        5.113333333333332,
        61.22999999999994,
        5.673333333333332,
        3.720000000000001,
        3.310000000000001,
        1.8600000000000003,
        2.0666666666666673,
        3.310000000000001,
        3.5166666666666675
    ],
    "FIO_mem": [
        0.0,
        0.0,
        0.0,
        0.0,
        0.0,
        0.0,
        0.0,
        0.0,
        0.0,
        0.0,
        0.0,
        0.0,
        0.0,
        0.0,
        0.0,
        0.0,
        0.0,
        0.0,
        0.0,
        0.0,
        0.0,
        0.0,
        0.0,
        0.0
    ]
}