{
  "fio version" : "fio-3.39-26-ga72fe",
  "timestamp" : 1750942364,
  "timestamp_ms" : 1750942364798,
  "time" : "Thu Jun 26 12:52:44 2025",
  "global options" : {
    "ioengine" : "rbd",
    "bs" : "64k",
    "rw" : "read",
    "direct" : "1",
    "runtime" : "5m",
    "time_based" : "",
    "group_reporting" : "",
    "ramp_time" : "30s",
    "thread" : "1",
    "iodepth" : "4",
    "clientname" : "admin",
    "pool" : "rbd"
  },
  "jobs" : [
    {
      "jobname" : "fio_test_0",
      "groupid" : 0,
      "job_start" : 1750942064671,
      "error" : 0,
      "eta" : 0,
      "elapsed" : 331,
      "job options" : {
        "max_latency" : "1s",
        "numjobs" : "1",
        "rbdname" : "fio_test_31"
      },
      "read" : {
        "io_bytes" : 555490213888,
        "io_kbytes" : 542470912,
        "bw_bytes" : 1851572327,
        "bw" : 1808176,
        "iops" : 28252.431586,
        "runtime" : 300010,
        "total_ios" : 8476012,
        "short_ios" : 0,
        "drop_ios" : 0,
        "slat_ns" : {
          "min" : 565,
          "max" : 71966,
          "mean" : 3210.896820,
          "stddev" : 1543.263804,
          "N" : 8476012
        },
        "clat_ns" : {
          "min" : 563840,
          "max" : 56966825,
          "mean" : 4526288.672775,
          "stddev" : 3257162.253824,
          "N" : 8476108,
          "percentile" : {
            "1.000000" : 1056768,
            "5.000000" : 1892352,
            "10.000000" : 1990656,
            "20.000000" : 2441216,
            "30.000000" : 2572288,
            "40.000000" : 3031040,
            "50.000000" : 3489792,
            "60.000000" : 3981312,
            "70.000000" : 4816896,
            "80.000000" : 6389760,
            "90.000000" : 8159232,
            "95.000000" : 10944512,
            "99.000000" : 17170432,
            "99.500000" : 20054016,
            "99.900000" : 27394048,
            "99.950000" : 31064064,
            "99.990000" : 39059456
          }
        },
        "lat_ns" : {
          "min" : 567336,
          "max" : 56968808,
          "mean" : 4529499.567170,
          "stddev" : 3257380.570330,
          "N" : 8476108
        },
        "bw_min" : 531770,
        "bw_max" : 2972088,
        "bw_agg" : 100.000000,
        "bw_mean" : 1808936.745056,
        "bw_dev" : 12724.318620,
        "bw_samples" : 19188,
        "iops_min" : 8306,
        "iops_max" : 46437,
        "iops_mean" : 28262.571822,
        "iops_stddev" : 198.818504,
        "iops_samples" : 19188
      },
      "write" : {
        "io_bytes" : 0,
        "io_kbytes" : 0,
        "bw_bytes" : 0,
        "bw" : 0,
        "iops" : 0.000000,
        "runtime" : 0,
        "total_ios" : 0,
        "short_ios" : 0,
        "drop_ios" : 0,
        "slat_ns" : {
          "min" : 0,
          "max" : 0,
          "mean" : 0.000000,
          "stddev" : 0.000000,
          "N" : 0
        },
        "clat_ns" : {
          "min" : 0,
          "max" : 0,
          "mean" : 0.000000,
          "stddev" : 0.000000,
          "N" : 0
        },
        "lat_ns" : {
          "min" : 0,
          "max" : 0,
          "mean" : 0.000000,
          "stddev" : 0.000000,
          "N" : 0
        },
        "bw_min" : 0,
        "bw_max" : 0,
        "bw_agg" : 0.000000,
        "bw_mean" : 0.000000,
        "bw_dev" : 0.000000,
        "bw_samples" : 0,
        "iops_min" : 0,
        "iops_max" : 0,
        "iops_mean" : 0.000000,
        "iops_stddev" : 0.000000,
        "iops_samples" : 0
      },
      "trim" : {
        "io_bytes" : 0,
        "io_kbytes" : 0,
        "bw_bytes" : 0,
        "bw" : 0,
        "iops" : 0.000000,
        "runtime" : 0,
        "total_ios" : 0,
        "short_ios" : 0,
        "drop_ios" : 0,
        "slat_ns" : {
          "min" : 0,
          "max" : 0,
          "mean" : 0.000000,
          "stddev" : 0.000000,
          "N" : 0
        },
        "clat_ns" : {
          "min" : 0,
          "max" : 0,
          "mean" : 0.000000,
          "stddev" : 0.000000,
          "N" : 0
        },
        "lat_ns" : {
          "min" : 0,
          "max" : 0,
          "mean" : 0.000000,
          "stddev" : 0.000000,
          "N" : 0
        },
        "bw_min" : 0,
        "bw_max" : 0,
        "bw_agg" : 0.000000,
        "bw_mean" : 0.000000,
        "bw_dev" : 0.000000,
        "bw_samples" : 0,
        "iops_min" : 0,
        "iops_max" : 0,
        "iops_mean" : 0.000000,
        "iops_stddev" : 0.000000,
        "iops_samples" : 0
      },
      "sync" : {
        "total_ios" : 0,
        "lat_ns" : {
          "min" : 0,
          "max" : 0,
          "mean" : 0.000000,
          "stddev" : 0.000000,
          "N" : 0
        }
      },
      "job_runtime" : 9600133,
      "usr_cpu" : 0.443161,
      "sys_cpu" : 0.403974,
      "ctx" : 8472990,
      "majf" : 0,
      "minf" : 449,
      "iodepth_level" : {
        "1" : 0.000000,
        "2" : 0.000000,
        "4" : 100.000000,
        "8" : 0.000000,
        "16" : 0.000000,
        "32" : 0.000000,
        ">=64" : 0.000000
      },
      "iodepth_submit" : {
        "0" : 0.000000,
        "4" : 100.000000,
        "8" : 0.000000,
        "16" : 0.000000,
        "32" : 0.000000,
        "64" : 0.000000,
        ">=64" : 0.000000
      },
      "iodepth_complete" : {
        "0" : 0.000000,
        "4" : 100.000000,
        "8" : 0.000000,
        "16" : 0.000000,
        "32" : 0.000000,
        "64" : 0.000000,
        ">=64" : 0.000000
      },
      "latency_ns" : {
        "2" : 0.000000,
        "4" : 0.000000,
        "10" : 0.000000,
        "20" : 0.000000,
        "50" : 0.000000,
        "100" : 0.000000,
        "250" : 0.000000,
        "500" : 0.000000,
        "750" : 0.000000,
        "1000" : 0.000000
      },
      "latency_us" : {
        "2" : 0.000000,
        "4" : 0.000000,
        "10" : 0.000000,
        "20" : 0.000000,
        "50" : 0.000000,
        "100" : 0.000000,
        "250" : 0.000000,
        "500" : 0.000000,
        "750" : 0.167532,
        "1000" : 0.655108
      },
      "latency_ms" : {
        "2" : 11.378287,
        "4" : 49.685642,
        "10" : 31.713771,
        "20" : 5.889857,
        "50" : 0.510547,
        "100" : 0.010000,
        "250" : 0.000000,
        "500" : 0.000000,
        "750" : 0.000000,
        "1000" : 0.000000,
        "2000" : 0.000000,
        ">=2000" : 0.000000
      },
      "latency_depth" : 4,
      "latency_target" : 0,
      "latency_percentile" : 100.000000,
      "latency_window" : 0
    }
  ],
  "disk_util" : [
    {
      "name" : "sda",
      "read_ios" : 100494,
      "write_ios" : 14463,
      "read_sectors" : 1734688,
      "write_sectors" : 1860736,
      "read_merges" : 12555,
      "write_merges" : 32862,
      "read_ticks" : 39066,
      "write_ticks" : 8576,
      "in_queue" : 47706,
      "util" : 2.032584
    }
  ]
}
