{
  "fio version" : "fio-3.39-26-ga72fe",
  "timestamp" : 1750941700,
  "timestamp_ms" : 1750941700272,
  "time" : "Thu Jun 26 12:41:40 2025",
  "global options" : {
    "ioengine" : "rbd",
    "bs" : "64k",
    "rw" : "read",
    "direct" : "1",
    "runtime" : "5m",
    "time_based" : "",
    "group_reporting" : "",
    "ramp_time" : "30s",
    "thread" : "1",
    "iodepth" : "1",
    "clientname" : "admin",
    "pool" : "rbd"
  },
  "jobs" : [
    {
      "jobname" : "fio_test_0",
      "groupid" : 0,
      "job_start" : 1750941400177,
      "error" : 0,
      "eta" : 0,
      "elapsed" : 331,
      "job options" : {
        "max_latency" : "1s",
        "numjobs" : "1",
        "rbdname" : "fio_test_31"
      },
      "read" : {
        "io_bytes" : 464101441536,
        "io_kbytes" : 453224064,
        "bw_bytes" : 1546989335,
        "bw" : 1510731,
        "iops" : 23605.183948,
        "runtime" : 300003,
        "total_ios" : 7081626,
        "short_ios" : 0,
        "drop_ios" : 0,
        "slat_ns" : {
          "min" : 1399,
          "max" : 90436,
          "mean" : 3634.144434,
          "stddev" : 2169.832631,
          "N" : 7081626
        },
        "clat_ns" : {
          "min" : 554449,
          "max" : 13467756,
          "mean" : 1350845.068596,
          "stddev" : 757302.710856,
          "N" : 7081626,
          "percentile" : {
            "1.000000" : 626688,
            "5.000000" : 651264,
            "10.000000" : 684032,
            "20.000000" : 774144,
            "30.000000" : 880640,
            "40.000000" : 978944,
            "50.000000" : 1044480,
            "60.000000" : 1220608,
            "70.000000" : 1531904,
            "80.000000" : 1875968,
            "90.000000" : 2375680,
            "95.000000" : 2867200,
            "99.000000" : 4014080,
            "99.500000" : 4489216,
            "99.900000" : 5734400,
            "99.950000" : 6324224,
            "99.990000" : 7634944
          }
        },
        "lat_ns" : {
          "min" : 556529,
          "max" : 13470262,
          "mean" : 1354479.213030,
          "stddev" : 757557.070076,
          "N" : 7081626
        },
        "bw_min" : 656710,
        "bw_max" : 2327102,
        "bw_agg" : 100.000000,
        "bw_mean" : 1511234.387198,
        "bw_dev" : 8884.888843,
        "bw_samples" : 19194,
        "iops_min" : 10258,
        "iops_max" : 36360,
        "iops_mean" : 23611.109769,
        "iops_stddev" : 138.813359,
        "iops_samples" : 19194
      },
      "write" : {
        "io_bytes" : 0,
        "io_kbytes" : 0,
        "bw_bytes" : 0,
        "bw" : 0,
        "iops" : 0.000000,
        "runtime" : 0,
        "total_ios" : 0,
        "short_ios" : 0,
        "drop_ios" : 0,
        "slat_ns" : {
          "min" : 0,
          "max" : 0,
          "mean" : 0.000000,
          "stddev" : 0.000000,
          "N" : 0
        },
        "clat_ns" : {
          "min" : 0,
          "max" : 0,
          "mean" : 0.000000,
          "stddev" : 0.000000,
          "N" : 0
        },
        "lat_ns" : {
          "min" : 0,
          "max" : 0,
          "mean" : 0.000000,
          "stddev" : 0.000000,
          "N" : 0
        },
        "bw_min" : 0,
        "bw_max" : 0,
        "bw_agg" : 0.000000,
        "bw_mean" : 0.000000,
        "bw_dev" : 0.000000,
        "bw_samples" : 0,
        "iops_min" : 0,
        "iops_max" : 0,
        "iops_mean" : 0.000000,
        "iops_stddev" : 0.000000,
        "iops_samples" : 0
      },
      "trim" : {
        "io_bytes" : 0,
        "io_kbytes" : 0,
        "bw_bytes" : 0,
        "bw" : 0,
        "iops" : 0.000000,
        "runtime" : 0,
        "total_ios" : 0,
        "short_ios" : 0,
        "drop_ios" : 0,
        "slat_ns" : {
          "min" : 0,
          "max" : 0,
          "mean" : 0.000000,
          "stddev" : 0.000000,
          "N" : 0
        },
        "clat_ns" : {
          "min" : 0,
          "max" : 0,
          "mean" : 0.000000,
          "stddev" : 0.000000,
          "N" : 0
        },
        "lat_ns" : {
          "min" : 0,
          "max" : 0,
          "mean" : 0.000000,
          "stddev" : 0.000000,
          "N" : 0
        },
        "bw_min" : 0,
        "bw_max" : 0,
        "bw_agg" : 0.000000,
        "bw_mean" : 0.000000,
        "bw_dev" : 0.000000,
        "bw_samples" : 0,
        "iops_min" : 0,
        "iops_max" : 0,
        "iops_mean" : 0.000000,
        "iops_stddev" : 0.000000,
        "iops_samples" : 0
      },
      "sync" : {
        "total_ios" : 0,
        "lat_ns" : {
          "min" : 0,
          "max" : 0,
          "mean" : 0.000000,
          "stddev" : 0.000000,
          "N" : 0
        }
      },
      "job_runtime" : 9600007,
      "usr_cpu" : 0.423489,
      "sys_cpu" : 0.381458,
      "ctx" : 7081953,
      "majf" : 0,
      "minf" : 421,
      "iodepth_level" : {
        "1" : 100.000000,
        "2" : 0.000000,
        "4" : 0.000000,
        "8" : 0.000000,
        "16" : 0.000000,
        "32" : 0.000000,
        ">=64" : 0.000000
      },
      "iodepth_submit" : {
        "0" : 0.000000,
        "4" : 100.000000,
        "8" : 0.000000,
        "16" : 0.000000,
        "32" : 0.000000,
        "64" : 0.000000,
        ">=64" : 0.000000
      },
      "iodepth_complete" : {
        "0" : 0.000000,
        "4" : 100.000000,
        "8" : 0.000000,
        "16" : 0.000000,
        "32" : 0.000000,
        "64" : 0.000000,
        ">=64" : 0.000000
      },
      "latency_ns" : {
        "2" : 0.000000,
        "4" : 0.000000,
        "10" : 0.000000,
        "20" : 0.000000,
        "50" : 0.000000,
        "100" : 0.000000,
        "250" : 0.000000,
        "500" : 0.000000,
        "750" : 0.000000,
        "1000" : 0.000000
      },
      "latency_us" : {
        "2" : 0.000000,
        "4" : 0.000000,
        "10" : 0.000000,
        "20" : 0.000000,
        "50" : 0.000000,
        "100" : 0.000000,
        "250" : 0.000000,
        "500" : 0.000000,
        "750" : 17.634340,
        "1000" : 25.576400
      },
      "latency_ms" : {
        "2" : 41.225165,
        "4" : 14.522936,
        "10" : 1.040312,
        "20" : 0.010000,
        "50" : 0.000000,
        "100" : 0.000000,
        "250" : 0.000000,
        "500" : 0.000000,
        "750" : 0.000000,
        "1000" : 0.000000,
        "2000" : 0.000000,
        ">=2000" : 0.000000
      },
      "latency_depth" : 1,
      "latency_target" : 0,
      "latency_percentile" : 100.000000,
      "latency_window" : 0
    }
  ],
  "disk_util" : [
    {
      "name" : "sda",
      "read_ios" : 1,
      "write_ios" : 4414,
      "read_sectors" : 8,
      "write_sectors" : 170760,
      "read_merges" : 0,
      "write_merges" : 6510,
      "read_ticks" : 0,
      "write_ticks" : 1140,
      "in_queue" : 1184,
      "util" : 0.126058
    }
  ]
}
