{
  "fio version" : "fio-3.39-26-ga72fe",
  "timestamp" : 1750944036,
  "timestamp_ms" : 1750944036994,
  "time" : "Thu Jun 26 13:20:36 2025",
  "global options" : {
    "ioengine" : "rbd",
    "bs" : "64k",
    "rw" : "read",
    "direct" : "1",
    "runtime" : "5m",
    "time_based" : "",
    "group_reporting" : "",
    "ramp_time" : "30s",
    "thread" : "1",
    "iodepth" : "24",
    "clientname" : "admin",
    "pool" : "rbd"
  },
  "jobs" : [
    {
      "jobname" : "fio_test_0",
      "groupid" : 0,
      "job_start" : 1750943736834,
      "error" : 0,
      "eta" : 0,
      "elapsed" : 331,
      "job options" : {
        "max_latency" : "1s",
        "numjobs" : "1",
        "rbdname" : "fio_test_31"
      },
      "read" : {
        "io_bytes" : 644576509952,
        "io_kbytes" : 629469248,
        "bw_bytes" : 2147886723,
        "bw" : 2097545,
        "iops" : 32771.697912,
        "runtime" : 300098,
        "total_ios" : 9834721,
        "short_ios" : 0,
        "drop_ios" : 0,
        "slat_ns" : {
          "min" : 595,
          "max" : 129374,
          "mean" : 3135.907546,
          "stddev" : 1632.360276,
          "N" : 9834721
        },
        "clat_ns" : {
          "min" : 559148,
          "max" : 435052311,
          "mean" : 23426014.027332,
          "stddev" : 25544217.988487,
          "N" : 9835457,
          "percentile" : {
            "1.000000" : 1204224,
            "5.000000" : 2670592,
            "10.000000" : 3981312,
            "20.000000" : 6455296,
            "30.000000" : 8978432,
            "40.000000" : 11993088,
            "50.000000" : 15400960,
            "60.000000" : 19791872,
            "70.000000" : 24510464,
            "80.000000" : 35389440,
            "90.000000" : 52166656,
            "95.000000" : 71827456,
            "99.000000" : 124256256,
            "99.500000" : 149946368,
            "99.900000" : 219152384,
            "99.950000" : 248512512,
            "99.990000" : 312475648
          }
        },
        "lat_ns" : {
          "min" : 562112,
          "max" : 435054648,
          "mean" : 23429149.963737,
          "stddev" : 25544429.073415,
          "N" : 9835457
        },
        "bw_min" : 245888,
        "bw_max" : 3846912,
        "bw_agg" : 100.000000,
        "bw_mean" : 2099141.269780,
        "bw_dev" : 19079.998061,
        "bw_samples" : 19172,
        "iops_min" : 3842,
        "iops_max" : 60108,
        "iops_mean" : 32798.603230,
        "iops_stddev" : 298.125213,
        "iops_samples" : 19172
      },
      "write" : {
        "io_bytes" : 0,
        "io_kbytes" : 0,
        "bw_bytes" : 0,
        "bw" : 0,
        "iops" : 0.000000,
        "runtime" : 0,
        "total_ios" : 0,
        "short_ios" : 0,
        "drop_ios" : 0,
        "slat_ns" : {
          "min" : 0,
          "max" : 0,
          "mean" : 0.000000,
          "stddev" : 0.000000,
          "N" : 0
        },
        "clat_ns" : {
          "min" : 0,
          "max" : 0,
          "mean" : 0.000000,
          "stddev" : 0.000000,
          "N" : 0
        },
        "lat_ns" : {
          "min" : 0,
          "max" : 0,
          "mean" : 0.000000,
          "stddev" : 0.000000,
          "N" : 0
        },
        "bw_min" : 0,
        "bw_max" : 0,
        "bw_agg" : 0.000000,
        "bw_mean" : 0.000000,
        "bw_dev" : 0.000000,
        "bw_samples" : 0,
        "iops_min" : 0,
        "iops_max" : 0,
        "iops_mean" : 0.000000,
        "iops_stddev" : 0.000000,
        "iops_samples" : 0
      },
      "trim" : {
        "io_bytes" : 0,
        "io_kbytes" : 0,
        "bw_bytes" : 0,
        "bw" : 0,
        "iops" : 0.000000,
        "runtime" : 0,
        "total_ios" : 0,
        "short_ios" : 0,
        "drop_ios" : 0,
        "slat_ns" : {
          "min" : 0,
          "max" : 0,
          "mean" : 0.000000,
          "stddev" : 0.000000,
          "N" : 0
        },
        "clat_ns" : {
          "min" : 0,
          "max" : 0,
          "mean" : 0.000000,
          "stddev" : 0.000000,
          "N" : 0
        },
        "lat_ns" : {
          "min" : 0,
          "max" : 0,
          "mean" : 0.000000,
          "stddev" : 0.000000,
          "N" : 0
        },
        "bw_min" : 0,
        "bw_max" : 0,
        "bw_agg" : 0.000000,
        "bw_mean" : 0.000000,
        "bw_dev" : 0.000000,
        "bw_samples" : 0,
        "iops_min" : 0,
        "iops_max" : 0,
        "iops_mean" : 0.000000,
        "iops_stddev" : 0.000000,
        "iops_samples" : 0
      },
      "sync" : {
        "total_ios" : 0,
        "lat_ns" : {
          "min" : 0,
          "max" : 0,
          "mean" : 0.000000,
          "stddev" : 0.000000,
          "N" : 0
        }
      },
      "job_runtime" : 9601212,
      "usr_cpu" : 0.487834,
      "sys_cpu" : 0.467837,
      "ctx" : 9829058,
      "majf" : 0,
      "minf" : 650,
      "iodepth_level" : {
        "1" : 0.000000,
        "2" : 0.000000,
        "4" : 0.000000,
        "8" : 0.000000,
        "16" : 100.000000,
        "32" : 0.000000,
        ">=64" : 0.000000
      },
      "iodepth_submit" : {
        "0" : 0.000000,
        "4" : 100.000000,
        "8" : 0.000000,
        "16" : 0.000000,
        "32" : 0.000000,
        "64" : 0.000000,
        ">=64" : 0.000000
      },
      "iodepth_complete" : {
        "0" : 0.000000,
        "4" : 99.999837,
        "8" : 0.000000,
        "16" : 0.000000,
        "32" : 0.100000,
        "64" : 0.000000,
        ">=64" : 0.000000
      },
      "latency_ns" : {
        "2" : 0.000000,
        "4" : 0.000000,
        "10" : 0.000000,
        "20" : 0.000000,
        "50" : 0.000000,
        "100" : 0.000000,
        "250" : 0.000000,
        "500" : 0.000000,
        "750" : 0.000000,
        "1000" : 0.000000
      },
      "latency_us" : {
        "2" : 0.000000,
        "4" : 0.000000,
        "10" : 0.000000,
        "20" : 0.000000,
        "50" : 0.000000,
        "100" : 0.000000,
        "250" : 0.000000,
        "500" : 0.000000,
        "750" : 0.122891,
        "1000" : 0.433302
      },
      "latency_ms" : {
        "2" : 2.295947,
        "4" : 7.248187,
        "10" : 22.864665,
        "20" : 27.711961,
        "50" : 28.549605,
        "100" : 8.715102,
        "250" : 2.017912,
        "500" : 0.047912,
        "750" : 0.000000,
        "1000" : 0.000000,
        "2000" : 0.000000,
        ">=2000" : 0.000000
      },
      "latency_depth" : 24,
      "latency_target" : 0,
      "latency_percentile" : 100.000000,
      "latency_window" : 0
    }
  ],
  "disk_util" : [
    {
      "name" : "sda",
      "read_ios" : 3020,
      "write_ios" : 4292,
      "read_sectors" : 141864,
      "write_sectors" : 93168,
      "read_merges" : 46,
      "write_merges" : 5579,
      "read_ticks" : 2339,
      "write_ticks" : 732,
      "in_queue" : 3114,
      "util" : 0.184573
    }
  ]
}
