{
  "fio version" : "fio-3.39-26-ga72fe",
  "timestamp" : 1750948036,
  "timestamp_ms" : 1750948036789,
  "time" : "Thu Jun 26 14:27:16 2025",
  "global options" : {
    "ioengine" : "rbd",
    "bs" : "64k",
    "rw" : "read",
    "direct" : "1",
    "runtime" : "5m",
    "time_based" : "",
    "group_reporting" : "",
    "ramp_time" : "30s",
    "thread" : "1",
    "iodepth" : "64",
    "clientname" : "admin",
    "pool" : "rbd"
  },
  "jobs" : [
    {
      "jobname" : "fio_test_0",
      "groupid" : 0,
      "job_start" : 1750947736539,
      "error" : 110,
      "eta" : 0,
      "elapsed" : 331,
      "job options" : {
        "max_latency" : "1s",
        "numjobs" : "1",
        "rbdname" : "fio_test_31"
      },
      "read" : {
        "io_bytes" : 685907640320,
        "io_kbytes" : 669831680,
        "bw_bytes" : 2285193352,
        "bw" : 2231634,
        "iops" : 34862.563426,
        "runtime" : 300153,
        "total_ios" : 10464103,
        "short_ios" : 0,
        "drop_ios" : 0,
        "slat_ns" : {
          "min" : 469,
          "max" : 69698,
          "mean" : 2775.882791,
          "stddev" : 1519.974287,
          "N" : 10464104
        },
        "clat_ns" : {
          "min" : 549565,
          "max" : 1505442430,
          "mean" : 34486521.986803,
          "stddev" : 46958115.435390,
          "N" : 10466119,
          "percentile" : {
            "1.000000" : 1433600,
            "5.000000" : 3227648,
            "10.000000" : 4882432,
            "20.000000" : 7962624,
            "30.000000" : 11075584,
            "40.000000" : 14876672,
            "50.000000" : 19267584,
            "60.000000" : 25559040,
            "70.000000" : 33816576,
            "80.000000" : 49020928,
            "90.000000" : 79167488,
            "95.000000" : 116916224,
            "99.000000" : 225443840,
            "99.500000" : 283115520,
            "99.900000" : 434110464,
            "99.950000" : 509607936,
            "99.990000" : 843055104
          }
        },
        "lat_ns" : {
          "min" : 551631,
          "max" : 1505445365,
          "mean" : 34489297.922041,
          "stddev" : 46958233.035420,
          "N" : 10466119
        },
        "bw_min" : 353506,
        "bw_max" : 5709513,
        "bw_agg" : 100.000000,
        "bw_mean" : 3206306.971938,
        "bw_dev" : 33674.971191,
        "bw_samples" : 11241,
        "iops_min" : 5523,
        "iops_max" : 89210,
        "iops_mean" : 50096.836054,
        "iops_stddev" : 526.162561,
        "iops_samples" : 11241
      },
      "write" : {
        "io_bytes" : 0,
        "io_kbytes" : 0,
        "bw_bytes" : 0,
        "bw" : 0,
        "iops" : 0.000000,
        "runtime" : 0,
        "total_ios" : 0,
        "short_ios" : 0,
        "drop_ios" : 0,
        "slat_ns" : {
          "min" : 0,
          "max" : 0,
          "mean" : 0.000000,
          "stddev" : 0.000000,
          "N" : 0
        },
        "clat_ns" : {
          "min" : 0,
          "max" : 0,
          "mean" : 0.000000,
          "stddev" : 0.000000,
          "N" : 0
        },
        "lat_ns" : {
          "min" : 0,
          "max" : 0,
          "mean" : 0.000000,
          "stddev" : 0.000000,
          "N" : 0
        },
        "bw_min" : 0,
        "bw_max" : 0,
        "bw_agg" : 0.000000,
        "bw_mean" : 0.000000,
        "bw_dev" : 0.000000,
        "bw_samples" : 0,
        "iops_min" : 0,
        "iops_max" : 0,
        "iops_mean" : 0.000000,
        "iops_stddev" : 0.000000,
        "iops_samples" : 0
      },
      "trim" : {
        "io_bytes" : 0,
        "io_kbytes" : 0,
        "bw_bytes" : 0,
        "bw" : 0,
        "iops" : 0.000000,
        "runtime" : 0,
        "total_ios" : 0,
        "short_ios" : 0,
        "drop_ios" : 0,
        "slat_ns" : {
          "min" : 0,
          "max" : 0,
          "mean" : 0.000000,
          "stddev" : 0.000000,
          "N" : 0
        },
        "clat_ns" : {
          "min" : 0,
          "max" : 0,
          "mean" : 0.000000,
          "stddev" : 0.000000,
          "N" : 0
        },
        "lat_ns" : {
          "min" : 0,
          "max" : 0,
          "mean" : 0.000000,
          "stddev" : 0.000000,
          "N" : 0
        },
        "bw_min" : 0,
        "bw_max" : 0,
        "bw_agg" : 0.000000,
        "bw_mean" : 0.000000,
        "bw_dev" : 0.000000,
        "bw_samples" : 0,
        "iops_min" : 0,
        "iops_max" : 0,
        "iops_mean" : 0.000000,
        "iops_stddev" : 0.000000,
        "iops_samples" : 0
      },
      "sync" : {
        "total_ios" : 0,
        "lat_ns" : {
          "min" : 0,
          "max" : 0,
          "mean" : 0.000000,
          "stddev" : 0.000000,
          "N" : 0
        }
      },
      "job_runtime" : 5637451,
      "usr_cpu" : 0.730827,
      "sys_cpu" : 0.798020,
      "ctx" : 10450077,
      "majf" : 0,
      "minf" : 582,
      "iodepth_level" : {
        "1" : 0.000000,
        "2" : 0.000000,
        "4" : 0.000000,
        "8" : 0.000000,
        "16" : 0.000000,
        "32" : 0.000000,
        ">=64" : 100.000000
      },
      "iodepth_submit" : {
        "0" : 0.000000,
        "4" : 100.000000,
        "8" : 0.000000,
        "16" : 0.000000,
        "32" : 0.000000,
        "64" : 0.000000,
        ">=64" : 0.000000
      },
      "iodepth_complete" : {
        "0" : 0.100000,
        "4" : 99.999780,
        "8" : 0.000000,
        "16" : 0.000000,
        "32" : 0.000000,
        "64" : 0.100000,
        ">=64" : 0.000000
      },
      "latency_ns" : {
        "2" : 0.000000,
        "4" : 0.000000,
        "10" : 0.000000,
        "20" : 0.000000,
        "50" : 0.000000,
        "100" : 0.000000,
        "250" : 0.000000,
        "500" : 0.000000,
        "750" : 0.000000,
        "1000" : 0.000000
      },
      "latency_us" : {
        "2" : 0.000000,
        "4" : 0.000000,
        "10" : 0.000000,
        "20" : 0.000000,
        "50" : 0.000000,
        "100" : 0.000000,
        "250" : 0.000000,
        "500" : 0.000000,
        "750" : 0.077216,
        "1000" : 0.228648
      },
      "latency_ms" : {
        "2" : 1.717519,
        "4" : 5.337209,
        "10" : 19.218532,
        "20" : 24.675971,
        "50" : 29.286161,
        "100" : 12.798851,
        "250" : 5.929433,
        "500" : 0.694909,
        "750" : 0.040519,
        "1000" : 0.010000,
        "2000" : 0.010000,
        ">=2000" : 0.000000
      },
      "latency_depth" : 64,
      "latency_target" : 0,
      "latency_percentile" : 100.000000,
      "latency_window" : 0
    }
  ],
  "disk_util" : [
    {
      "name" : "sda",
      "read_ios" : 6,
      "write_ios" : 4184,
      "read_sectors" : 256,
      "write_sectors" : 97416,
      "read_merges" : 0,
      "write_merges" : 5022,
      "read_ticks" : 3,
      "write_ticks" : 774,
      "in_queue" : 822,
      "util" : 0.106042
    }
  ]
}
