{
    "iodepth": [
        "1",
        "2",
        "4",
        "8",
        "16",
        "24",
        "32",
        "40",
        "52",
        "64"
    ],
    "bw": [
        1510.731,
        1724.663,
        1808.176,
        1115.592,
        2003.915,
        2097.545,
        2191.218,
        2237.317,
        2078.002,
        2231.634
    ],
    "total_ios": [
        7081626,
        8084463,
        8476012,
        5229553,
        9394189,
        9834721,
        10273631,
        10490235,
        9742412,
        10464103
    ],
    "clat_ms": [
        1.350845068596,
        2.370538270217,
        4.526288672775,
        14.677258330218,
        16.347327399412002,
        23.426014027332002,
        29.902664255806,
        36.609293228168006,
        43.197111060687995,
        34.486521986803005
    ],
    "clat_stdev": [
        0.757302710856,
        1.565071884909,
        3.2571622538239997,
        8.239211995875,
        16.591422865293,
        25.544217988487002,
        35.234156119735005,
        49.373829834450994,
        63.360663623012,
        46.958115435390006
    ],
    "usr_cpu": [
        0.423489,
        0.442623,
        0.443161,
        0.50413,
        0.459086,
        0.487834,
        0.473646,
        0.47533,
        0.58577,
        0.730827
    ],
    "sys_cpu": [
        0.381458,
        0.412623,
        0.403974,
        0.4003,
        0.426651,
        0.467837,
        0.454639,
        0.45954,
        0.575846,
        0.79802
    ],
    "OSD_cpu": [
        2799.426666666662,
        3018.0866666666543,
        3050.9833333333236,
        2044.4566666666672,
        3168.163333333328,
        3299.1900000000023,
        3262.1800000000007,
        3344.7900000000013,
        3321.8700000000035,
        3420.150000000003,
        3427.3166666666743,
        3548.5899999999947,
        3541.7666666666755,
        3503.809999999997,
        3584.0266666666676,
        3927.61000000001,
        3202.7833333333297,
        2632.249999999995,
        3422.1733333333314,
        3180.82999999999
    ],
    "OSD_mem": [
        5964.443333333866,
        6232.800000000574,
        6232.800000000574,
        6232.800000000574,
        6232.800000000574,
        6232.800000000574,
        6232.800000000574,
        6232.800000000574,
        6232.800000000574,
        6232.800000000574,
        6232.800000000574,
        6232.800000000574,
        6232.800000000574,
        6232.800000000574,
        6232.800000000574,
        6232.800000000574,
        6232.800000000574,
        6232.800000000574,
        6232.800000000574,
        6232.800000000574
    ],
    "FIO_cpu": [
        265.76000000000244,
        308.17000000000195,
        319.23000000000235,
        304.20666666667404,
        349.3600000000031,
        369.8533333333352,
        356.56000000000205,
        360.370000000003,
        371.8866666666689,
        359.4966666666691,
        355.0566666666685,
        369.2600000000038,
        366.92666666666827,
        362.5366666666684,
        373.826666666668,
        401.7599999999994,
        375.67333333333386,
        367.4700000000027,
        377.5366666666674,
        361.61333333333357
    ],
    "FIO_mem": [
        0.0,
        0.0,
        0.0,
        0.0,
        43.49999999999695,
        44.99999999999559,
        44.99999999999559,
        44.99999999999559,
        44.99999999999559,
        44.99999999999559,
        44.99999999999559,
        44.99999999999559,
        44.99999999999559,
        44.99999999999559,
        44.99999999999559,
        44.99999999999559,
        41.63999999999864,
        37.72000000000221,
        41.07999999999915,
        29.880000000004507
    ]
}