{
    "iodepth": [
        "1",
        "2",
        "4",
        "8",
        "16",
        "24",
        "32",
        "40",
        "52",
        "64"
    ],
    "iops": [
        462.663536,
        6974.291616,
        3540.540541,
        12089.395179,
        14523.079565,
        21568.721156,
        8.408252,
        191.318489,
        6594.017094,
        6062.906725
    ],
    "total_ios": [
        20688,
        347787,
        131,
        723780,
        1014684,
        2369475,
        419,
        9529,
        1543,
        2795
    ],
    "clat_ms": [
        68.786470645447,
        9.124854802794,
        17200.649634590307,
        21.066046705235998,
        34.723475282226005,
        10.099959751285,
        35309.910691918485,
        5953.883377624201,
        316.347664033071,
        436.459409054874
    ],
    "clat_stdev": [
        1718.7612523107482,
        542.114209011261,
        20133.62715529282,
        838.378169031329,
        1103.518750234365,
        508.129658862707,
        22885.205116899975,
        16170.10873752382,
        406.432692159493,
        599.56763936884
    ],
    "usr_cpu": [
        0.010961,
        0.144016,
        0.0,
        0.225774,
        0.268282,
        1.341313,
        0.000325,
        0.005582,
        0.11564,
        0.139198
    ],
    "sys_cpu": [
        0.006464,
        0.104721,
        0.0,
        0.158954,
        0.187771,
        0.962705,
        0.000195,
        0.003699,
        0.101185,
        0.125278
    ],
    "OSD_cpu": [
        0.0,
        0.0,
        0.0,
        0.0,
        0.0,
        0.0,
        0.0,
        0.0,
        0.0,
        0.0
    ],
    "OSD_mem": [
        0.0,
        0.0,
        0.0,
        0.0,
        0.0,
        0.0,
        0.0,
        0.0,
        0.0,
        0.0
    ],
    "FIO_cpu": [
        2.3533333333333295,
        39.01999999999992,
        7.45666666666668,
        66.76333333333338,
        86.22666666666683,
        177.59000000000069,
        7.28333333333335,
        9.606666666666676,
        8.483333333333327,
        10.146666666666656
    ],
    "FIO_mem": [
        8.999999999999764,
        22.50000000000283,
        0.0,
        29.486666666671088,
        34.50000000000514,
        17.066666666665842,
        0.8533333333333314,
        1.5000000000000122,
        0.0,
        1.5000000000000122
    ]
}