{
    "0": {
        "reactor_utilization": 3.1345956910048693
    },
    "1": {
        "reactor_utilization": 3.7790684282738027
    },
    "2": {
        "reactor_utilization": 3.672187381252437
    },
    "3": {
        "reactor_utilization": 3.2991717441722557
    },
    "4": {
        "reactor_utilization": 3.269206498321105
    },
    "5": {
        "reactor_utilization": 4.0721985419957
    },
    "6": {
        "reactor_utilization": 3.4865328319406665
    },
    "7": {
        "reactor_utilization": 3.4299034504225783
    },
    "8": {
        "reactor_utilization": 3.620018039018203
    },
    "9": {
        "reactor_utilization": 3.4492756504840036
    },
    "10": {
        "reactor_utilization": 3.4394192607057756
    },
    "11": {
        "reactor_utilization": 3.370545677233351
    },
    "12": {
        "reactor_utilization": 3.8537992770715888
    },
    "13": {
        "reactor_utilization": 3.9668044088867926
    },
    "14": {
        "reactor_utilization": 3.5885958234826076
    },
    "15": {
        "reactor_utilization": 3.7944242366415537
    },
    "16": {
        "reactor_utilization": 3.5682427121404214
    },
    "17": {
        "reactor_utilization": 3.042559744299508
    },
    "18": {
        "reactor_utilization": 3.1291688195103378
    },
    "19": {
        "reactor_utilization": 3.0681432761738057
    },
    "20": {
        "reactor_utilization": 2.8261651914272745
    },
    "21": {
        "reactor_utilization": 2.9775756848474915
    },
    "22": {
        "reactor_utilization": 2.811983639902669
    },
    "23": {
        "reactor_utilization": 2.757100204322568
    },
    "24": {
        "reactor_utilization": 2.970638983725023
    },
    "25": {
        "reactor_utilization": 2.953608811862274
    },
    "26": {
        "reactor_utilization": 2.872938207418959
    },
    "27": {
        "reactor_utilization": 3.0223581713418053
    }
}