{
    "MSGR": {
        "perf-crimson-ms": {
            "cpu": [
                93.3,
                97.7,
                98.0,
                97.7,
                97.7,
                97.7,
                97.7,
                98.0,
                97.7,
                98.0,
                97.7,
                97.3,
                98.0,
                97.3,
                98.3,
                97.3,
                98.0,
                97.3,
                97.7,
                98.0,
                97.7
            ],
            "mem": [
                1.0,
                1.0,
                1.0,
                1.0,
                1.0,
                1.0,
                1.0,
                1.0,
                1.0,
                1.0,
                1.0,
                1.0,
                1.0,
                1.0,
                1.0,
                1.0,
                1.0,
                1.0,
                1.0,
                1.0,
                1.0
            ]
        },
        "reactor": {
            "cpu": [
                746.3999999999999,
                2620.499999999999,
                2630.8,
                2623.0,
                2620.199999999999,
                2631.3,
                2620.5999999999995,
                2631.7000000000007,
                2620.399999999999,
                2629.7,
                2623.3,
                2618.5999999999995,
                2632.2000000000007,
                2621.0999999999995,
                2629.6,
                2621.7999999999993,
                2630.7000000000003,
                2621.8999999999996,
                2620.7999999999997,
                2630.0,
                2621.2999999999993
            ],
            "mem": [
                36.0,
                55.0,
                55.0,
                55.0,
                55.0,
                55.0,
                55.0,
                55.0,
                55.0,
                55.0,
                55.0,
                55.0,
                55.0,
                55.0,
                55.0,
                55.0,
                55.0,
                55.0,
                55.0,
                55.0,
                55.0
            ]
        }
    }
}