{
  "fio version" : "fio-3.39-26-ga72fe",
  "timestamp" : 1747747321,
  "timestamp_ms" : 1747747321104,
  "time" : "Tue May 20 13:22:01 2025",
  "global options" : {
    "write_iops_log" : "sea_1osd_56reactor_32fio_bal_osd_rc_1procs_randread",
    "write_bw_log" : "sea_1osd_56reactor_32fio_bal_osd_rc_1procs_randread",
    "write_lat_log" : "sea_1osd_56reactor_32fio_bal_osd_rc_1procs_randread",
    "ioengine" : "rbd",
    "bs" : "4k",
    "rw" : "randread",
    "direct" : "1",
    "runtime" : "5m",
    "time_based" : "",
    "group_reporting" : "",
    "ramp_time" : "30s",
    "thread" : "1",
    "iodepth" : "64",
    "clientname" : "admin",
    "pool" : "rbd"
  },
  "jobs" : [
    {
      "jobname" : "fio_test_0",
      "groupid" : 0,
      "job_start" : 1747746981848,
      "error" : 0,
      "eta" : 0,
      "elapsed" : 370,
      "job options" : {
        "max_latency" : "1s",
        "numjobs" : "1",
        "rbdname" : "fio_test_31"
      },
      "read" : {
        "io_bytes" : 455437467648,
        "io_kbytes" : 444763152,
        "bw_bytes" : 1517710051,
        "bw" : 1482138,
        "iops" : 370527.955692,
        "runtime" : 300082,
        "total_ios" : 111188770,
        "short_ios" : 0,
        "drop_ios" : 0,
        "slat_ns" : {
          "min" : 429,
          "max" : 1692123,
          "mean" : 2410.531984,
          "stddev" : 1422.303974,
          "N" : 111188772
        },
        "clat_ns" : {
          "min" : 23290,
          "max" : 386255307,
          "mean" : 5491811.397982,
          "stddev" : 31189347.465093,
          "N" : 111190786,
          "percentile" : {
            "1.000000" : 250880,
            "5.000000" : 358400,
            "10.000000" : 444416,
            "20.000000" : 569344,
            "30.000000" : 684032,
            "40.000000" : 798720,
            "50.000000" : 929792,
            "60.000000" : 1056768,
            "70.000000" : 1220608,
            "80.000000" : 1482752,
            "90.000000" : 2039808,
            "95.000000" : 3031040,
            "99.000000" : 233832448,
            "99.500000" : 256901120,
            "99.900000" : 287309824,
            "99.950000" : 299892736,
            "99.990000" : 325058560
          }
        },
        "lat_ns" : {
          "min" : 132484,
          "max" : 386257546,
          "mean" : 5494221.929037,
          "stddev" : 31189349.911620,
          "N" : 111190786
        },
        "bw_min" : 323,
        "bw_max" : 1100132,
        "bw_agg" : 11.027443,
        "bw_mean" : 163442.035377,
        "bw_dev" : 2990.105807,
        "bw_samples" : 111190786,
        "iops_min" : 32,
        "iops_max" : 32,
        "iops_mean" : 32.000000,
        "iops_stddev" : 0.000000,
        "iops_samples" : 111190786
      },
      "write" : {
        "io_bytes" : 0,
        "io_kbytes" : 0,
        "bw_bytes" : 0,
        "bw" : 0,
        "iops" : 0.000000,
        "runtime" : 0,
        "total_ios" : 0,
        "short_ios" : 0,
        "drop_ios" : 0,
        "slat_ns" : {
          "min" : 0,
          "max" : 0,
          "mean" : 0.000000,
          "stddev" : 0.000000,
          "N" : 0
        },
        "clat_ns" : {
          "min" : 0,
          "max" : 0,
          "mean" : 0.000000,
          "stddev" : 0.000000,
          "N" : 0
        },
        "lat_ns" : {
          "min" : 0,
          "max" : 0,
          "mean" : 0.000000,
          "stddev" : 0.000000,
          "N" : 0
        },
        "bw_min" : 0,
        "bw_max" : 0,
        "bw_agg" : 0.000000,
        "bw_mean" : 0.000000,
        "bw_dev" : 0.000000,
        "bw_samples" : 0,
        "iops_min" : 0,
        "iops_max" : 0,
        "iops_mean" : 0.000000,
        "iops_stddev" : 0.000000,
        "iops_samples" : 0
      },
      "trim" : {
        "io_bytes" : 0,
        "io_kbytes" : 0,
        "bw_bytes" : 0,
        "bw" : 0,
        "iops" : 0.000000,
        "runtime" : 0,
        "total_ios" : 0,
        "short_ios" : 0,
        "drop_ios" : 0,
        "slat_ns" : {
          "min" : 0,
          "max" : 0,
          "mean" : 0.000000,
          "stddev" : 0.000000,
          "N" : 0
        },
        "clat_ns" : {
          "min" : 0,
          "max" : 0,
          "mean" : 0.000000,
          "stddev" : 0.000000,
          "N" : 0
        },
        "lat_ns" : {
          "min" : 0,
          "max" : 0,
          "mean" : 0.000000,
          "stddev" : 0.000000,
          "N" : 0
        },
        "bw_min" : 0,
        "bw_max" : 0,
        "bw_agg" : 0.000000,
        "bw_mean" : 0.000000,
        "bw_dev" : 0.000000,
        "bw_samples" : 0,
        "iops_min" : 0,
        "iops_max" : 0,
        "iops_mean" : 0.000000,
        "iops_stddev" : 0.000000,
        "iops_samples" : 0
      },
      "sync" : {
        "total_ios" : 0,
        "lat_ns" : {
          "min" : 0,
          "max" : 0,
          "mean" : 0.000000,
          "stddev" : 0.000000,
          "N" : 0
        }
      },
      "job_runtime" : 9602484,
      "usr_cpu" : 4.910490,
      "sys_cpu" : 3.381375,
      "ctx" : 62334523,
      "majf" : 0,
      "minf" : 4430581,
      "iodepth_level" : {
        "1" : 0.100000,
        "2" : 0.100000,
        "4" : 0.100000,
        "8" : 0.100000,
        "16" : 0.100000,
        "32" : 0.100000,
        ">=64" : 99.978526
      },
      "iodepth_submit" : {
        "0" : 0.000000,
        "4" : 100.000000,
        "8" : 0.000000,
        "16" : 0.000000,
        "32" : 0.000000,
        "64" : 0.000000,
        ">=64" : 0.000000
      },
      "iodepth_complete" : {
        "0" : 0.000000,
        "4" : 99.999986,
        "8" : 0.000000,
        "16" : 0.000000,
        "32" : 0.000000,
        "64" : 0.100000,
        ">=64" : 0.000000
      },
      "latency_ns" : {
        "2" : 0.000000,
        "4" : 0.000000,
        "10" : 0.000000,
        "20" : 0.000000,
        "50" : 0.000000,
        "100" : 0.000000,
        "250" : 0.000000,
        "500" : 0.000000,
        "750" : 0.000000,
        "1000" : 0.000000
      },
      "latency_us" : {
        "2" : 0.000000,
        "4" : 0.000000,
        "10" : 0.000000,
        "20" : 0.000000,
        "50" : 0.010000,
        "100" : 0.000000,
        "250" : 0.953263,
        "500" : 13.300981,
        "750" : 21.208108,
        "1000" : 20.518642
      },
      "latency_ms" : {
        "2" : 33.516427,
        "4" : 7.413947,
        "10" : 0.597068,
        "20" : 0.065391,
        "50" : 0.244515,
        "100" : 0.500500,
        "250" : 1.048512,
        "500" : 0.634457,
        "750" : 0.000000,
        "1000" : 0.000000,
        "2000" : 0.000000,
        ">=2000" : 0.000000
      },
      "latency_depth" : 64,
      "latency_target" : 0,
      "latency_percentile" : 100.000000,
      "latency_window" : 0
    }
  ],
  "disk_util" : [
    {
      "name" : "sda",
      "read_ios" : 336,
      "write_ios" : 22294,
      "read_sectors" : 49184,
      "write_sectors" : 27160544,
      "read_merges" : 0,
      "write_merges" : 14158,
      "read_ticks" : 859,
      "write_ticks" : 190643,
      "in_queue" : 192557,
      "util" : 7.400340
    }
  ]
}
