{
  "fio version" : "fio-3.39-26-ga72fe",
  "timestamp" : 1747745459,
  "timestamp_ms" : 1747745459015,
  "time" : "Tue May 20 12:50:59 2025",
  "global options" : {
    "write_iops_log" : "sea_1osd_56reactor_32fio_bal_osd_rc_1procs_randread",
    "write_bw_log" : "sea_1osd_56reactor_32fio_bal_osd_rc_1procs_randread",
    "write_lat_log" : "sea_1osd_56reactor_32fio_bal_osd_rc_1procs_randread",
    "ioengine" : "rbd",
    "bs" : "4k",
    "rw" : "randread",
    "direct" : "1",
    "runtime" : "5m",
    "time_based" : "",
    "group_reporting" : "",
    "ramp_time" : "30s",
    "thread" : "1",
    "iodepth" : "16",
    "clientname" : "admin",
    "pool" : "rbd"
  },
  "jobs" : [
    {
      "jobname" : "fio_test_0",
      "groupid" : 0,
      "job_start" : 1747745117261,
      "error" : 0,
      "eta" : 0,
      "elapsed" : 372,
      "job options" : {
        "max_latency" : "1s",
        "numjobs" : "1",
        "rbdname" : "fio_test_31"
      },
      "read" : {
        "io_bytes" : 440263598080,
        "io_kbytes" : 429944920,
        "bw_bytes" : 1467525759,
        "bw" : 1433130,
        "iops" : 358281.056253,
        "runtime" : 300004,
        "total_ios" : 107485750,
        "short_ios" : 0,
        "drop_ios" : 0,
        "slat_ns" : {
          "min" : 422,
          "max" : 3923030,
          "mean" : 2083.898159,
          "stddev" : 1320.063505,
          "N" : 107485750
        },
        "clat_ns" : {
          "min" : 52796,
          "max" : 28325804,
          "mean" : 1424322.011153,
          "stddev" : 934893.179366,
          "N" : 107486230,
          "percentile" : {
            "1.000000" : 284672,
            "5.000000" : 428032,
            "10.000000" : 544768,
            "20.000000" : 724992,
            "30.000000" : 888832,
            "40.000000" : 1036288,
            "50.000000" : 1204224,
            "60.000000" : 1400832,
            "70.000000" : 1613824,
            "80.000000" : 1957888,
            "90.000000" : 2539520,
            "95.000000" : 3194880,
            "99.000000" : 4554752,
            "99.500000" : 5341184,
            "99.900000" : 7634944,
            "99.950000" : 9502720,
            "99.990000" : 14352384
          }
        },
        "lat_ns" : {
          "min" : 149124,
          "max" : 28326948,
          "mean" : 1426405.908937,
          "stddev" : 934865.322948,
          "N" : 107486230
        },
        "bw_min" : 5145,
        "bw_max" : 824561,
        "bw_agg" : 8.412841,
        "bw_mean" : 120567.933845,
        "bw_dev" : 2466.051407,
        "bw_samples" : 107486230,
        "iops_min" : 32,
        "iops_max" : 32,
        "iops_mean" : 32.000000,
        "iops_stddev" : 0.000000,
        "iops_samples" : 107486230
      },
      "write" : {
        "io_bytes" : 0,
        "io_kbytes" : 0,
        "bw_bytes" : 0,
        "bw" : 0,
        "iops" : 0.000000,
        "runtime" : 0,
        "total_ios" : 0,
        "short_ios" : 0,
        "drop_ios" : 0,
        "slat_ns" : {
          "min" : 0,
          "max" : 0,
          "mean" : 0.000000,
          "stddev" : 0.000000,
          "N" : 0
        },
        "clat_ns" : {
          "min" : 0,
          "max" : 0,
          "mean" : 0.000000,
          "stddev" : 0.000000,
          "N" : 0
        },
        "lat_ns" : {
          "min" : 0,
          "max" : 0,
          "mean" : 0.000000,
          "stddev" : 0.000000,
          "N" : 0
        },
        "bw_min" : 0,
        "bw_max" : 0,
        "bw_agg" : 0.000000,
        "bw_mean" : 0.000000,
        "bw_dev" : 0.000000,
        "bw_samples" : 0,
        "iops_min" : 0,
        "iops_max" : 0,
        "iops_mean" : 0.000000,
        "iops_stddev" : 0.000000,
        "iops_samples" : 0
      },
      "trim" : {
        "io_bytes" : 0,
        "io_kbytes" : 0,
        "bw_bytes" : 0,
        "bw" : 0,
        "iops" : 0.000000,
        "runtime" : 0,
        "total_ios" : 0,
        "short_ios" : 0,
        "drop_ios" : 0,
        "slat_ns" : {
          "min" : 0,
          "max" : 0,
          "mean" : 0.000000,
          "stddev" : 0.000000,
          "N" : 0
        },
        "clat_ns" : {
          "min" : 0,
          "max" : 0,
          "mean" : 0.000000,
          "stddev" : 0.000000,
          "N" : 0
        },
        "lat_ns" : {
          "min" : 0,
          "max" : 0,
          "mean" : 0.000000,
          "stddev" : 0.000000,
          "N" : 0
        },
        "bw_min" : 0,
        "bw_max" : 0,
        "bw_agg" : 0.000000,
        "bw_mean" : 0.000000,
        "bw_dev" : 0.000000,
        "bw_samples" : 0,
        "iops_min" : 0,
        "iops_max" : 0,
        "iops_mean" : 0.000000,
        "iops_stddev" : 0.000000,
        "iops_samples" : 0
      },
      "sync" : {
        "total_ios" : 0,
        "lat_ns" : {
          "min" : 0,
          "max" : 0,
          "mean" : 0.000000,
          "stddev" : 0.000000,
          "N" : 0
        }
      },
      "job_runtime" : 9600027,
      "usr_cpu" : 4.201790,
      "sys_cpu" : 2.793815,
      "ctx" : 54385045,
      "majf" : 0,
      "minf" : 3866833,
      "iodepth_level" : {
        "1" : 0.100000,
        "2" : 0.100000,
        "4" : 0.100000,
        "8" : 0.100000,
        "16" : 99.994781,
        "32" : 0.000000,
        ">=64" : 0.000000
      },
      "iodepth_submit" : {
        "0" : 0.000000,
        "4" : 100.000000,
        "8" : 0.000000,
        "16" : 0.000000,
        "32" : 0.000000,
        "64" : 0.000000,
        ">=64" : 0.000000
      },
      "iodepth_complete" : {
        "0" : 0.000000,
        "4" : 99.999985,
        "8" : 0.000000,
        "16" : 0.100000,
        "32" : 0.000000,
        "64" : 0.000000,
        ">=64" : 0.000000
      },
      "latency_ns" : {
        "2" : 0.000000,
        "4" : 0.000000,
        "10" : 0.000000,
        "20" : 0.000000,
        "50" : 0.000000,
        "100" : 0.000000,
        "250" : 0.000000,
        "500" : 0.000000,
        "750" : 0.000000,
        "1000" : 0.000000
      },
      "latency_us" : {
        "2" : 0.000000,
        "4" : 0.000000,
        "10" : 0.000000,
        "20" : 0.000000,
        "50" : 0.000000,
        "100" : 0.010000,
        "250" : 0.384103,
        "500" : 7.667631,
        "750" : 13.308446,
        "1000" : 16.043101
      },
      "latency_ms" : {
        "2" : 43.865795,
        "4" : 16.674385,
        "10" : 2.015534,
        "20" : 0.040216,
        "50" : 0.010000,
        "100" : 0.000000,
        "250" : 0.000000,
        "500" : 0.000000,
        "750" : 0.000000,
        "1000" : 0.000000,
        "2000" : 0.000000,
        ">=2000" : 0.000000
      },
      "latency_depth" : 16,
      "latency_target" : 0,
      "latency_percentile" : 100.000000,
      "latency_window" : 0
    }
  ],
  "disk_util" : [
    {
      "name" : "sda",
      "read_ios" : 0,
      "write_ios" : 18679,
      "read_sectors" : 0,
      "write_sectors" : 26242320,
      "read_merges" : 0,
      "write_merges" : 9954,
      "read_ticks" : 0,
      "write_ticks" : 179435,
      "in_queue" : 180436,
      "util" : 7.037013
    }
  ]
}
