{
  "fio version" : "fio-3.39-26-ga72fe",
  "timestamp" : 1747746949,
  "timestamp_ms" : 1747746949164,
  "time" : "Tue May 20 13:15:49 2025",
  "global options" : {
    "write_iops_log" : "sea_1osd_56reactor_32fio_bal_osd_rc_1procs_randread",
    "write_bw_log" : "sea_1osd_56reactor_32fio_bal_osd_rc_1procs_randread",
    "write_lat_log" : "sea_1osd_56reactor_32fio_bal_osd_rc_1procs_randread",
    "ioengine" : "rbd",
    "bs" : "4k",
    "rw" : "randread",
    "direct" : "1",
    "runtime" : "5m",
    "time_based" : "",
    "group_reporting" : "",
    "ramp_time" : "30s",
    "thread" : "1",
    "iodepth" : "52",
    "clientname" : "admin",
    "pool" : "rbd"
  },
  "jobs" : [
    {
      "jobname" : "fio_test_0",
      "groupid" : 0,
      "job_start" : 1747746607906,
      "error" : 0,
      "eta" : 0,
      "elapsed" : 372,
      "job options" : {
        "max_latency" : "1s",
        "numjobs" : "1",
        "rbdname" : "fio_test_31"
      },
      "read" : {
        "io_bytes" : 438745591808,
        "io_kbytes" : 428462492,
        "bw_bytes" : 1462207486,
        "bw" : 1427936,
        "iops" : 356978.810693,
        "runtime" : 300057,
        "total_ios" : 107113991,
        "short_ios" : 0,
        "drop_ios" : 0,
        "slat_ns" : {
          "min" : 416,
          "max" : 3984877,
          "mean" : 2128.420464,
          "stddev" : 1358.509674,
          "N" : 107113991
        },
        "clat_ns" : {
          "min" : 43637,
          "max" : 293007008,
          "mean" : 4635469.630674,
          "stddev" : 21447195.950014,
          "N" : 107115623,
          "percentile" : {
            "1.000000" : 264192,
            "5.000000" : 407552,
            "10.000000" : 528384,
            "20.000000" : 741376,
            "30.000000" : 929792,
            "40.000000" : 1105920,
            "50.000000" : 1335296,
            "60.000000" : 1597440,
            "70.000000" : 1990656,
            "80.000000" : 2605056,
            "90.000000" : 3948544,
            "95.000000" : 5013504,
            "99.000000" : 154140672,
            "99.500000" : 193986560,
            "99.900000" : 229638144,
            "99.950000" : 240123904,
            "99.990000" : 256901120
          }
        },
        "lat_ns" : {
          "min" : 125827,
          "max" : 293009656,
          "mean" : 4637598.050766,
          "stddev" : 21447196.513197,
          "N" : 107115623
        },
        "bw_min" : 448,
        "bw_max" : 846705,
        "bw_agg" : 8.295744,
        "bw_mean" : 118458.898090,
        "bw_dev" : 2688.497390,
        "bw_samples" : 107115623,
        "iops_min" : 32,
        "iops_max" : 32,
        "iops_mean" : 32.000000,
        "iops_stddev" : 0.000000,
        "iops_samples" : 107115623
      },
      "write" : {
        "io_bytes" : 0,
        "io_kbytes" : 0,
        "bw_bytes" : 0,
        "bw" : 0,
        "iops" : 0.000000,
        "runtime" : 0,
        "total_ios" : 0,
        "short_ios" : 0,
        "drop_ios" : 0,
        "slat_ns" : {
          "min" : 0,
          "max" : 0,
          "mean" : 0.000000,
          "stddev" : 0.000000,
          "N" : 0
        },
        "clat_ns" : {
          "min" : 0,
          "max" : 0,
          "mean" : 0.000000,
          "stddev" : 0.000000,
          "N" : 0
        },
        "lat_ns" : {
          "min" : 0,
          "max" : 0,
          "mean" : 0.000000,
          "stddev" : 0.000000,
          "N" : 0
        },
        "bw_min" : 0,
        "bw_max" : 0,
        "bw_agg" : 0.000000,
        "bw_mean" : 0.000000,
        "bw_dev" : 0.000000,
        "bw_samples" : 0,
        "iops_min" : 0,
        "iops_max" : 0,
        "iops_mean" : 0.000000,
        "iops_stddev" : 0.000000,
        "iops_samples" : 0
      },
      "trim" : {
        "io_bytes" : 0,
        "io_kbytes" : 0,
        "bw_bytes" : 0,
        "bw" : 0,
        "iops" : 0.000000,
        "runtime" : 0,
        "total_ios" : 0,
        "short_ios" : 0,
        "drop_ios" : 0,
        "slat_ns" : {
          "min" : 0,
          "max" : 0,
          "mean" : 0.000000,
          "stddev" : 0.000000,
          "N" : 0
        },
        "clat_ns" : {
          "min" : 0,
          "max" : 0,
          "mean" : 0.000000,
          "stddev" : 0.000000,
          "N" : 0
        },
        "lat_ns" : {
          "min" : 0,
          "max" : 0,
          "mean" : 0.000000,
          "stddev" : 0.000000,
          "N" : 0
        },
        "bw_min" : 0,
        "bw_max" : 0,
        "bw_agg" : 0.000000,
        "bw_mean" : 0.000000,
        "bw_dev" : 0.000000,
        "bw_samples" : 0,
        "iops_min" : 0,
        "iops_max" : 0,
        "iops_mean" : 0.000000,
        "iops_stddev" : 0.000000,
        "iops_samples" : 0
      },
      "sync" : {
        "total_ios" : 0,
        "lat_ns" : {
          "min" : 0,
          "max" : 0,
          "mean" : 0.000000,
          "stddev" : 0.000000,
          "N" : 0
        }
      },
      "job_runtime" : 9601644,
      "usr_cpu" : 4.285974,
      "sys_cpu" : 2.834285,
      "ctx" : 55556009,
      "majf" : 0,
      "minf" : 4508467,
      "iodepth_level" : {
        "1" : 0.100000,
        "2" : 0.100000,
        "4" : 0.100000,
        "8" : 0.100000,
        "16" : 0.100000,
        "32" : 99.989205,
        ">=64" : 0.000000
      },
      "iodepth_submit" : {
        "0" : 0.000000,
        "4" : 100.000000,
        "8" : 0.000000,
        "16" : 0.000000,
        "32" : 0.000000,
        "64" : 0.000000,
        ">=64" : 0.000000
      },
      "iodepth_complete" : {
        "0" : 0.000000,
        "4" : 99.999985,
        "8" : 0.000000,
        "16" : 0.000000,
        "32" : 0.000000,
        "64" : 0.100000,
        ">=64" : 0.000000
      },
      "latency_ns" : {
        "2" : 0.000000,
        "4" : 0.000000,
        "10" : 0.000000,
        "20" : 0.000000,
        "50" : 0.000000,
        "100" : 0.000000,
        "250" : 0.000000,
        "500" : 0.000000,
        "750" : 0.000000,
        "1000" : 0.000000
      },
      "latency_us" : {
        "2" : 0.000000,
        "4" : 0.000000,
        "10" : 0.000000,
        "20" : 0.000000,
        "50" : 0.010000,
        "100" : 0.000000,
        "250" : 0.755023,
        "500" : 7.994986,
        "750" : 11.879060,
        "1000" : 13.404772
      },
      "latency_ms" : {
        "2" : 36.413828,
        "4" : 20.631582,
        "10" : 5.821212,
        "20" : 0.607453,
        "50" : 0.715039,
        "100" : 0.464997,
        "250" : 1.292466,
        "500" : 0.021105,
        "750" : 0.000000,
        "1000" : 0.000000,
        "2000" : 0.000000,
        ">=2000" : 0.000000
      },
      "latency_depth" : 52,
      "latency_target" : 0,
      "latency_percentile" : 100.000000,
      "latency_window" : 0
    }
  ],
  "disk_util" : [
    {
      "name" : "sda",
      "read_ios" : 17793,
      "write_ios" : 22579,
      "read_sectors" : 579936,
      "write_sectors" : 26419400,
      "read_merges" : 443,
      "write_merges" : 37263,
      "read_ticks" : 16700,
      "write_ticks" : 183614,
      "in_queue" : 201143,
      "util" : 7.429314
    }
  ]
}
