{
    "iodepth": [
        "1",
        "2",
        "4",
        "8",
        "16",
        "24",
        "32",
        "40",
        "52",
        "64"
    ],
    "iops": [
        55970.62298,
        171762.527458,
        250964.026787,
        340044.623036,
        358281.056253,
        381161.732551,
        340130.217412,
        368624.983756,
        356978.810693,
        370527.955692
    ],
    "total_ios": [
        2511122,
        51528930,
        75289459,
        102014067,
        107485750,
        114356143,
        102048929,
        110626938,
        107113991,
        111188770
    ],
    "clat_ms": [
        0.564129462023,
        0.368284444112,
        0.505644781004,
        0.7480199916600001,
        1.424322011153,
        2.006430294472,
        2.997003071344,
        3.454556485326,
        4.635469630674,
        5.4918113979820005
    ],
    "clat_stdev": [
        87.704009416519,
        0.26941265106900003,
        0.239924580917,
        0.38106995032900004,
        0.934893179366,
        6.3040536591,
        12.580057841371,
        16.523369545297,
        21.447195950014,
        31.189347465093
    ],
    "usr_cpu": [
        0.883973,
        2.552812,
        3.594042,
        4.858728,
        4.20179,
        4.997556,
        4.107453,
        4.830122,
        4.285974,
        4.91049
    ],
    "sys_cpu": [
        0.747266,
        2.17975,
        2.901844,
        3.520874,
        2.793815,
        3.280179,
        2.763453,
        3.352521,
        2.834285,
        3.381375
    ],
    "OSD_cpu": [
        1064.3066666666673,
        0.0,
        0.0,
        0.0,
        0.0,
        0.0,
        0.0,
        0.0,
        0.0,
        0.0
    ],
    "OSD_mem": [
        1343.9466666666744,
        0.0,
        0.0,
        0.0,
        0.0,
        0.0,
        0.0,
        0.0,
        0.0,
        0.0
    ],
    "FIO_cpu": [
        186.44666666666765,
        810.6166666666567,
        1455.76333333333,
        1887.4700000000073,
        1597.2333333333338,
        1860.1366666666747,
        1568.3700000000074,
        1830.6033333333326,
        1630.556666666664,
        1837.0000000000082
    ],
    "FIO_mem": [
        52.079999999994776,
        211.49999999997277,
        363.00000000000887,
        478.5000000000961,
        523.4999999999435,
        538.5000000000532,
        496.50000000001336,
        528.0000000000458,
        516.0000000000181,
        528.0000000000542
    ]
}