{
  "fio version" : "fio-3.39-26-ga72fe",
  "timestamp" : 1747738055,
  "timestamp_ms" : 1747738055343,
  "time" : "Tue May 20 10:47:35 2025",
  "global options" : {
    "ioengine" : "rbd",
    "bs" : "64k",
    "rw" : "read",
    "direct" : "1",
    "runtime" : "5m",
    "time_based" : "",
    "group_reporting" : "",
    "ramp_time" : "30s",
    "thread" : "1",
    "iodepth" : "128",
    "latency_target" : "10000",
    "latency_window" : "5m",
    "latency_percentile" : "99.9",
    "random_generator" : "lfsr",
    "clientname" : "admin",
    "pool" : "rbd"
  },
  "jobs" : [
    {
      "jobname" : "fio_test_0",
      "groupid" : 0,
      "job_start" : 1747737755203,
      "error" : 0,
      "eta" : 0,
      "elapsed" : 331,
      "job options" : {
        "max_latency" : "1s",
        "rbdname" : "fio_test_27"
      },
      "read" : {
        "io_bytes" : 1024077594624,
        "io_kbytes" : 1000075776,
        "bw_bytes" : 3413569224,
        "bw" : 3333563,
        "iops" : 52086.932754,
        "runtime" : 300002,
        "total_ios" : 15626184,
        "short_ios" : 0,
        "drop_ios" : 0,
        "slat_ns" : {
          "min" : 1243,
          "max" : 504054,
          "mean" : 3056.140788,
          "stddev" : 1040.025499,
          "N" : 15626184
        },
        "clat_ns" : {
          "min" : 193434,
          "max" : 6676920,
          "mean" : 533571.416617,
          "stddev" : 259285.358386,
          "N" : 15626184,
          "percentile" : {
            "1.000000" : 238592,
            "5.000000" : 276480,
            "10.000000" : 301056,
            "20.000000" : 342016,
            "30.000000" : 382976,
            "40.000000" : 419840,
            "50.000000" : 464896,
            "60.000000" : 514048,
            "70.000000" : 577536,
            "80.000000" : 675840,
            "90.000000" : 864256,
            "95.000000" : 1028096,
            "99.000000" : 1482752,
            "99.500000" : 1712128,
            "99.900000" : 2244608,
            "99.950000" : 2506752,
            "99.990000" : 3031040
          }
        },
        "lat_ns" : {
          "min" : 196341,
          "max" : 6680098,
          "mean" : 536627.557405,
          "stddev" : 259377.335648,
          "N" : 15626184
        },
        "bw_min" : 1352550,
        "bw_max" : 4159359,
        "bw_agg" : 100.000000,
        "bw_mean" : 3334956.511925,
        "bw_dev" : 15036.130178,
        "bw_samples" : 16779,
        "iops_min" : 21133,
        "iops_max" : 64988,
        "iops_mean" : 52107.854405,
        "iops_stddev" : 234.939402,
        "iops_samples" : 16779
      },
      "write" : {
        "io_bytes" : 0,
        "io_kbytes" : 0,
        "bw_bytes" : 0,
        "bw" : 0,
        "iops" : 0.000000,
        "runtime" : 0,
        "total_ios" : 0,
        "short_ios" : 0,
        "drop_ios" : 0,
        "slat_ns" : {
          "min" : 0,
          "max" : 0,
          "mean" : 0.000000,
          "stddev" : 0.000000,
          "N" : 0
        },
        "clat_ns" : {
          "min" : 0,
          "max" : 0,
          "mean" : 0.000000,
          "stddev" : 0.000000,
          "N" : 0
        },
        "lat_ns" : {
          "min" : 0,
          "max" : 0,
          "mean" : 0.000000,
          "stddev" : 0.000000,
          "N" : 0
        },
        "bw_min" : 0,
        "bw_max" : 0,
        "bw_agg" : 0.000000,
        "bw_mean" : 0.000000,
        "bw_dev" : 0.000000,
        "bw_samples" : 0,
        "iops_min" : 0,
        "iops_max" : 0,
        "iops_mean" : 0.000000,
        "iops_stddev" : 0.000000,
        "iops_samples" : 0
      },
      "trim" : {
        "io_bytes" : 0,
        "io_kbytes" : 0,
        "bw_bytes" : 0,
        "bw" : 0,
        "iops" : 0.000000,
        "runtime" : 0,
        "total_ios" : 0,
        "short_ios" : 0,
        "drop_ios" : 0,
        "slat_ns" : {
          "min" : 0,
          "max" : 0,
          "mean" : 0.000000,
          "stddev" : 0.000000,
          "N" : 0
        },
        "clat_ns" : {
          "min" : 0,
          "max" : 0,
          "mean" : 0.000000,
          "stddev" : 0.000000,
          "N" : 0
        },
        "lat_ns" : {
          "min" : 0,
          "max" : 0,
          "mean" : 0.000000,
          "stddev" : 0.000000,
          "N" : 0
        },
        "bw_min" : 0,
        "bw_max" : 0,
        "bw_agg" : 0.000000,
        "bw_mean" : 0.000000,
        "bw_dev" : 0.000000,
        "bw_samples" : 0,
        "iops_min" : 0,
        "iops_max" : 0,
        "iops_mean" : 0.000000,
        "iops_stddev" : 0.000000,
        "iops_samples" : 0
      },
      "sync" : {
        "total_ios" : 0,
        "lat_ns" : {
          "min" : 0,
          "max" : 0,
          "mean" : 0.000000,
          "stddev" : 0.000000,
          "N" : 0
        }
      },
      "job_runtime" : 8400002,
      "usr_cpu" : 0.869357,
      "sys_cpu" : 0.791131,
      "ctx" : 15626576,
      "majf" : 0,
      "minf" : 506,
      "iodepth_level" : {
        "1" : 100.000000,
        "2" : 0.000000,
        "4" : 0.000000,
        "8" : 0.000000,
        "16" : 0.000000,
        "32" : 0.000000,
        ">=64" : 0.000000
      },
      "iodepth_submit" : {
        "0" : 0.000000,
        "4" : 100.000000,
        "8" : 0.000000,
        "16" : 0.000000,
        "32" : 0.000000,
        "64" : 0.000000,
        ">=64" : 0.000000
      },
      "iodepth_complete" : {
        "0" : 0.000000,
        "4" : 100.000000,
        "8" : 0.000000,
        "16" : 0.000000,
        "32" : 0.000000,
        "64" : 0.000000,
        ">=64" : 0.000000
      },
      "latency_ns" : {
        "2" : 0.000000,
        "4" : 0.000000,
        "10" : 0.000000,
        "20" : 0.000000,
        "50" : 0.000000,
        "100" : 0.000000,
        "250" : 0.000000,
        "500" : 0.000000,
        "750" : 0.000000,
        "1000" : 0.000000
      },
      "latency_us" : {
        "2" : 0.000000,
        "4" : 0.000000,
        "10" : 0.000000,
        "20" : 0.000000,
        "50" : 0.000000,
        "100" : 0.000000,
        "250" : 2.153834,
        "500" : 55.200975,
        "750" : 27.617261,
        "1000" : 9.297369
      },
      "latency_ms" : {
        "2" : 5.523415,
        "4" : 0.206372,
        "10" : 0.010000,
        "20" : 0.000000,
        "50" : 0.000000,
        "100" : 0.000000,
        "250" : 0.000000,
        "500" : 0.000000,
        "750" : 0.000000,
        "1000" : 0.000000,
        "2000" : 0.000000,
        ">=2000" : 0.000000
      },
      "latency_depth" : 2,
      "latency_target" : 10000000,
      "latency_percentile" : 99.900000,
      "latency_window" : 300000000
    }
  ],
  "disk_util" : [
    {
      "name" : "sda",
      "read_ios" : 0,
      "write_ios" : 4205,
      "read_sectors" : 0,
      "write_sectors" : 140536,
      "read_merges" : 0,
      "write_merges" : 5213,
      "read_ticks" : 0,
      "write_ticks" : 1063,
      "in_queue" : 1108,
      "util" : 0.113649
    }
  ]
}
