{
    "FIO": {
        "ceph_timer": {
            "cpu": [
                0.0,
                0.0,
                0.0,
                0.0,
                0.0,
                0.0,
                0.0,
                0.0,
                0.0,
                0.0,
                0.0,
                0.0,
                0.0,
                0.0,
                0.0,
                0.0,
                0.0,
                0.0,
                0.0,
                0.0,
                0.0,
                0.0,
                0.0,
                0.0,
                0.0,
                0.0,
                0.0,
                0.0,
                0.0,
                0.0
            ],
            "mem": [
                2.800000000000001,
                2.800000000000001,
                2.800000000000001,
                2.800000000000001,
                2.800000000000001,
                2.800000000000001,
                2.800000000000001,
                2.800000000000001,
                2.800000000000001,
                2.800000000000001,
                2.800000000000001,
                2.800000000000001,
                2.800000000000001,
                2.800000000000001,
                2.800000000000001,
                2.800000000000001,
                2.800000000000001,
                2.800000000000001,
                2.800000000000001,
                2.800000000000001,
                2.800000000000001,
                2.800000000000001,
                2.800000000000001,
                2.800000000000001,
                2.800000000000001,
                2.800000000000001,
                2.800000000000001,
                2.800000000000001,
                2.800000000000001,
                2.800000000000001
            ]
        },
        "fio": {
            "cpu": [
                0.0,
                24.699999999999992,
                24.599999999999994,
                24.599999999999994,
                40.69999999999999,
                46.09999999999998,
                48.90000000000001,
                49.500000000000014,
                48.1,
                47.99999999999999,
                48.1,
                48.50000000000001,
                47.29999999999998,
                47.5,
                48.800000000000004,
                49.10000000000001,
                48.50000000000001,
                46.69999999999999,
                47.19999999999998,
                48.599999999999994,
                48.1,
                47.99999999999999,
                47.99999999999999,
                48.4,
                46.59999999999998,
                49.000000000000014,
                48.60000000000001,
                47.6,
                48.1,
                49.20000000000001
            ],
            "mem": [
                2.700000000000001,
                3.0000000000000013,
                3.0000000000000013,
                3.0000000000000013,
                3.0000000000000013,
                3.0000000000000013,
                3.0000000000000013,
                3.0000000000000013,
                3.0000000000000013,
                3.0000000000000013,
                3.0000000000000013,
                3.0000000000000013,
                3.0000000000000013,
                3.0000000000000013,
                3.0000000000000013,
                3.0000000000000013,
                3.0000000000000013,
                3.0000000000000013,
                3.0000000000000013,
                3.0000000000000013,
                3.0000000000000013,
                3.0000000000000013,
                3.0000000000000013,
                3.0000000000000013,
                3.0000000000000013,
                3.0000000000000013,
                3.0000000000000013,
                3.0000000000000013,
                3.0000000000000013,
                3.0000000000000013
            ]
        },
        "io_context_pool": {
            "cpu": [
                0.0,
                81.49999999999993,
                80.59999999999991,
                82.59999999999992,
                135.5999999999999,
                164.1999999999999,
                164.99999999999991,
                165.19999999999987,
                165.2999999999999,
                163.59999999999997,
                163.69999999999987,
                165.39999999999992,
                165.2999999999999,
                161.3,
                164.49999999999991,
                163.99999999999991,
                162.59999999999994,
                163.7999999999999,
                166.79999999999987,
                161.89999999999992,
                163.89999999999995,
                159.79999999999995,
                165.6999999999999,
                164.79999999999995,
                162.89999999999992,
                164.49999999999991,
                161.2999999999999,
                161.59999999999997,
                162.79999999999993,
                163.49999999999994
            ],
            "mem": [
                4.300000000000001,
                5.599999999999996,
                5.599999999999996,
                5.599999999999996,
                5.599999999999996,
                5.599999999999996,
                5.599999999999996,
                5.599999999999996,
                5.599999999999996,
                5.599999999999996,
                5.599999999999996,
                5.599999999999996,
                5.599999999999996,
                5.599999999999996,
                5.599999999999996,
                5.599999999999996,
                5.599999999999996,
                5.599999999999996,
                5.599999999999996,
                5.599999999999996,
                5.599999999999996,
                5.599999999999996,
                5.599999999999996,
                5.599999999999996,
                5.599999999999996,
                5.599999999999996,
                5.599999999999996,
                5.599999999999996,
                5.599999999999996,
                5.599999999999996
            ]
        },
        "log": {
            "cpu": [
                0.0,
                0.0,
                0.0,
                0.0,
                0.0,
                0.0,
                0.0,
                0.0,
                0.0,
                0.0,
                0.0,
                0.0,
                0.0,
                0.0,
                0.0,
                0.0,
                0.0,
                0.0,
                0.0,
                0.0,
                0.0,
                0.0,
                0.0,
                0.0,
                0.0,
                0.0,
                0.0,
                0.0,
                0.0,
                0.0
            ],
            "mem": [
                2.800000000000001,
                2.800000000000001,
                2.800000000000001,
                2.800000000000001,
                2.800000000000001,
                2.800000000000001,
                2.800000000000001,
                2.800000000000001,
                2.800000000000001,
                2.800000000000001,
                2.800000000000001,
                2.800000000000001,
                2.800000000000001,
                2.800000000000001,
                2.800000000000001,
                2.800000000000001,
                2.800000000000001,
                2.800000000000001,
                2.800000000000001,
                2.800000000000001,
                2.800000000000001,
                2.800000000000001,
                2.800000000000001,
                2.800000000000001,
                2.800000000000001,
                2.800000000000001,
                2.800000000000001,
                2.800000000000001,
                2.800000000000001,
                2.800000000000001
            ]
        },