{
    "iodepth": [
        "128"
    ],
    "bw": [
        3333.563
    ],
    "total_ios": [
        15626184
    ],
    "clat_ms": [
        0.533571416617
    ],
    "clat_stdev": [
        0.25928535838600003
    ],
    "usr_cpu": [
        0.869357
    ],
    "sys_cpu": [
        0.791131
    ],
    "OSD_cpu": [
        0.0
    ],
    "OSD_mem": [
        0.0
    ],
    "FIO_cpu": [
        476.41666666667174
    ],
    "FIO_mem": [
        37.97333333333531
    ]
}