{
  "fio version" : "fio-3.39-26-ga72fe",
  "timestamp" : 1747133878,
  "timestamp_ms" : 1747133878297,
  "time" : "Tue May 13 10:57:58 2025",
  "global options" : {
    "write_iops_log" : "sea_1osd_28reactor_32fio_bal_osd_rc_1procs_seqread",
    "write_bw_log" : "sea_1osd_28reactor_32fio_bal_osd_rc_1procs_seqread",
    "write_lat_log" : "sea_1osd_28reactor_32fio_bal_osd_rc_1procs_seqread",
    "ioengine" : "rbd",
    "bs" : "64k",
    "rw" : "read",
    "direct" : "1",
    "runtime" : "5m",
    "time_based" : "",
    "group_reporting" : "",
    "ramp_time" : "30s",
    "thread" : "1",
    "iodepth" : "4",
    "clientname" : "admin",
    "pool" : "rbd"
  },
  "jobs" : [
    {
      "jobname" : "fio_test_0",
      "groupid" : 0,
      "job_start" : 1747133808293,
      "error" : 110,
      "eta" : 0,
      "elapsed" : 101,
      "job options" : {
        "max_latency" : "1s",
        "numjobs" : "1",
        "rbdname" : "fio_test_31"
      },
      "read" : {
        "io_bytes" : 29605756928,
        "io_kbytes" : 28911872,
        "bw_bytes" : 423750564,
        "bw" : 413818,
        "iops" : 6464.532104,
        "runtime" : 69866,
        "total_ios" : 451651,
        "short_ios" : 0,
        "drop_ios" : 0,
        "slat_ns" : {
          "min" : 408,
          "max" : 50482,
          "mean" : 3390.380173,
          "stddev" : 2401.170035,
          "N" : 451652
        },
        "clat_ns" : {
          "min" : 197361,
          "max" : 54975965082,
          "mean" : 19722158.081034,
          "stddev" : 901861564.007087,
          "N" : 451747,
          "percentile" : {
            "1.000000" : 432128,
            "5.000000" : 643072,
            "10.000000" : 839680,
            "20.000000" : 1171456,
            "30.000000" : 2473984,
            "40.000000" : 3522560,
            "50.000000" : 4112384,
            "60.000000" : 4685824,
            "70.000000" : 5406720,
            "80.000000" : 6717440,
            "90.000000" : 8716288,
            "95.000000" : 10289152,
            "99.000000" : 15532032,
            "99.500000" : 18743296,
            "99.900000" : 38535168,
            "99.950000" : 137363456,
            "99.990000" : 17112760320
          }
        },
        "lat_ns" : {
          "min" : 199254,
          "max" : 54975967022,
          "mean" : 19725548.384994,
          "stddev" : 901861599.009473,
          "N" : 451747
        },
        "bw_min" : 32,
        "bw_max" : 7314344,
        "bw_agg" : 100.000000,
        "bw_mean" : 831432.713625,
        "bw_dev" : 30706.654194,
        "bw_samples" : 451747,
        "iops_min" : 32,
        "iops_max" : 32,
        "iops_mean" : 32.000000,
        "iops_stddev" : 0.000000,
        "iops_samples" : 451747
      },
      "write" : {
        "io_bytes" : 0,
        "io_kbytes" : 0,
        "bw_bytes" : 0,
        "bw" : 0,
        "iops" : 0.000000,
        "runtime" : 0,
        "total_ios" : 0,
        "short_ios" : 0,
        "drop_ios" : 0,
        "slat_ns" : {
          "min" : 0,
          "max" : 0,
          "mean" : 0.000000,
          "stddev" : 0.000000,
          "N" : 0
        },
        "clat_ns" : {
          "min" : 0,
          "max" : 0,
          "mean" : 0.000000,
          "stddev" : 0.000000,
          "N" : 0
        },
        "lat_ns" : {
          "min" : 0,
          "max" : 0,
          "mean" : 0.000000,
          "stddev" : 0.000000,
          "N" : 0
        },
        "bw_min" : 0,
        "bw_max" : 0,
        "bw_agg" : 0.000000,
        "bw_mean" : 0.000000,
        "bw_dev" : 0.000000,
        "bw_samples" : 0,
        "iops_min" : 0,
        "iops_max" : 0,
        "iops_mean" : 0.000000,
        "iops_stddev" : 0.000000,
        "iops_samples" : 0
      },
      "trim" : {
        "io_bytes" : 0,
        "io_kbytes" : 0,
        "bw_bytes" : 0,
        "bw" : 0,
        "iops" : 0.000000,
        "runtime" : 0,
        "total_ios" : 0,
        "short_ios" : 0,
        "drop_ios" : 0,
        "slat_ns" : {
          "min" : 0,
          "max" : 0,
          "mean" : 0.000000,
          "stddev" : 0.000000,
          "N" : 0
        },
        "clat_ns" : {
          "min" : 0,
          "max" : 0,
          "mean" : 0.000000,
          "stddev" : 0.000000,
          "N" : 0
        },
        "lat_ns" : {
          "min" : 0,
          "max" : 0,
          "mean" : 0.000000,
          "stddev" : 0.000000,
          "N" : 0
        },
        "bw_min" : 0,
        "bw_max" : 0,
        "bw_agg" : 0.000000,
        "bw_mean" : 0.000000,
        "bw_dev" : 0.000000,
        "bw_samples" : 0,
        "iops_min" : 0,
        "iops_max" : 0,
        "iops_mean" : 0.000000,
        "iops_stddev" : 0.000000,
        "iops_samples" : 0
      },
      "sync" : {
        "total_ios" : 0,
        "lat_ns" : {
          "min" : 0,
          "max" : 0,
          "mean" : 0.000000,
          "stddev" : 0.000000,
          "N" : 0
        }
      },
      "job_runtime" : 2228074,
      "usr_cpu" : 0.116244,
      "sys_cpu" : 0.100086,
      "ctx" : 451009,
      "majf" : 0,
      "minf" : 31282,
      "iodepth_level" : {
        "1" : 0.100000,
        "2" : 0.100000,
        "4" : 99.930920,
        "8" : 0.000000,
        "16" : 0.000000,
        "32" : 0.000000,
        ">=64" : 0.000000
      },
      "iodepth_submit" : {
        "0" : 0.000000,
        "4" : 100.000000,
        "8" : 0.000000,
        "16" : 0.000000,
        "32" : 0.000000,
        "64" : 0.000000,
        ">=64" : 0.000000
      },
      "iodepth_complete" : {
        "0" : 0.100000,
        "4" : 99.996458,
        "8" : 0.000000,
        "16" : 0.000000,
        "32" : 0.000000,
        "64" : 0.000000,
        ">=64" : 0.000000
      },
      "latency_ns" : {
        "2" : 0.000000,
        "4" : 0.000000,
        "10" : 0.000000,
        "20" : 0.000000,
        "50" : 0.000000,
        "100" : 0.000000,
        "250" : 0.000000,
        "500" : 0.000000,
        "750" : 0.000000,
        "1000" : 0.000000
      },
      "latency_us" : {
        "2" : 0.000000,
        "4" : 0.000000,
        "10" : 0.000000,
        "20" : 0.000000,
        "50" : 0.000000,
        "100" : 0.000000,
        "250" : 0.027012,
        "500" : 1.918074,
        "750" : 5.720567,
        "1000" : 7.544321
      },
      "latency_ms" : {
        "2" : 12.594680,
        "4" : 20.414214,
        "10" : 46.024475,
        "20" : 5.387124,
        "50" : 0.301339,
        "100" : 0.012620,
        "250" : 0.048489,
        "500" : 0.000000,
        "750" : 0.000000,
        "1000" : 0.000000,
        "2000" : 0.000000,
        ">=2000" : 0.028340
      },
      "latency_depth" : 4,
      "latency_target" : 0,
      "latency_percentile" : 100.000000,
      "latency_window" : 0
    }
  ],
  "disk_util" : [
    {
      "name" : "sda",
      "read_ios" : 12,
      "write_ios" : 2782,
      "read_sectors" : 112,
      "write_sectors" : 310840,
      "read_merges" : 0,
      "write_merges" : 3584,
      "read_ticks" : 3,
      "write_ticks" : 2527,
      "in_queue" : 2559,
      "util" : 0.445910
    }
  ]
}
