{
  "fio version" : "fio-3.39-26-ga72fe",
  "timestamp" : 1747134865,
  "timestamp_ms" : 1747134865621,
  "time" : "Tue May 13 11:14:25 2025",
  "global options" : {
    "write_iops_log" : "sea_1osd_28reactor_32fio_bal_osd_rc_1procs_seqread",
    "write_bw_log" : "sea_1osd_28reactor_32fio_bal_osd_rc_1procs_seqread",
    "write_lat_log" : "sea_1osd_28reactor_32fio_bal_osd_rc_1procs_seqread",
    "ioengine" : "rbd",
    "bs" : "64k",
    "rw" : "read",
    "direct" : "1",
    "runtime" : "5m",
    "time_based" : "",
    "group_reporting" : "",
    "ramp_time" : "30s",
    "thread" : "1",
    "iodepth" : "40",
    "clientname" : "admin",
    "pool" : "rbd"
  },
  "jobs" : [
    {
      "jobname" : "fio_test_0",
      "groupid" : 0,
      "job_start" : 1747134794799,
      "error" : 110,
      "eta" : 0,
      "elapsed" : 101,
      "job options" : {
        "max_latency" : "1s",
        "numjobs" : "1",
        "rbdname" : "fio_test_31"
      },
      "read" : {
        "io_bytes" : 55978360832,
        "io_kbytes" : 54666368,
        "bw_bytes" : 793760345,
        "bw" : 775156,
        "iops" : 12094.125321,
        "runtime" : 70523,
        "total_ios" : 852914,
        "short_ios" : 0,
        "drop_ios" : 0,
        "slat_ns" : {
          "min" : 344,
          "max" : 43128,
          "mean" : 2894.874146,
          "stddev" : 1787.419449,
          "N" : 852914
        },
        "clat_ns" : {
          "min" : 196683,
          "max" : 50433953452,
          "mean" : 105206323.285268,
          "stddev" : 1883882174.911613,
          "N" : 854162,
          "percentile" : {
            "1.000000" : 522240,
            "5.000000" : 1044480,
            "10.000000" : 1712128,
            "20.000000" : 3162112,
            "30.000000" : 5013504,
            "40.000000" : 8159232,
            "50.000000" : 15138816,
            "60.000000" : 25821184,
            "70.000000" : 39059456,
            "80.000000" : 55312384,
            "90.000000" : 84410368,
            "95.000000" : 113770496,
            "99.000000" : 191889408,
            "99.500000" : 250609664,
            "99.900000" : 17112760320,
            "99.950000" : 17112760320,
            "99.990000" : 17112760320
          }
        },
        "lat_ns" : {
          "min" : 199570,
          "max" : 50433955648,
          "mean" : 105209218.686763,
          "stddev" : 1883882250.543493,
          "N" : 854162
        },
        "bw_min" : 32,
        "bw_max" : 7792819,
        "bw_agg" : 51.387682,
        "bw_mean" : 398335.565404,
        "bw_dev" : 24333.207579,
        "bw_samples" : 854162,
        "iops_min" : 32,
        "iops_max" : 32,
        "iops_mean" : 32.000000,
        "iops_stddev" : 0.000000,
        "iops_samples" : 854162
      },
      "write" : {
        "io_bytes" : 0,
        "io_kbytes" : 0,
        "bw_bytes" : 0,
        "bw" : 0,
        "iops" : 0.000000,
        "runtime" : 0,
        "total_ios" : 0,
        "short_ios" : 0,
        "drop_ios" : 0,
        "slat_ns" : {
          "min" : 0,
          "max" : 0,
          "mean" : 0.000000,
          "stddev" : 0.000000,
          "N" : 0
        },
        "clat_ns" : {
          "min" : 0,
          "max" : 0,
          "mean" : 0.000000,
          "stddev" : 0.000000,
          "N" : 0
        },
        "lat_ns" : {
          "min" : 0,
          "max" : 0,
          "mean" : 0.000000,
          "stddev" : 0.000000,
          "N" : 0
        },
        "bw_min" : 0,
        "bw_max" : 0,
        "bw_agg" : 0.000000,
        "bw_mean" : 0.000000,
        "bw_dev" : 0.000000,
        "bw_samples" : 0,
        "iops_min" : 0,
        "iops_max" : 0,
        "iops_mean" : 0.000000,
        "iops_stddev" : 0.000000,
        "iops_samples" : 0
      },
      "trim" : {
        "io_bytes" : 0,
        "io_kbytes" : 0,
        "bw_bytes" : 0,
        "bw" : 0,
        "iops" : 0.000000,
        "runtime" : 0,
        "total_ios" : 0,
        "short_ios" : 0,
        "drop_ios" : 0,
        "slat_ns" : {
          "min" : 0,
          "max" : 0,
          "mean" : 0.000000,
          "stddev" : 0.000000,
          "N" : 0
        },
        "clat_ns" : {
          "min" : 0,
          "max" : 0,
          "mean" : 0.000000,
          "stddev" : 0.000000,
          "N" : 0
        },
        "lat_ns" : {
          "min" : 0,
          "max" : 0,
          "mean" : 0.000000,
          "stddev" : 0.000000,
          "N" : 0
        },
        "bw_min" : 0,
        "bw_max" : 0,
        "bw_agg" : 0.000000,
        "bw_mean" : 0.000000,
        "bw_dev" : 0.000000,
        "bw_samples" : 0,
        "iops_min" : 0,
        "iops_max" : 0,
        "iops_mean" : 0.000000,
        "iops_stddev" : 0.000000,
        "iops_samples" : 0
      },
      "sync" : {
        "total_ios" : 0,
        "lat_ns" : {
          "min" : 0,
          "max" : 0,
          "mean" : 0.000000,
          "stddev" : 0.000000,
          "N" : 0
        }
      },
      "job_runtime" : 2249744,
      "usr_cpu" : 0.182110,
      "sys_cpu" : 0.163930,
      "ctx" : 852072,
      "majf" : 0,
      "minf" : 62910,
      "iodepth_level" : {
        "1" : 0.100000,
        "2" : 0.100000,
        "4" : 0.100000,
        "8" : 0.122873,
        "16" : 0.245746,
        "32" : 99.523868,
        ">=64" : 0.000000
      },
      "iodepth_submit" : {
        "0" : 0.000000,
        "4" : 100.000000,
        "8" : 0.000000,
        "16" : 0.000000,
        "32" : 0.000000,
        "64" : 0.000000,
        ">=64" : 0.000000
      },
      "iodepth_complete" : {
        "0" : 0.100000,
        "4" : 99.996248,
        "8" : 0.000000,
        "16" : 0.000000,
        "32" : 0.000000,
        "64" : 0.100000,
        ">=64" : 0.000000
      },
      "latency_ns" : {
        "2" : 0.000000,
        "4" : 0.000000,
        "10" : 0.000000,
        "20" : 0.000000,
        "50" : 0.000000,
        "100" : 0.000000,
        "250" : 0.000000,
        "500" : 0.000000,
        "750" : 0.000000,
        "1000" : 0.000000
      },
      "latency_us" : {
        "2" : 0.000000,
        "4" : 0.000000,
        "10" : 0.000000,
        "20" : 0.000000,
        "50" : 0.000000,
        "100" : 0.000000,
        "250" : 0.017235,
        "500" : 0.862807,
        "750" : 1.708965,
        "1000" : 1.964676
      },
      "latency_ms" : {
        "2" : 7.480590,
        "4" : 12.878672,
        "10" : 18.647718,
        "20" : 11.479586,
        "50" : 22.134354,
        "100" : 16.055663,
        "250" : 6.415301,
        "500" : 0.288423,
        "750" : 0.062257,
        "1000" : 0.000000,
        "2000" : 0.000000,
        ">=2000" : 0.150074
      },
      "latency_depth" : 40,
      "latency_target" : 0,
      "latency_percentile" : 100.000000,
      "latency_window" : 0
    }
  ],
  "disk_util" : [
    {
      "name" : "sda",
      "read_ios" : 12,
      "write_ios" : 2886,
      "read_sectors" : 112,
      "write_sectors" : 442152,
      "read_merges" : 0,
      "write_merges" : 3683,
      "read_ticks" : 3,
      "write_ticks" : 2671,
      "in_queue" : 2707,
      "util" : 0.539719
    }
  ]
}
