{
  "fio version" : "fio-3.39-26-ga72fe",
  "timestamp" : 1747133469,
  "timestamp_ms" : 1747133469601,
  "time" : "Tue May 13 10:51:09 2025",
  "global options" : {
    "write_iops_log" : "sea_1osd_28reactor_32fio_bal_osd_rc_1procs_seqread",
    "write_bw_log" : "sea_1osd_28reactor_32fio_bal_osd_rc_1procs_seqread",
    "write_lat_log" : "sea_1osd_28reactor_32fio_bal_osd_rc_1procs_seqread",
    "ioengine" : "rbd",
    "bs" : "64k",
    "rw" : "read",
    "direct" : "1",
    "runtime" : "5m",
    "time_based" : "",
    "group_reporting" : "",
    "ramp_time" : "30s",
    "thread" : "1",
    "iodepth" : "1",
    "clientname" : "admin",
    "pool" : "rbd"
  },
  "jobs" : [
    {
      "jobname" : "fio_test_0",
      "groupid" : 0,
      "job_start" : 1747133424599,
      "error" : 110,
      "eta" : 0,
      "elapsed" : 76,
      "job options" : {
        "max_latency" : "1s",
        "numjobs" : "1",
        "rbdname" : "fio_test_31"
      },
      "read" : {
        "io_bytes" : 8121090048,
        "io_kbytes" : 7930752,
        "bw_bytes" : 180999599,
        "bw" : 176757,
        "iops" : 2761.834715,
        "runtime" : 44868,
        "total_ios" : 123918,
        "short_ios" : 0,
        "drop_ios" : 0,
        "slat_ns" : {
          "min" : 1431,
          "max" : 44416,
          "mean" : 3818.282477,
          "stddev" : 2771.634314,
          "N" : 123918
        },
        "clat_ns" : {
          "min" : 304294,
          "max" : 40429701839,
          "mean" : 11519898.011621,
          "stddev" : 623371065.027896,
          "N" : 123918,
          "percentile" : {
            "1.000000" : 485376,
            "5.000000" : 626688,
            "10.000000" : 733184,
            "20.000000" : 872448,
            "30.000000" : 995328,
            "40.000000" : 1105920,
            "50.000000" : 1236992,
            "60.000000" : 1384448,
            "70.000000" : 1581056,
            "80.000000" : 1875968,
            "90.000000" : 2342912,
            "95.000000" : 2736128,
            "99.000000" : 3719168,
            "99.500000" : 4292608,
            "99.900000" : 11993088,
            "99.950000" : 166723584,
            "99.990000" : 17112760320
          }
        },
        "lat_ns" : {
          "min" : 306891,
          "max" : 40429703859,
          "mean" : 11523716.294098,
          "stddev" : 623371114.781918,
          "N" : 123918
        },
        "bw_min" : 32,
        "bw_max" : 4919149,
        "bw_agg" : 100.000000,
        "bw_mean" : 1694859.826391,
        "bw_dev" : 21498.546532,
        "bw_samples" : 123918,
        "iops_min" : 32,
        "iops_max" : 32,
        "iops_mean" : 32.000000,
        "iops_stddev" : 0.000000,
        "iops_samples" : 123918
      },
      "write" : {
        "io_bytes" : 0,
        "io_kbytes" : 0,
        "bw_bytes" : 0,
        "bw" : 0,
        "iops" : 0.000000,
        "runtime" : 0,
        "total_ios" : 0,
        "short_ios" : 0,
        "drop_ios" : 0,
        "slat_ns" : {
          "min" : 0,
          "max" : 0,
          "mean" : 0.000000,
          "stddev" : 0.000000,
          "N" : 0
        },
        "clat_ns" : {
          "min" : 0,
          "max" : 0,
          "mean" : 0.000000,
          "stddev" : 0.000000,
          "N" : 0
        },
        "lat_ns" : {
          "min" : 0,
          "max" : 0,
          "mean" : 0.000000,
          "stddev" : 0.000000,
          "N" : 0
        },
        "bw_min" : 0,
        "bw_max" : 0,
        "bw_agg" : 0.000000,
        "bw_mean" : 0.000000,
        "bw_dev" : 0.000000,
        "bw_samples" : 0,
        "iops_min" : 0,
        "iops_max" : 0,
        "iops_mean" : 0.000000,
        "iops_stddev" : 0.000000,
        "iops_samples" : 0
      },
      "trim" : {
        "io_bytes" : 0,
        "io_kbytes" : 0,
        "bw_bytes" : 0,
        "bw" : 0,
        "iops" : 0.000000,
        "runtime" : 0,
        "total_ios" : 0,
        "short_ios" : 0,
        "drop_ios" : 0,
        "slat_ns" : {
          "min" : 0,
          "max" : 0,
          "mean" : 0.000000,
          "stddev" : 0.000000,
          "N" : 0
        },
        "clat_ns" : {
          "min" : 0,
          "max" : 0,
          "mean" : 0.000000,
          "stddev" : 0.000000,
          "N" : 0
        },
        "lat_ns" : {
          "min" : 0,
          "max" : 0,
          "mean" : 0.000000,
          "stddev" : 0.000000,
          "N" : 0
        },
        "bw_min" : 0,
        "bw_max" : 0,
        "bw_agg" : 0.000000,
        "bw_mean" : 0.000000,
        "bw_dev" : 0.000000,
        "bw_samples" : 0,
        "iops_min" : 0,
        "iops_max" : 0,
        "iops_mean" : 0.000000,
        "iops_stddev" : 0.000000,
        "iops_samples" : 0
      },
      "sync" : {
        "total_ios" : 0,
        "lat_ns" : {
          "min" : 0,
          "max" : 0,
          "mean" : 0.000000,
          "stddev" : 0.000000,
          "N" : 0
        }
      },
      "job_runtime" : 1428198,
      "usr_cpu" : 0.056085,
      "sys_cpu" : 0.048103,
      "ctx" : 123945,
      "majf" : 0,
      "minf" : 7674,
      "iodepth_level" : {
        "1" : 100.000000,
        "2" : 0.000000,
        "4" : 0.000000,
        "8" : 0.000000,
        "16" : 0.000000,
        "32" : 0.000000,
        ">=64" : 0.000000
      },
      "iodepth_submit" : {
        "0" : 0.000000,
        "4" : 100.000000,
        "8" : 0.000000,
        "16" : 0.000000,
        "32" : 0.000000,
        "64" : 0.000000,
        ">=64" : 0.000000
      },
      "iodepth_complete" : {
        "0" : 0.100000,
        "4" : 99.987090,
        "8" : 0.000000,
        "16" : 0.000000,
        "32" : 0.000000,
        "64" : 0.000000,
        ">=64" : 0.000000
      },
      "latency_ns" : {
        "2" : 0.000000,
        "4" : 0.000000,
        "10" : 0.000000,
        "20" : 0.000000,
        "50" : 0.000000,
        "100" : 0.000000,
        "250" : 0.000000,
        "500" : 0.000000,
        "750" : 0.000000,
        "1000" : 0.000000
      },
      "latency_us" : {
        "2" : 0.000000,
        "4" : 0.000000,
        "10" : 0.000000,
        "20" : 0.000000,
        "50" : 0.000000,
        "100" : 0.000000,
        "250" : 0.000000,
        "500" : 1.308123,
        "750" : 9.720944,
        "1000" : 19.631531
      },
      "latency_ms" : {
        "2" : 52.206298,
        "4" : 16.436676,
        "10" : 0.585871,
        "20" : 0.014526,
        "50" : 0.000000,
        "100" : 0.020982,
        "250" : 0.049226,
        "500" : 0.000000,
        "750" : 0.000000,
        "1000" : 0.000000,
        "2000" : 0.000000,
        ">=2000" : 0.025824
      },
      "latency_depth" : 1,
      "latency_target" : 0,
      "latency_percentile" : 100.000000,
      "latency_window" : 0
    }
  ],
  "disk_util" : [
    {
      "name" : "sda",
      "read_ios" : 10,
      "write_ios" : 1982,
      "read_sectors" : 96,
      "write_sectors" : 253520,
      "read_merges" : 0,
      "write_merges" : 2677,
      "read_ticks" : 4,
      "write_ticks" : 2448,
      "in_queue" : 2477,
      "util" : 0.473186
    }
  ]
}
