{
  "fio version" : "fio-3.39-26-ga72fe",
  "timestamp" : 1747135090,
  "timestamp_ms" : 1747135090139,
  "time" : "Tue May 13 11:18:10 2025",
  "global options" : {
    "write_iops_log" : "sea_1osd_28reactor_32fio_bal_osd_rc_1procs_seqread",
    "write_bw_log" : "sea_1osd_28reactor_32fio_bal_osd_rc_1procs_seqread",
    "write_lat_log" : "sea_1osd_28reactor_32fio_bal_osd_rc_1procs_seqread",
    "ioengine" : "rbd",
    "bs" : "64k",
    "rw" : "read",
    "direct" : "1",
    "runtime" : "5m",
    "time_based" : "",
    "group_reporting" : "",
    "ramp_time" : "30s",
    "thread" : "1",
    "iodepth" : "52",
    "clientname" : "admin",
    "pool" : "rbd"
  },
  "jobs" : [
    {
      "jobname" : "fio_test_0",
      "groupid" : 0,
      "job_start" : 1747134999002,
      "error" : 110,
      "eta" : 0,
      "elapsed" : 122,
      "job options" : {
        "max_latency" : "1s",
        "numjobs" : "1",
        "rbdname" : "fio_test_31"
      },
      "read" : {
        "io_bytes" : 135330463744,
        "io_kbytes" : 132158656,
        "bw_bytes" : 1490243073,
        "bw" : 1455315,
        "iops" : 22721.333319,
        "runtime" : 90811,
        "total_ios" : 2063347,
        "short_ios" : 0,
        "drop_ios" : 0,
        "slat_ns" : {
          "min" : 399,
          "max" : 76759,
          "mean" : 2751.500003,
          "stddev" : 1520.860981,
          "N" : 2063347
        },
        "clat_ns" : {
          "min" : 195801,
          "max" : 44873246594,
          "mean" : 72698771.466970,
          "stddev" : 1246428798.040450,
          "N" : 2064979,
          "percentile" : {
            "1.000000" : 569344,
            "5.000000" : 1171456,
            "10.000000" : 1974272,
            "20.000000" : 3457024,
            "30.000000" : 5341184,
            "40.000000" : 7766016,
            "50.000000" : 12910592,
            "60.000000" : 23461888,
            "70.000000" : 40632320,
            "80.000000" : 64225280,
            "90.000000" : 105381888,
            "95.000000" : 147849216,
            "99.000000" : 254803968,
            "99.500000" : 312475648,
            "99.900000" : 522190848,
            "99.950000" : 17112760320,
            "99.990000" : 17112760320
          }
        },
        "lat_ns" : {
          "min" : 197724,
          "max" : 44873249377,
          "mean" : 72701523.223444,
          "stddev" : 1246428856.934246,
          "N" : 2064979
        },
        "bw_min" : 32,
        "bw_max" : 8697216,
        "bw_agg" : 25.987423,
        "bw_mean" : 378199.933912,
        "bw_dev" : 22404.974548,
        "bw_samples" : 2064979,
        "iops_min" : 32,
        "iops_max" : 32,
        "iops_mean" : 32.000000,
        "iops_stddev" : 0.000000,
        "iops_samples" : 2064979
      },
      "write" : {
        "io_bytes" : 0,
        "io_kbytes" : 0,
        "bw_bytes" : 0,
        "bw" : 0,
        "iops" : 0.000000,
        "runtime" : 0,
        "total_ios" : 0,
        "short_ios" : 0,
        "drop_ios" : 0,
        "slat_ns" : {
          "min" : 0,
          "max" : 0,
          "mean" : 0.000000,
          "stddev" : 0.000000,
          "N" : 0
        },
        "clat_ns" : {
          "min" : 0,
          "max" : 0,
          "mean" : 0.000000,
          "stddev" : 0.000000,
          "N" : 0
        },
        "lat_ns" : {
          "min" : 0,
          "max" : 0,
          "mean" : 0.000000,
          "stddev" : 0.000000,
          "N" : 0
        },
        "bw_min" : 0,
        "bw_max" : 0,
        "bw_agg" : 0.000000,
        "bw_mean" : 0.000000,
        "bw_dev" : 0.000000,
        "bw_samples" : 0,
        "iops_min" : 0,
        "iops_max" : 0,
        "iops_mean" : 0.000000,
        "iops_stddev" : 0.000000,
        "iops_samples" : 0
      },
      "trim" : {
        "io_bytes" : 0,
        "io_kbytes" : 0,
        "bw_bytes" : 0,
        "bw" : 0,
        "iops" : 0.000000,
        "runtime" : 0,
        "total_ios" : 0,
        "short_ios" : 0,
        "drop_ios" : 0,
        "slat_ns" : {
          "min" : 0,
          "max" : 0,
          "mean" : 0.000000,
          "stddev" : 0.000000,
          "N" : 0
        },
        "clat_ns" : {
          "min" : 0,
          "max" : 0,
          "mean" : 0.000000,
          "stddev" : 0.000000,
          "N" : 0
        },
        "lat_ns" : {
          "min" : 0,
          "max" : 0,
          "mean" : 0.000000,
          "stddev" : 0.000000,
          "N" : 0
        },
        "bw_min" : 0,
        "bw_max" : 0,
        "bw_agg" : 0.000000,
        "bw_mean" : 0.000000,
        "bw_dev" : 0.000000,
        "bw_samples" : 0,
        "iops_min" : 0,
        "iops_max" : 0,
        "iops_mean" : 0.000000,
        "iops_stddev" : 0.000000,
        "iops_samples" : 0
      },
      "sync" : {
        "total_ios" : 0,
        "lat_ns" : {
          "min" : 0,
          "max" : 0,
          "mean" : 0.000000,
          "stddev" : 0.000000,
          "N" : 0
        }
      },
      "job_runtime" : 2893789,
      "usr_cpu" : 0.322622,
      "sys_cpu" : 0.296946,
      "ctx" : 2061081,
      "majf" : 0,
      "minf" : 152419,
      "iodepth_level" : {
        "1" : 0.100000,
        "2" : 0.100000,
        "4" : 0.100000,
        "8" : 0.100000,
        "16" : 0.135702,
        "32" : 99.737078,
        ">=64" : 0.000000
      },
      "iodepth_submit" : {
        "0" : 0.000000,
        "4" : 100.000000,
        "8" : 0.000000,
        "16" : 0.000000,
        "32" : 0.000000,
        "64" : 0.000000,
        ">=64" : 0.000000
      },
      "iodepth_complete" : {
        "0" : 0.100000,
        "4" : 99.998449,
        "8" : 0.000000,
        "16" : 0.000000,
        "32" : 0.000000,
        "64" : 0.100000,
        ">=64" : 0.000000
      },
      "latency_ns" : {
        "2" : 0.000000,
        "4" : 0.000000,
        "10" : 0.000000,
        "20" : 0.000000,
        "50" : 0.000000,
        "100" : 0.000000,
        "250" : 0.000000,
        "500" : 0.000000,
        "750" : 0.000000,
        "1000" : 0.000000
      },
      "latency_us" : {
        "2" : 0.000000,
        "4" : 0.000000,
        "10" : 0.000000,
        "20" : 0.000000,
        "50" : 0.000000,
        "100" : 0.000000,
        "250" : 0.013182,
        "500" : 0.667265,
        "750" : 1.371413,
        "1000" : 1.658277
      },
      "latency_ms" : {
        "2" : 6.618712,
        "4" : 12.953274,
        "10" : 22.131614,
        "20" : 11.970018,
        "50" : 16.996414,
        "100" : 14.826978,
        "250" : 9.818998,
        "500" : 0.945696,
        "750" : 0.026607,
        "1000" : 0.000000,
        "2000" : 0.000000,
        ">=2000" : 0.080646
      },
      "latency_depth" : 52,
      "latency_target" : 0,
      "latency_percentile" : 100.000000,
      "latency_window" : 0
    }
  ],
  "disk_util" : [
    {
      "name" : "sda",
      "read_ios" : 12,
      "write_ios" : 3666,
      "read_sectors" : 112,
      "write_sectors" : 739744,
      "read_merges" : 0,
      "write_merges" : 4474,
      "read_ticks" : 2,
      "write_ticks" : 5324,
      "in_queue" : 5369,
      "util" : 0.691389
    }
  ]
}
