{
    "iodepth": [
        "1",
        "2",
        "4",
        "8",
        "16",
        "24",
        "32",
        "40",
        "52",
        "64"
    ],
    "bw": [
        176.757,
        11.583,
        413.818,
        49.716,
        205.822,
        24.795,
        45.892,
        775.156,
        1455.315,
        1497.579
    ],
    "total_ios": [
        123918,
        7183,
        451651,
        42396,
        127744,
        12775,
        34797,
        852914,
        2063347,
        2109407
    ],
    "clat_ms": [
        11.519898011621,
        313.318891984893,
        19.722158081034,
        316.168581041952,
        158.19759223919098,
        1971.7331159851228,
        1413.6897986487752,
        105.206323285268,
        72.69877146697,
        82.74750356610299
    ],
    "clat_stdev": [
        623.3710650278961,
        3461.301321999653,
        901.8615640070869,
        4025.283076755794,
        2136.506308606362,
        7829.849384510621,
        8086.522422810299,
        1883.882174911613,
        1246.4287980404501,
        1307.896430289097
    ],
    "usr_cpu": [
        0.056085,
        0.004543,
        0.116244,
        0.027207,
        0.057807,
        0.008658,
        0.01692,
        0.18211,
        0.322622,
        0.340241
    ],
    "sys_cpu": [
        0.048103,
        0.003938,
        0.100086,
        0.027124,
        0.051892,
        0.0067,
        0.016839,
        0.16393,
        0.296946,
        0.318395
    ],
    "OSD_cpu": [
        0.0,
        0.0,
        0.0,
        0.0,
        0.0,
        0.0,
        0.0,
        0.0,
        0.0,
        0.0
    ],
    "OSD_mem": [
        0.0,
        0.0,
        0.0,
        0.0,
        0.0,
        0.0,
        0.0,
        0.0,
        0.0,
        0.0
    ],
    "FIO_cpu": [
        19.32999999999998,
        8.766666666666675,
        64.48666666666657,
        13.670000000000012,
        28.509999999999955,
        9.126666666666674,
        15.400000000000007,
        110.62333333333358,
        237.54333333333508,
        241.70000000000198
    ],
    "FIO_mem": [
        20.580000000002393,
        0.0,
        34.50000000000514,
        28.500000000004196,
        21.00000000000249,
        18.00000000000181,
        25.500000000003514,
        36.00000000000377,
        73.50000000000746,
        74.08000000000742
    ]
}