{
  "fio version" : "fio-3.39-26-ga72fe",
  "timestamp" : 1755335483,
  "timestamp_ms" : 1755335483890,
  "time" : "Sat Aug 16 09:11:23 2025",
  "global options" : {
    "write_iops_log" : "sea_1osd_4reactor_32fio_bal_osd_rc_1procs_randread_zoned",
    "write_bw_log" : "sea_1osd_4reactor_32fio_bal_osd_rc_1procs_randread_zoned",
    "write_lat_log" : "sea_1osd_4reactor_32fio_bal_osd_rc_1procs_randread_zoned",
    "write_hist_log" : "sea_1osd_4reactor_32fio_bal_osd_rc_1procs_randread_zoned",
    "ioengine" : "rbd",
    "bs" : "4k",
    "rw" : "randread",
    "random_distribution" : "zoned:60/10:30/20:8/30:2/40",
    "direct" : "1",
    "runtime" : "5m",
    "time_based" : "",
    "group_reporting" : "",
    "numjobs" : "1",
    "ramp_time" : "30s",
    "thread" : "1",
    "iodepth" : "16",
    "clientname" : "admin",
    "pool" : "rbd"
  },
  "jobs" : [
    {
      "jobname" : "fio_test_0",
      "groupid" : 0,
      "job_start" : 1755335170390,
      "error" : 0,
      "eta" : 0,
      "elapsed" : 344,
      "job options" : {
        "max_latency" : "1s",
        "rbdname" : "fio_test_0"
      },
      "read" : {
        "io_bytes" : 32761909248,
        "io_kbytes" : 31994052,
        "bw_bytes" : 109206000,
        "bw" : 106646,
        "iops" : 26661.571128,
        "runtime" : 300001,
        "total_ios" : 7998498,
        "short_ios" : 0,
        "drop_ios" : 0,
        "slat_ns" : {
          "min" : 337,
          "max" : 109239,
          "mean" : 2550.930935,
          "stddev" : 1640.149547,
          "N" : 7998498
        },
        "clat_ns" : {
          "min" : 98028,
          "max" : 3644606,
          "mean" : 595927.794444,
          "stddev" : 230457.744524,
          "N" : 7998513,
          "percentile" : {
            "1.000000" : 168960,
            "5.000000" : 252928,
            "10.000000" : 317440,
            "20.000000" : 395264,
            "30.000000" : 456704,
            "40.000000" : 514048,
            "50.000000" : 577536,
            "60.000000" : 643072,
            "70.000000" : 716800,
            "80.000000" : 798720,
            "90.000000" : 897024,
            "95.000000" : 970752,
            "99.000000" : 1187840,
            "99.500000" : 1318912,
            "99.900000" : 1777664,
            "99.950000" : 1859584,
            "99.990000" : 2023424
          }
        },
        "lat_ns" : {
          "min" : 99806,
          "max" : 3648417,
          "mean" : 598478.723165,
          "stddev" : 230739.478295,
          "N" : 7998513
        },
        "bw_min" : 1123,
        "bw_max" : 41783,
        "bw_agg" : 7.684266,
        "bw_mean" : 8195.771478,
        "bw_dev" : 4065.512403,
        "bw_samples" : 7998513,
        "iops_min" : 1,
        "iops_max" : 1,
        "iops_mean" : 1.000000,
        "iops_stddev" : 0.000000,
        "iops_samples" : 7998513
      },
      "write" : {
        "io_bytes" : 0,
        "io_kbytes" : 0,
        "bw_bytes" : 0,
        "bw" : 0,
        "iops" : 0.000000,
        "runtime" : 0,
        "total_ios" : 0,
        "short_ios" : 0,
        "drop_ios" : 0,
        "slat_ns" : {
          "min" : 0,
          "max" : 0,
          "mean" : 0.000000,
          "stddev" : 0.000000,
          "N" : 0
        },
        "clat_ns" : {
          "min" : 0,
          "max" : 0,
          "mean" : 0.000000,
          "stddev" : 0.000000,
          "N" : 0
        },
        "lat_ns" : {
          "min" : 0,
          "max" : 0,
          "mean" : 0.000000,
          "stddev" : 0.000000,
          "N" : 0
        },
        "bw_min" : 0,
        "bw_max" : 0,
        "bw_agg" : 0.000000,
        "bw_mean" : 0.000000,
        "bw_dev" : 0.000000,
        "bw_samples" : 0,
        "iops_min" : 0,
        "iops_max" : 0,
        "iops_mean" : 0.000000,
        "iops_stddev" : 0.000000,
        "iops_samples" : 0
      },
      "trim" : {
        "io_bytes" : 0,
        "io_kbytes" : 0,
        "bw_bytes" : 0,
        "bw" : 0,
        "iops" : 0.000000,
        "runtime" : 0,
        "total_ios" : 0,
        "short_ios" : 0,
        "drop_ios" : 0,
        "slat_ns" : {
          "min" : 0,
          "max" : 0,
          "mean" : 0.000000,
          "stddev" : 0.000000,
          "N" : 0
        },
        "clat_ns" : {
          "min" : 0,
          "max" : 0,
          "mean" : 0.000000,
          "stddev" : 0.000000,
          "N" : 0
        },
        "lat_ns" : {
          "min" : 0,
          "max" : 0,
          "mean" : 0.000000,
          "stddev" : 0.000000,
          "N" : 0
        },
        "bw_min" : 0,
        "bw_max" : 0,
        "bw_agg" : 0.000000,
        "bw_mean" : 0.000000,
        "bw_dev" : 0.000000,
        "bw_samples" : 0,
        "iops_min" : 0,
        "iops_max" : 0,
        "iops_mean" : 0.000000,
        "iops_stddev" : 0.000000,
        "iops_samples" : 0
      },
      "sync" : {
        "total_ios" : 0,
        "lat_ns" : {
          "min" : 0,
          "max" : 0,
          "mean" : 0.000000,
          "stddev" : 0.000000,
          "N" : 0
        }
      },
      "job_runtime" : 300000,
      "usr_cpu" : 11.746000,
      "sys_cpu" : 8.876000,
      "ctx" : 4344173,
      "majf" : 0,
      "minf" : 30806,
      "iodepth_level" : {
        "1" : 0.100000,
        "2" : 0.100000,
        "4" : 0.100000,
        "8" : 0.100000,
        "16" : 99.996999,
        "32" : 0.000000,
        ">=64" : 0.000000
      },
      "iodepth_submit" : {
        "0" : 0.000000,
        "4" : 100.000000,
        "8" : 0.000000,
        "16" : 0.000000,
        "32" : 0.000000,
        "64" : 0.000000,
        ">=64" : 0.000000
      },
      "iodepth_complete" : {
        "0" : 0.000000,
        "4" : 99.999994,
        "8" : 0.000000,
        "16" : 0.100000,
        "32" : 0.000000,
        "64" : 0.000000,
        ">=64" : 0.000000
      },
      "latency_ns" : {
        "2" : 0.000000,
        "4" : 0.000000,
        "10" : 0.000000,
        "20" : 0.000000,
        "50" : 0.000000,
        "100" : 0.000000,
        "250" : 0.000000,
        "500" : 0.000000,
        "750" : 0.000000,
        "1000" : 0.000000
      },
      "latency_us" : {
        "2" : 0.000000,
        "4" : 0.000000,
        "10" : 0.000000,
        "20" : 0.000000,
        "50" : 0.000000,
        "100" : 0.010000,
        "250" : 4.805302,
        "500" : 32.677098,
        "750" : 37.121207,
        "1000" : 21.486084
      },
      "latency_ms" : {
        "2" : 3.898482,
        "4" : 0.011940,
        "10" : 0.000000,
        "20" : 0.000000,
        "50" : 0.000000,
        "100" : 0.000000,
        "250" : 0.000000,
        "500" : 0.000000,
        "750" : 0.000000,
        "1000" : 0.000000,
        "2000" : 0.000000,
        ">=2000" : 0.000000
      },
      "latency_depth" : 16,
      "latency_target" : 0,
      "latency_percentile" : 100.000000,
      "latency_window" : 0
    }
  ],
  "disk_util" : [
    {
      "name" : "sda",
      "read_ios" : 0,
      "write_ios" : 5431,
      "read_sectors" : 0,
      "write_sectors" : 4328096,
      "read_merges" : 0,
      "write_merges" : 5329,
      "read_ticks" : 0,
      "write_ticks" : 27624,
      "in_queue" : 27753,
      "util" : 1.266195
    }
  ]
}
