{
  "fio version" : "fio-3.39-26-ga72fe",
  "timestamp" : 1755336874,
  "timestamp_ms" : 1755336874662,
  "time" : "Sat Aug 16 09:34:34 2025",
  "global options" : {
    "write_iops_log" : "sea_1osd_4reactor_32fio_bal_osd_rc_1procs_randread_zoned",
    "write_bw_log" : "sea_1osd_4reactor_32fio_bal_osd_rc_1procs_randread_zoned",
    "write_lat_log" : "sea_1osd_4reactor_32fio_bal_osd_rc_1procs_randread_zoned",
    "write_hist_log" : "sea_1osd_4reactor_32fio_bal_osd_rc_1procs_randread_zoned",
    "ioengine" : "rbd",
    "bs" : "4k",
    "rw" : "randread",
    "random_distribution" : "zoned:60/10:30/20:8/30:2/40",
    "direct" : "1",
    "runtime" : "5m",
    "time_based" : "",
    "group_reporting" : "",
    "numjobs" : "1",
    "ramp_time" : "30s",
    "thread" : "1",
    "iodepth" : "52",
    "clientname" : "admin",
    "pool" : "rbd"
  },
  "jobs" : [
    {
      "jobname" : "fio_test_0",
      "groupid" : 0,
      "job_start" : 1755336556662,
      "error" : 0,
      "eta" : 0,
      "elapsed" : 349,
      "job options" : {
        "max_latency" : "1s",
        "rbdname" : "fio_test_0"
      },
      "read" : {
        "io_bytes" : 43717754880,
        "io_kbytes" : 42693120,
        "bw_bytes" : 145724878,
        "bw" : 142309,
        "iops" : 35577.192819,
        "runtime" : 300002,
        "total_ios" : 10673229,
        "short_ios" : 0,
        "drop_ios" : 0,
        "slat_ns" : {
          "min" : 330,
          "max" : 746909,
          "mean" : 2254.089709,
          "stddev" : 1578.058909,
          "N" : 10673229
        },
        "clat_ns" : {
          "min" : 116686,
          "max" : 7749670,
          "mean" : 1456067.571455,
          "stddev" : 526334.078240,
          "N" : 10673280,
          "percentile" : {
            "1.000000" : 436224,
            "5.000000" : 675840,
            "10.000000" : 831488,
            "20.000000" : 1011712,
            "30.000000" : 1171456,
            "40.000000" : 1302528,
            "50.000000" : 1417216,
            "60.000000" : 1531904,
            "70.000000" : 1662976,
            "80.000000" : 1826816,
            "90.000000" : 2113536,
            "95.000000" : 2473984,
            "99.000000" : 2998272,
            "99.500000" : 3129344,
            "99.900000" : 3391488,
            "99.950000" : 3489792,
            "99.990000" : 3784704
          }
        },
        "lat_ns" : {
          "min" : 118279,
          "max" : 7751690,
          "mean" : 1458321.656107,
          "stddev" : 526526.602591,
          "N" : 10673280
        },
        "bw_min" : 528,
        "bw_max" : 35102,
        "bw_agg" : 2.302026,
        "bw_mean" : 3276.218666,
        "bw_dev" : 1588.221617,
        "bw_samples" : 10673280,
        "iops_min" : 1,
        "iops_max" : 1,
        "iops_mean" : 1.000000,
        "iops_stddev" : 0.000000,
        "iops_samples" : 10673280
      },
      "write" : {
        "io_bytes" : 0,
        "io_kbytes" : 0,
        "bw_bytes" : 0,
        "bw" : 0,
        "iops" : 0.000000,
        "runtime" : 0,
        "total_ios" : 0,
        "short_ios" : 0,
        "drop_ios" : 0,
        "slat_ns" : {
          "min" : 0,
          "max" : 0,
          "mean" : 0.000000,
          "stddev" : 0.000000,
          "N" : 0
        },
        "clat_ns" : {
          "min" : 0,
          "max" : 0,
          "mean" : 0.000000,
          "stddev" : 0.000000,
          "N" : 0
        },
        "lat_ns" : {
          "min" : 0,
          "max" : 0,
          "mean" : 0.000000,
          "stddev" : 0.000000,
          "N" : 0
        },
        "bw_min" : 0,
        "bw_max" : 0,
        "bw_agg" : 0.000000,
        "bw_mean" : 0.000000,
        "bw_dev" : 0.000000,
        "bw_samples" : 0,
        "iops_min" : 0,
        "iops_max" : 0,
        "iops_mean" : 0.000000,
        "iops_stddev" : 0.000000,
        "iops_samples" : 0
      },
      "trim" : {
        "io_bytes" : 0,
        "io_kbytes" : 0,
        "bw_bytes" : 0,
        "bw" : 0,
        "iops" : 0.000000,
        "runtime" : 0,
        "total_ios" : 0,
        "short_ios" : 0,
        "drop_ios" : 0,
        "slat_ns" : {
          "min" : 0,
          "max" : 0,
          "mean" : 0.000000,
          "stddev" : 0.000000,
          "N" : 0
        },
        "clat_ns" : {
          "min" : 0,
          "max" : 0,
          "mean" : 0.000000,
          "stddev" : 0.000000,
          "N" : 0
        },
        "lat_ns" : {
          "min" : 0,
          "max" : 0,
          "mean" : 0.000000,
          "stddev" : 0.000000,
          "N" : 0
        },
        "bw_min" : 0,
        "bw_max" : 0,
        "bw_agg" : 0.000000,
        "bw_mean" : 0.000000,
        "bw_dev" : 0.000000,
        "bw_samples" : 0,
        "iops_min" : 0,
        "iops_max" : 0,
        "iops_mean" : 0.000000,
        "iops_stddev" : 0.000000,
        "iops_samples" : 0
      },
      "sync" : {
        "total_ios" : 0,
        "lat_ns" : {
          "min" : 0,
          "max" : 0,
          "mean" : 0.000000,
          "stddev" : 0.000000,
          "N" : 0
        }
      },
      "job_runtime" : 300001,
      "usr_cpu" : 14.911950,
      "sys_cpu" : 9.813967,
      "ctx" : 5075337,
      "majf" : 0,
      "minf" : 28954,
      "iodepth_level" : {
        "1" : 0.100000,
        "2" : 0.100000,
        "4" : 0.100000,
        "8" : 0.100000,
        "16" : 0.100000,
        "32" : 99.994482,
        ">=64" : 0.000000
      },
      "iodepth_submit" : {
        "0" : 0.000000,
        "4" : 100.000000,
        "8" : 0.000000,
        "16" : 0.000000,
        "32" : 0.000000,
        "64" : 0.000000,
        ">=64" : 0.000000
      },
      "iodepth_complete" : {
        "0" : 0.000000,
        "4" : 99.999995,
        "8" : 0.000000,
        "16" : 0.000000,
        "32" : 0.000000,
        "64" : 0.100000,
        ">=64" : 0.000000
      },
      "latency_ns" : {
        "2" : 0.000000,
        "4" : 0.000000,
        "10" : 0.000000,
        "20" : 0.000000,
        "50" : 0.000000,
        "100" : 0.000000,
        "250" : 0.000000,
        "500" : 0.000000,
        "750" : 0.000000,
        "1000" : 0.000000
      },
      "latency_us" : {
        "2" : 0.000000,
        "4" : 0.000000,
        "10" : 0.000000,
        "20" : 0.000000,
        "50" : 0.000000,
        "100" : 0.000000,
        "250" : 0.092212,
        "500" : 1.589697,
        "750" : 5.457374,
        "1000" : 11.858895
      },
      "latency_ms" : {
        "2" : 68.083689,
        "4" : 12.916269,
        "10" : 0.010000,
        "20" : 0.000000,
        "50" : 0.000000,
        "100" : 0.000000,
        "250" : 0.000000,
        "500" : 0.000000,
        "750" : 0.000000,
        "1000" : 0.000000,
        "2000" : 0.000000,
        ">=2000" : 0.000000
      },
      "latency_depth" : 52,
      "latency_target" : 0,
      "latency_percentile" : 100.000000,
      "latency_window" : 0
    }
  ],
  "disk_util" : [
    {
      "name" : "sda",
      "read_ios" : 0,
      "write_ios" : 5669,
      "read_sectors" : 0,
      "write_sectors" : 4861752,
      "read_merges" : 0,
      "write_merges" : 5319,
      "read_ticks" : 0,
      "write_ticks" : 30718,
      "in_queue" : 30828,
      "util" : 1.395413
    }
  ]
}
