{
  "fio version" : "fio-3.39-26-ga72fe",
  "timestamp" : 1755334795,
  "timestamp_ms" : 1755334795507,
  "time" : "Sat Aug 16 08:59:55 2025",
  "global options" : {
    "write_iops_log" : "sea_1osd_4reactor_32fio_bal_osd_rc_1procs_randread_zoned",
    "write_bw_log" : "sea_1osd_4reactor_32fio_bal_osd_rc_1procs_randread_zoned",
    "write_lat_log" : "sea_1osd_4reactor_32fio_bal_osd_rc_1procs_randread_zoned",
    "write_hist_log" : "sea_1osd_4reactor_32fio_bal_osd_rc_1procs_randread_zoned",
    "ioengine" : "rbd",
    "bs" : "4k",
    "rw" : "randread",
    "random_distribution" : "zoned:60/10:30/20:8/30:2/40",
    "direct" : "1",
    "runtime" : "5m",
    "time_based" : "",
    "group_reporting" : "",
    "numjobs" : "1",
    "ramp_time" : "30s",
    "thread" : "1",
    "iodepth" : "4",
    "clientname" : "admin",
    "pool" : "rbd"
  },
  "jobs" : [
    {
      "jobname" : "fio_test_0",
      "groupid" : 0,
      "job_start" : 1755334486257,
      "error" : 0,
      "eta" : 0,
      "elapsed" : 340,
      "job options" : {
        "max_latency" : "1s",
        "rbdname" : "fio_test_0"
      },
      "read" : {
        "io_bytes" : 22574149632,
        "io_kbytes" : 22045068,
        "bw_bytes" : 75246914,
        "bw" : 73483,
        "iops" : 18370.818764,
        "runtime" : 300001,
        "total_ios" : 5511264,
        "short_ios" : 0,
        "drop_ios" : 0,
        "slat_ns" : {
          "min" : 395,
          "max" : 86770,
          "mean" : 2793.613607,
          "stddev" : 1655.336071,
          "N" : 5511264
        },
        "clat_ns" : {
          "min" : 65900,
          "max" : 2981915,
          "mean" : 213890.065126,
          "stddev" : 62288.351541,
          "N" : 5511267,
          "percentile" : {
            "1.000000" : 112128,
            "5.000000" : 125440,
            "10.000000" : 134144,
            "20.000000" : 156672,
            "30.000000" : 177152,
            "40.000000" : 191488,
            "50.000000" : 207872,
            "60.000000" : 224256,
            "70.000000" : 242688,
            "80.000000" : 264192,
            "90.000000" : 296960,
            "95.000000" : 325632,
            "99.000000" : 378880,
            "99.500000" : 399360,
            "99.900000" : 444416,
            "99.950000" : 464896,
            "99.990000" : 528384
          }
        },
        "lat_ns" : {
          "min" : 86659,
          "max" : 2983603,
          "mean" : 216683.678001,
          "stddev" : 62703.831289,
          "N" : 5511267
        },
        "bw_min" : 1373,
        "bw_max" : 62154,
        "bw_agg" : 28.357458,
        "bw_mean" : 20838.906539,
        "bw_dev" : 6174.598331,
        "bw_samples" : 5511267,
        "iops_min" : 1,
        "iops_max" : 1,
        "iops_mean" : 1.000000,
        "iops_stddev" : 0.000000,
        "iops_samples" : 5511267
      },
      "write" : {
        "io_bytes" : 0,
        "io_kbytes" : 0,
        "bw_bytes" : 0,
        "bw" : 0,
        "iops" : 0.000000,
        "runtime" : 0,
        "total_ios" : 0,
        "short_ios" : 0,
        "drop_ios" : 0,
        "slat_ns" : {
          "min" : 0,
          "max" : 0,
          "mean" : 0.000000,
          "stddev" : 0.000000,
          "N" : 0
        },
        "clat_ns" : {
          "min" : 0,
          "max" : 0,
          "mean" : 0.000000,
          "stddev" : 0.000000,
          "N" : 0
        },
        "lat_ns" : {
          "min" : 0,
          "max" : 0,
          "mean" : 0.000000,
          "stddev" : 0.000000,
          "N" : 0
        },
        "bw_min" : 0,
        "bw_max" : 0,
        "bw_agg" : 0.000000,
        "bw_mean" : 0.000000,
        "bw_dev" : 0.000000,
        "bw_samples" : 0,
        "iops_min" : 0,
        "iops_max" : 0,
        "iops_mean" : 0.000000,
        "iops_stddev" : 0.000000,
        "iops_samples" : 0
      },
      "trim" : {
        "io_bytes" : 0,
        "io_kbytes" : 0,
        "bw_bytes" : 0,
        "bw" : 0,
        "iops" : 0.000000,
        "runtime" : 0,
        "total_ios" : 0,
        "short_ios" : 0,
        "drop_ios" : 0,
        "slat_ns" : {
          "min" : 0,
          "max" : 0,
          "mean" : 0.000000,
          "stddev" : 0.000000,
          "N" : 0
        },
        "clat_ns" : {
          "min" : 0,
          "max" : 0,
          "mean" : 0.000000,
          "stddev" : 0.000000,
          "N" : 0
        },
        "lat_ns" : {
          "min" : 0,
          "max" : 0,
          "mean" : 0.000000,
          "stddev" : 0.000000,
          "N" : 0
        },
        "bw_min" : 0,
        "bw_max" : 0,
        "bw_agg" : 0.000000,
        "bw_mean" : 0.000000,
        "bw_dev" : 0.000000,
        "bw_samples" : 0,
        "iops_min" : 0,
        "iops_max" : 0,
        "iops_mean" : 0.000000,
        "iops_stddev" : 0.000000,
        "iops_samples" : 0
      },
      "sync" : {
        "total_ios" : 0,
        "lat_ns" : {
          "min" : 0,
          "max" : 0,
          "mean" : 0.000000,
          "stddev" : 0.000000,
          "N" : 0
        }
      },
      "job_runtime" : 300000,
      "usr_cpu" : 7.620333,
      "sys_cpu" : 7.638667,
      "ctx" : 4305479,
      "majf" : 0,
      "minf" : 28814,
      "iodepth_level" : {
        "1" : 0.100000,
        "2" : 0.100000,
        "4" : 99.999238,
        "8" : 0.000000,
        "16" : 0.000000,
        "32" : 0.000000,
        ">=64" : 0.000000
      },
      "iodepth_submit" : {
        "0" : 0.000000,
        "4" : 100.000000,
        "8" : 0.000000,
        "16" : 0.000000,
        "32" : 0.000000,
        "64" : 0.000000,
        ">=64" : 0.000000
      },
      "iodepth_complete" : {
        "0" : 0.000000,
        "4" : 100.000000,
        "8" : 0.000000,
        "16" : 0.000000,
        "32" : 0.000000,
        "64" : 0.000000,
        ">=64" : 0.000000
      },
      "latency_ns" : {
        "2" : 0.000000,
        "4" : 0.000000,
        "10" : 0.000000,
        "20" : 0.000000,
        "50" : 0.000000,
        "100" : 0.000000,
        "250" : 0.000000,
        "500" : 0.000000,
        "750" : 0.000000,
        "1000" : 0.000000
      },
      "latency_us" : {
        "2" : 0.000000,
        "4" : 0.000000,
        "10" : 0.000000,
        "20" : 0.000000,
        "50" : 0.000000,
        "100" : 0.074266,
        "250" : 73.400730,
        "500" : 26.507386,
        "750" : 0.015024,
        "1000" : 0.010000
      },
      "latency_ms" : {
        "2" : 0.010000,
        "4" : 0.010000,
        "10" : 0.000000,
        "20" : 0.000000,
        "50" : 0.000000,
        "100" : 0.000000,
        "250" : 0.000000,
        "500" : 0.000000,
        "750" : 0.000000,
        "1000" : 0.000000,
        "2000" : 0.000000,
        ">=2000" : 0.000000
      },
      "latency_depth" : 4,
      "latency_target" : 0,
      "latency_percentile" : 100.000000,
      "latency_window" : 0
    }
  ],
  "disk_util" : [
    {
      "name" : "sda",
      "read_ios" : 0,
      "write_ios" : 5097,
      "read_sectors" : 0,
      "write_sectors" : 3635888,
      "read_merges" : 0,
      "write_merges" : 5449,
      "read_ticks" : 0,
      "write_ticks" : 22937,
      "in_queue" : 23065,
      "util" : 1.085888
    }
  ]
}
