{
    "iodepth": [
        "1",
        "2",
        "4",
        "8",
        "16",
        "24",
        "32",
        "40",
        "52",
        "64"
    ],
    "iops": [
        26257.406024,
        79918.086635,
        4588.235294,
        75149.456832,
        115190.979965,
        116494.670533,
        115984.879993,
        117424.645298,
        115990.3476,
        117129.051395
    ],
    "total_ios": [
        105476,
        778562,
        78,
        657182,
        34559713,
        34951896,
        34803119,
        35232208,
        34800468,
        35144689
    ],
    "clat_ms": [
        1.213291940821,
        0.7962603176280001,
        1659.334892563218,
        3.386119672396,
        4.435685263039001,
        6.570803268324,
        7.66124479777,
        6.68234820382,
        6.15253923406,
        4.909827731456001
    ],
    "clat_stdev": [
        51.946990043700005,
        27.172321733005,
        1496.58016896852,
        59.123078281547,
        9.224368316601002,
        20.711451978436,
        28.108066227511998,
        23.331651585942,
        22.403678076856,
        15.762943469451
    ],
    "usr_cpu": [
        0.360603,
        1.101828,
        0.0,
        0.976057,
        1.368068,
        1.281176,
        1.389071,
        1.904241,
        2.573691,
        3.693033
    ],
    "sys_cpu": [
        0.330228,
        0.943599,
        0.0,
        0.885469,
        1.226209,
        1.207982,
        1.324983,
        1.818186,
        2.447268,
        3.534598
    ],
    "OSD_cpu": [
        5.166666666666687,
        33.813333333333254,
        1.1100000000000003,
        43.68333333333326,
        413.88666666666614,
        415.7066666666663,
        415.7399999999999,
        409.0099999999993,
        399.83333333333286,
        391.6233333333324
    ],
    "OSD_mem": [
        42.91999999999958,
        58.706666666664475,
        59.19999999999778,
        59.19999999999778,
        59.19999999999778,
        59.19999999999778,
        59.19999999999778,
        66.35333333333598,
        66.60000000000268,
        66.60000000000268
    ],
    "FIO_cpu": [
        7.220000000000024,
        53.49333333333334,
        0.0,
        68.14666666666636,
        587.7399999999897,
        582.1166666666603,
        573.4566666666625,
        551.9266666666658,
        530.1266666666658,
        499.68333333333356
    ],
    "FIO_mem": [
        1.5000000000000122,
        4.646666666666546,
        0.0,
        4.499999999999887,
        181.4999999999817,
        188.9999999999909,
        182.94666666667771,
        131.96666666665962,
        91.27333333333375,
        61.01333333332912
    ]
}