{
  "fio version" : "fio-3.39-26-ga72fe",
  "timestamp" : 1747199684,
  "timestamp_ms" : 1747199684500,
  "time" : "Wed May 14 05:14:44 2025",
  "global options" : {
    "write_iops_log" : "classic_1osd_32fio_rc_1procs_randread",
    "write_bw_log" : "classic_1osd_32fio_rc_1procs_randread",
    "write_lat_log" : "classic_1osd_32fio_rc_1procs_randread",
    "ioengine" : "rbd",
    "bs" : "4k",
    "rw" : "randread",
    "direct" : "1",
    "runtime" : "5m",
    "time_based" : "",
    "group_reporting" : "",
    "ramp_time" : "30s",
    "thread" : "1",
    "iodepth" : "64",
    "clientname" : "admin",
    "pool" : "rbd"
  },
  "jobs" : [
    {
      "jobname" : "fio_test_0",
      "groupid" : 0,
      "job_start" : 1747199372958,
      "error" : 110,
      "eta" : 0,
      "elapsed" : 342,
      "job options" : {
        "max_latency" : "1s",
        "numjobs" : "1",
        "rbdname" : "fio_test_31"
      },
      "read" : {
        "io_bytes" : 143960903680,
        "io_kbytes" : 140586820,
        "bw_bytes" : 479788114,
        "bw" : 468543,
        "iops" : 117129.051395,
        "runtime" : 300051,
        "total_ios" : 35144689,
        "short_ios" : 0,
        "drop_ios" : 0,
        "slat_ns" : {
          "min" : 404,
          "max" : 697243,
          "mean" : 1878.683560,
          "stddev" : 855.959259,
          "N" : 35144689
        },
        "clat_ns" : {
          "min" : 74652,
          "max" : 2958552216,
          "mean" : 4909827.731456,
          "stddev" : 15762943.469451,
          "N" : 35146705,
          "percentile" : {
            "1.000000" : 382976,
            "5.000000" : 692224,
            "10.000000" : 937984,
            "20.000000" : 1368064,
            "30.000000" : 1777664,
            "40.000000" : 2244608,
            "50.000000" : 2801664,
            "60.000000" : 3555328,
            "70.000000" : 4620288,
            "80.000000" : 6389760,
            "90.000000" : 10027008,
            "95.000000" : 13172736,
            "99.000000" : 22937600,
            "99.500000" : 47448064,
            "99.900000" : 181403648,
            "99.950000" : 278921216,
            "99.990000" : 557842432
          }
        },
        "lat_ns" : {
          "min" : 76325,
          "max" : 2958553892,
          "mean" : 4911706.447286,
          "stddev" : 15762997.048300,
          "N" : 35146705
        },
        "bw_min" : 90,
        "bw_max" : 958533,
        "bw_agg" : 10.641071,
        "bw_mean" : 49858.343096,
        "bw_dev" : 2125.034321,
        "bw_samples" : 35146705,
        "iops_min" : 32,
        "iops_max" : 32,
        "iops_mean" : 32.000000,
        "iops_stddev" : 0.000000,
        "iops_samples" : 35146705
      },
      "write" : {
        "io_bytes" : 0,
        "io_kbytes" : 0,
        "bw_bytes" : 0,
        "bw" : 0,
        "iops" : 0.000000,
        "runtime" : 0,
        "total_ios" : 0,
        "short_ios" : 0,
        "drop_ios" : 0,
        "slat_ns" : {
          "min" : 0,
          "max" : 0,
          "mean" : 0.000000,
          "stddev" : 0.000000,
          "N" : 0
        },
        "clat_ns" : {
          "min" : 0,
          "max" : 0,
          "mean" : 0.000000,
          "stddev" : 0.000000,
          "N" : 0
        },
        "lat_ns" : {
          "min" : 0,
          "max" : 0,
          "mean" : 0.000000,
          "stddev" : 0.000000,
          "N" : 0
        },
        "bw_min" : 0,
        "bw_max" : 0,
        "bw_agg" : 0.000000,
        "bw_mean" : 0.000000,
        "bw_dev" : 0.000000,
        "bw_samples" : 0,
        "iops_min" : 0,
        "iops_max" : 0,
        "iops_mean" : 0.000000,
        "iops_stddev" : 0.000000,
        "iops_samples" : 0
      },
      "trim" : {
        "io_bytes" : 0,
        "io_kbytes" : 0,
        "bw_bytes" : 0,
        "bw" : 0,
        "iops" : 0.000000,
        "runtime" : 0,
        "total_ios" : 0,
        "short_ios" : 0,
        "drop_ios" : 0,
        "slat_ns" : {
          "min" : 0,
          "max" : 0,
          "mean" : 0.000000,
          "stddev" : 0.000000,
          "N" : 0
        },
        "clat_ns" : {
          "min" : 0,
          "max" : 0,
          "mean" : 0.000000,
          "stddev" : 0.000000,
          "N" : 0
        },
        "lat_ns" : {
          "min" : 0,
          "max" : 0,
          "mean" : 0.000000,
          "stddev" : 0.000000,
          "N" : 0
        },
        "bw_min" : 0,
        "bw_max" : 0,
        "bw_agg" : 0.000000,
        "bw_mean" : 0.000000,
        "bw_dev" : 0.000000,
        "bw_samples" : 0,
        "iops_min" : 0,
        "iops_max" : 0,
        "iops_mean" : 0.000000,
        "iops_stddev" : 0.000000,
        "iops_samples" : 0
      },
      "sync" : {
        "total_ios" : 0,
        "lat_ns" : {
          "min" : 0,
          "max" : 0,
          "mean" : 0.000000,
          "stddev" : 0.000000,
          "N" : 0
        }
      },
      "job_runtime" : 2730466,
      "usr_cpu" : 3.693033,
      "sys_cpu" : 3.534598,
      "ctx" : 28261877,
      "majf" : 0,
      "minf" : 223392,
      "iodepth_level" : {
        "1" : 0.100000,
        "2" : 0.100000,
        "4" : 0.100000,
        "8" : 0.100000,
        "16" : 0.100000,
        "32" : 0.100000,
        ">=64" : 99.967161
      },
      "iodepth_submit" : {
        "0" : 0.000000,
        "4" : 100.000000,
        "8" : 0.000000,
        "16" : 0.000000,
        "32" : 0.000000,
        "64" : 0.000000,
        ">=64" : 0.000000
      },
      "iodepth_complete" : {
        "0" : 0.100000,
        "4" : 99.999937,
        "8" : 0.000000,
        "16" : 0.000000,
        "32" : 0.000000,
        "64" : 0.100000,
        ">=64" : 0.000000
      },
      "latency_ns" : {
        "2" : 0.000000,
        "4" : 0.000000,
        "10" : 0.000000,
        "20" : 0.000000,
        "50" : 0.000000,
        "100" : 0.000000,
        "250" : 0.000000,
        "500" : 0.000000,
        "750" : 0.000000,
        "1000" : 0.000000
      },
      "latency_us" : {
        "2" : 0.000000,
        "4" : 0.000000,
        "10" : 0.000000,
        "20" : 0.000000,
        "50" : 0.000000,
        "100" : 0.010000,
        "250" : 0.209477,
        "500" : 2.002317,
        "750" : 3.896532,
        "1000" : 5.208773
      },
      "latency_ms" : {
        "2" : 23.517562,
        "4" : 30.015875,
        "10" : 25.124644,
        "20" : 8.799625,
        "50" : 0.751661,
        "100" : 0.254966,
        "250" : 0.162941,
        "500" : 0.048195,
        "750" : 0.010000,
        "1000" : 0.010000,
        "2000" : 0.010000,
        ">=2000" : 0.010000
      },
      "latency_depth" : 64,
      "latency_target" : 0,
      "latency_percentile" : 100.000000,
      "latency_window" : 0
    }
  ],
  "disk_util" : [
    {
      "name" : "sda",
      "read_ios" : 0,
      "write_ios" : 9270,
      "read_sectors" : 0,
      "write_sectors" : 8659448,
      "read_merges" : 0,
      "write_merges" : 7129,
      "read_ticks" : 0,
      "write_ticks" : 58652,
      "in_queue" : 58963,
      "util" : 2.574061
    }
  ]
}
