{
  "fio version" : "fio-3.39-26-ga72fe",
  "timestamp" : 1747197050,
  "timestamp_ms" : 1747197050455,
  "time" : "Wed May 14 04:30:50 2025",
  "global options" : {
    "write_iops_log" : "classic_1osd_32fio_rc_1procs_randread",
    "write_bw_log" : "classic_1osd_32fio_rc_1procs_randread",
    "write_lat_log" : "classic_1osd_32fio_rc_1procs_randread",
    "ioengine" : "rbd",
    "bs" : "4k",
    "rw" : "randread",
    "direct" : "1",
    "runtime" : "5m",
    "time_based" : "",
    "group_reporting" : "",
    "ramp_time" : "30s",
    "thread" : "1",
    "iodepth" : "1",
    "clientname" : "admin",
    "pool" : "rbd"
  },
  "jobs" : [
    {
      "jobname" : "fio_test_0",
      "groupid" : 0,
      "job_start" : 1747197046203,
      "error" : 110,
      "eta" : 0,
      "elapsed" : 36,
      "job options" : {
        "max_latency" : "1s",
        "numjobs" : "1",
        "rbdname" : "fio_test_31"
      },
      "read" : {
        "io_bytes" : 432029696,
        "io_kbytes" : 421904,
        "bw_bytes" : 107550335,
        "bw" : 105029,
        "iops" : 26257.406024,
        "runtime" : 4017,
        "total_ios" : 105476,
        "short_ios" : 0,
        "drop_ios" : 0,
        "slat_ns" : {
          "min" : 1418,
          "max" : 26766,
          "mean" : 2680.503337,
          "stddev" : 810.485364,
          "N" : 105476
        },
        "clat_ns" : {
          "min" : 140891,
          "max" : 3010653748,
          "mean" : 1213291.940821,
          "stddev" : 51946990.043700,
          "N" : 105476,
          "percentile" : {
            "1.000000" : 162816,
            "5.000000" : 175104,
            "10.000000" : 187392,
            "20.000000" : 205824,
            "30.000000" : 226304,
            "40.000000" : 244736,
            "50.000000" : 272384,
            "60.000000" : 301056,
            "70.000000" : 342016,
            "80.000000" : 391168,
            "90.000000" : 477184,
            "95.000000" : 552960,
            "99.000000" : 724992,
            "99.500000" : 798720,
            "99.900000" : 1089536,
            "99.950000" : 4227072,
            "99.990000" : 3003121664
          }
        },
        "lat_ns" : {
          "min" : 143214,
          "max" : 3010656768,
          "mean" : 1215972.444158,
          "stddev" : 51946987.779037,
          "N" : 105476
        },
        "bw_min" : 32,
        "bw_max" : 881026,
        "bw_agg" : 100.000000,
        "bw_mean" : 485317.812841,
        "bw_dev" : 4942.755775,
        "bw_samples" : 105476,
        "iops_min" : 32,
        "iops_max" : 32,
        "iops_mean" : 32.000000,
        "iops_stddev" : 0.000000,
        "iops_samples" : 105476
      },
      "write" : {
        "io_bytes" : 0,
        "io_kbytes" : 0,
        "bw_bytes" : 0,
        "bw" : 0,
        "iops" : 0.000000,
        "runtime" : 0,
        "total_ios" : 0,
        "short_ios" : 0,
        "drop_ios" : 0,
        "slat_ns" : {
          "min" : 0,
          "max" : 0,
          "mean" : 0.000000,
          "stddev" : 0.000000,
          "N" : 0
        },
        "clat_ns" : {
          "min" : 0,
          "max" : 0,
          "mean" : 0.000000,
          "stddev" : 0.000000,
          "N" : 0
        },
        "lat_ns" : {
          "min" : 0,
          "max" : 0,
          "mean" : 0.000000,
          "stddev" : 0.000000,
          "N" : 0
        },
        "bw_min" : 0,
        "bw_max" : 0,
        "bw_agg" : 0.000000,
        "bw_mean" : 0.000000,
        "bw_dev" : 0.000000,
        "bw_samples" : 0,
        "iops_min" : 0,
        "iops_max" : 0,
        "iops_mean" : 0.000000,
        "iops_stddev" : 0.000000,
        "iops_samples" : 0
      },
      "trim" : {
        "io_bytes" : 0,
        "io_kbytes" : 0,
        "bw_bytes" : 0,
        "bw" : 0,
        "iops" : 0.000000,
        "runtime" : 0,
        "total_ios" : 0,
        "short_ios" : 0,
        "drop_ios" : 0,
        "slat_ns" : {
          "min" : 0,
          "max" : 0,
          "mean" : 0.000000,
          "stddev" : 0.000000,
          "N" : 0
        },
        "clat_ns" : {
          "min" : 0,
          "max" : 0,
          "mean" : 0.000000,
          "stddev" : 0.000000,
          "N" : 0
        },
        "lat_ns" : {
          "min" : 0,
          "max" : 0,
          "mean" : 0.000000,
          "stddev" : 0.000000,
          "N" : 0
        },
        "bw_min" : 0,
        "bw_max" : 0,
        "bw_agg" : 0.000000,
        "bw_mean" : 0.000000,
        "bw_dev" : 0.000000,
        "bw_samples" : 0,
        "iops_min" : 0,
        "iops_max" : 0,
        "iops_mean" : 0.000000,
        "iops_stddev" : 0.000000,
        "iops_samples" : 0
      },
      "sync" : {
        "total_ios" : 0,
        "lat_ns" : {
          "min" : 0,
          "max" : 0,
          "mean" : 0.000000,
          "stddev" : 0.000000,
          "N" : 0
        }
      },
      "job_runtime" : 128396,
      "usr_cpu" : 0.360603,
      "sys_cpu" : 0.330228,
      "ctx" : 105514,
      "majf" : 0,
      "minf" : 11011,
      "iodepth_level" : {
        "1" : 100.000000,
        "2" : 0.000000,
        "4" : 0.000000,
        "8" : 0.000000,
        "16" : 0.000000,
        "32" : 0.000000,
        ">=64" : 0.000000
      },
      "iodepth_submit" : {
        "0" : 0.000000,
        "4" : 100.000000,
        "8" : 0.000000,
        "16" : 0.000000,
        "32" : 0.000000,
        "64" : 0.000000,
        ">=64" : 0.000000
      },
      "iodepth_complete" : {
        "0" : 0.100000,
        "4" : 99.984833,
        "8" : 0.000000,
        "16" : 0.000000,
        "32" : 0.000000,
        "64" : 0.000000,
        ">=64" : 0.000000
      },
      "latency_ns" : {
        "2" : 0.000000,
        "4" : 0.000000,
        "10" : 0.000000,
        "20" : 0.000000,
        "50" : 0.000000,
        "100" : 0.000000,
        "250" : 0.000000,
        "500" : 0.000000,
        "750" : 0.000000,
        "1000" : 0.000000
      },
      "latency_us" : {
        "2" : 0.000000,
        "4" : 0.000000,
        "10" : 0.000000,
        "20" : 0.000000,
        "50" : 0.000000,
        "100" : 0.000000,
        "250" : 42.080663,
        "500" : 49.666275,
        "750" : 7.439607,
        "1000" : 0.671243
      },
      "latency_ms" : {
        "2" : 0.065418,
        "4" : 0.021806,
        "10" : 0.024650,
        "20" : 0.000000,
        "50" : 0.000000,
        "100" : 0.000000,
        "250" : 0.000000,
        "500" : 0.000000,
        "750" : 0.000000,
        "1000" : 0.000000,
        "2000" : 0.000000,
        ">=2000" : 0.030339
      },
      "latency_depth" : 1,
      "latency_target" : 0,
      "latency_percentile" : 100.000000,
      "latency_window" : 0
    }
  ],
  "disk_util" : [
    {
      "name" : "sda",
      "read_ios" : 0,
      "write_ios" : 866,
      "read_sectors" : 0,
      "write_sectors" : 20544,
      "read_merges" : 0,
      "write_merges" : 971,
      "read_ticks" : 0,
      "write_ticks" : 128,
      "in_queue" : 138,
      "util" : 0.191033
    }
  ]
}
