{
  "fio version" : "fio-3.39-26-ga72fe",
  "timestamp" : 1747198313,
  "timestamp_ms" : 1747198313867,
  "time" : "Wed May 14 04:51:53 2025",
  "global options" : {
    "write_iops_log" : "classic_1osd_32fio_rc_1procs_randread",
    "write_bw_log" : "classic_1osd_32fio_rc_1procs_randread",
    "write_lat_log" : "classic_1osd_32fio_rc_1procs_randread",
    "ioengine" : "rbd",
    "bs" : "4k",
    "rw" : "randread",
    "direct" : "1",
    "runtime" : "5m",
    "time_based" : "",
    "group_reporting" : "",
    "ramp_time" : "30s",
    "thread" : "1",
    "iodepth" : "24",
    "clientname" : "admin",
    "pool" : "rbd"
  },
  "jobs" : [
    {
      "jobname" : "fio_test_0",
      "groupid" : 0,
      "job_start" : 1747198003663,
      "error" : 0,
      "eta" : 0,
      "elapsed" : 341,
      "job options" : {
        "max_latency" : "1s",
        "numjobs" : "1",
        "rbdname" : "fio_test_31"
      },
      "read" : {
        "io_bytes" : 143165980672,
        "io_kbytes" : 139810528,
        "bw_bytes" : 477172218,
        "bw" : 465988,
        "iops" : 116494.670533,
        "runtime" : 300030,
        "total_ios" : 34951896,
        "short_ios" : 0,
        "drop_ios" : 0,
        "slat_ns" : {
          "min" : 413,
          "max" : 7582883,
          "mean" : 2170.186043,
          "stddev" : 1562.217773,
          "N" : 34951896
        },
        "clat_ns" : {
          "min" : 79396,
          "max" : 707528286,
          "mean" : 6570803.268324,
          "stddev" : 20711451.978436,
          "N" : 34952632,
          "percentile" : {
            "1.000000" : 257024,
            "5.000000" : 464896,
            "10.000000" : 667648,
            "20.000000" : 1044480,
            "30.000000" : 1449984,
            "40.000000" : 1941504,
            "50.000000" : 2572288,
            "60.000000" : 3391488,
            "70.000000" : 4685824,
            "80.000000" : 6914048,
            "90.000000" : 11206656,
            "95.000000" : 15138816,
            "99.000000" : 93847552,
            "99.500000" : 154140672,
            "99.900000" : 291504128,
            "99.950000" : 346030080,
            "99.990000" : 467664896
          }
        },
        "lat_ns" : {
          "min" : 81344,
          "max" : 707530352,
          "mean" : 6572973.455839,
          "stddev" : 20711499.784428,
          "N" : 34952632
        },
        "bw_min" : 199,
        "bw_max" : 1409630,
        "bw_agg" : 18.157530,
        "bw_mean" : 84612.357001,
        "bw_dev" : 3104.909578,
        "bw_samples" : 34952632,
        "iops_min" : 32,
        "iops_max" : 32,
        "iops_mean" : 32.000000,
        "iops_stddev" : 0.000000,
        "iops_samples" : 34952632
      },
      "write" : {
        "io_bytes" : 0,
        "io_kbytes" : 0,
        "bw_bytes" : 0,
        "bw" : 0,
        "iops" : 0.000000,
        "runtime" : 0,
        "total_ios" : 0,
        "short_ios" : 0,
        "drop_ios" : 0,
        "slat_ns" : {
          "min" : 0,
          "max" : 0,
          "mean" : 0.000000,
          "stddev" : 0.000000,
          "N" : 0
        },
        "clat_ns" : {
          "min" : 0,
          "max" : 0,
          "mean" : 0.000000,
          "stddev" : 0.000000,
          "N" : 0
        },
        "lat_ns" : {
          "min" : 0,
          "max" : 0,
          "mean" : 0.000000,
          "stddev" : 0.000000,
          "N" : 0
        },
        "bw_min" : 0,
        "bw_max" : 0,
        "bw_agg" : 0.000000,
        "bw_mean" : 0.000000,
        "bw_dev" : 0.000000,
        "bw_samples" : 0,
        "iops_min" : 0,
        "iops_max" : 0,
        "iops_mean" : 0.000000,
        "iops_stddev" : 0.000000,
        "iops_samples" : 0
      },
      "trim" : {
        "io_bytes" : 0,
        "io_kbytes" : 0,
        "bw_bytes" : 0,
        "bw" : 0,
        "iops" : 0.000000,
        "runtime" : 0,
        "total_ios" : 0,
        "short_ios" : 0,
        "drop_ios" : 0,
        "slat_ns" : {
          "min" : 0,
          "max" : 0,
          "mean" : 0.000000,
          "stddev" : 0.000000,
          "N" : 0
        },
        "clat_ns" : {
          "min" : 0,
          "max" : 0,
          "mean" : 0.000000,
          "stddev" : 0.000000,
          "N" : 0
        },
        "lat_ns" : {
          "min" : 0,
          "max" : 0,
          "mean" : 0.000000,
          "stddev" : 0.000000,
          "N" : 0
        },
        "bw_min" : 0,
        "bw_max" : 0,
        "bw_agg" : 0.000000,
        "bw_mean" : 0.000000,
        "bw_dev" : 0.000000,
        "bw_samples" : 0,
        "iops_min" : 0,
        "iops_max" : 0,
        "iops_mean" : 0.000000,
        "iops_stddev" : 0.000000,
        "iops_samples" : 0
      },
      "sync" : {
        "total_ios" : 0,
        "lat_ns" : {
          "min" : 0,
          "max" : 0,
          "mean" : 0.000000,
          "stddev" : 0.000000,
          "N" : 0
        }
      },
      "job_runtime" : 9600475,
      "usr_cpu" : 1.281176,
      "sys_cpu" : 1.207982,
      "ctx" : 30836343,
      "majf" : 0,
      "minf" : 482769,
      "iodepth_level" : {
        "1" : 0.100000,
        "2" : 0.100000,
        "4" : 0.100000,
        "8" : 0.100000,
        "16" : 99.986524,
        "32" : 0.000000,
        ">=64" : 0.000000
      },
      "iodepth_submit" : {
        "0" : 0.000000,
        "4" : 100.000000,
        "8" : 0.000000,
        "16" : 0.000000,
        "32" : 0.000000,
        "64" : 0.000000,
        ">=64" : 0.000000
      },
      "iodepth_complete" : {
        "0" : 0.000000,
        "4" : 99.999954,
        "8" : 0.000000,
        "16" : 0.000000,
        "32" : 0.100000,
        "64" : 0.000000,
        ">=64" : 0.000000
      },
      "latency_ns" : {
        "2" : 0.000000,
        "4" : 0.000000,
        "10" : 0.000000,
        "20" : 0.000000,
        "50" : 0.000000,
        "100" : 0.000000,
        "250" : 0.000000,
        "500" : 0.000000,
        "750" : 0.000000,
        "1000" : 0.000000
      },
      "latency_us" : {
        "2" : 0.000000,
        "4" : 0.000000,
        "10" : 0.000000,
        "20" : 0.000000,
        "50" : 0.000000,
        "100" : 0.010000,
        "250" : 0.905693,
        "500" : 4.932688,
        "750" : 6.379087,
        "1000" : 6.604552
      },
      "latency_ms" : {
        "2" : 22.207485,
        "4" : 24.195643,
        "10" : 22.658090,
        "20" : 8.593148,
        "50" : 1.693001,
        "100" : 0.900672,
        "250" : 0.767827,
        "500" : 0.158097,
        "750" : 0.010000,
        "1000" : 0.000000,
        "2000" : 0.000000,
        ">=2000" : 0.000000
      },
      "latency_depth" : 24,
      "latency_target" : 0,
      "latency_percentile" : 100.000000,
      "latency_window" : 0
    }
  ],
  "disk_util" : [
    {
      "name" : "sda",
      "read_ios" : 0,
      "write_ios" : 8129,
      "read_sectors" : 0,
      "write_sectors" : 8619320,
      "read_merges" : 0,
      "write_merges" : 6290,
      "read_ticks" : 0,
      "write_ticks" : 58885,
      "in_queue" : 59464,
      "util" : 2.579638
    }
  ]
}
