{
  "fio version" : "fio-3.39-26-ga72fe",
  "timestamp" : 1747197354,
  "timestamp_ms" : 1747197354779,
  "time" : "Wed May 14 04:35:54 2025",
  "global options" : {
    "write_iops_log" : "classic_1osd_32fio_rc_1procs_randread",
    "write_bw_log" : "classic_1osd_32fio_rc_1procs_randread",
    "write_lat_log" : "classic_1osd_32fio_rc_1procs_randread",
    "ioengine" : "rbd",
    "bs" : "4k",
    "rw" : "randread",
    "direct" : "1",
    "runtime" : "5m",
    "time_based" : "",
    "group_reporting" : "",
    "ramp_time" : "30s",
    "thread" : "1",
    "iodepth" : "4",
    "clientname" : "admin",
    "pool" : "rbd"
  },
  "jobs" : [
    {
      "jobname" : "fio_test_0",
      "groupid" : 0,
      "job_start" : 1747197354518,
      "error" : 110,
      "eta" : 0,
      "elapsed" : 32,
      "job options" : {
        "max_latency" : "1s",
        "numjobs" : "1",
        "rbdname" : "fio_test_31"
      },
      "read" : {
        "io_bytes" : 712704,
        "io_kbytes" : 696,
        "bw_bytes" : 41923764,
        "bw" : 40941,
        "iops" : 4588.235294,
        "runtime" : 17,
        "total_ios" : 78,
        "short_ios" : 0,
        "drop_ios" : 0,
        "slat_ns" : {
          "min" : 1698,
          "max" : 25493,
          "mean" : 4957.692308,
          "stddev" : 4892.598845,
          "N" : 78
        },
        "clat_ns" : {
          "min" : 170850,
          "max" : 3033876299,
          "mean" : 1659334892.563218,
          "stddev" : 1496580168.968520,
          "N" : 174,
          "percentile" : {
            "1.000000" : 175104,
            "5.000000" : 187392,
            "10.000000" : 203776,
            "20.000000" : 257024,
            "30.000000" : 7176192,
            "40.000000" : 11075584,
            "50.000000" : 2969567232,
            "60.000000" : 3003121664,
            "70.000000" : 3003121664,
            "80.000000" : 3003121664,
            "90.000000" : 3003121664,
            "95.000000" : 3036676096,
            "99.000000" : 3036676096,
            "99.500000" : 3036676096,
            "99.900000" : 3036676096,
            "99.950000" : 3036676096,
            "99.990000" : 3036676096
          }
        },
        "lat_ns" : {
          "min" : 172741,
          "max" : 3033878825,
          "mean" : 1659338653.586207,
          "stddev" : 1496579090.063648,
          "N" : 174
        },
        "bw_min" : 32,
        "bw_max" : 145715,
        "bw_agg" : 100.000000,
        "bw_mean" : 57667.310308,
        "bw_dev" : 5042.112767,
        "bw_samples" : 174,
        "iops_min" : 32,
        "iops_max" : 32,
        "iops_mean" : 32.000000,
        "iops_stddev" : 0.000000,
        "iops_samples" : 174
      },
      "write" : {
        "io_bytes" : 0,
        "io_kbytes" : 0,
        "bw_bytes" : 0,
        "bw" : 0,
        "iops" : 0.000000,
        "runtime" : 0,
        "total_ios" : 0,
        "short_ios" : 0,
        "drop_ios" : 0,
        "slat_ns" : {
          "min" : 0,
          "max" : 0,
          "mean" : 0.000000,
          "stddev" : 0.000000,
          "N" : 0
        },
        "clat_ns" : {
          "min" : 0,
          "max" : 0,
          "mean" : 0.000000,
          "stddev" : 0.000000,
          "N" : 0
        },
        "lat_ns" : {
          "min" : 0,
          "max" : 0,
          "mean" : 0.000000,
          "stddev" : 0.000000,
          "N" : 0
        },
        "bw_min" : 0,
        "bw_max" : 0,
        "bw_agg" : 0.000000,
        "bw_mean" : 0.000000,
        "bw_dev" : 0.000000,
        "bw_samples" : 0,
        "iops_min" : 0,
        "iops_max" : 0,
        "iops_mean" : 0.000000,
        "iops_stddev" : 0.000000,
        "iops_samples" : 0
      },
      "trim" : {
        "io_bytes" : 0,
        "io_kbytes" : 0,
        "bw_bytes" : 0,
        "bw" : 0,
        "iops" : 0.000000,
        "runtime" : 0,
        "total_ios" : 0,
        "short_ios" : 0,
        "drop_ios" : 0,
        "slat_ns" : {
          "min" : 0,
          "max" : 0,
          "mean" : 0.000000,
          "stddev" : 0.000000,
          "N" : 0
        },
        "clat_ns" : {
          "min" : 0,
          "max" : 0,
          "mean" : 0.000000,
          "stddev" : 0.000000,
          "N" : 0
        },
        "lat_ns" : {
          "min" : 0,
          "max" : 0,
          "mean" : 0.000000,
          "stddev" : 0.000000,
          "N" : 0
        },
        "bw_min" : 0,
        "bw_max" : 0,
        "bw_agg" : 0.000000,
        "bw_mean" : 0.000000,
        "bw_dev" : 0.000000,
        "bw_samples" : 0,
        "iops_min" : 0,
        "iops_max" : 0,
        "iops_mean" : 0.000000,
        "iops_stddev" : 0.000000,
        "iops_samples" : 0
      },
      "sync" : {
        "total_ios" : 0,
        "lat_ns" : {
          "min" : 0,
          "max" : 0,
          "mean" : 0.000000,
          "stddev" : 0.000000,
          "N" : 0
        }
      },
      "job_runtime" : 288,
      "usr_cpu" : 0.000000,
      "sys_cpu" : 0.000000,
      "ctx" : 163,
      "majf" : 0,
      "minf" : 1552,
      "iodepth_level" : {
        "1" : 0.000000,
        "2" : 0.000000,
        "4" : 100.000000,
        "8" : 0.000000,
        "16" : 0.000000,
        "32" : 0.000000,
        ">=64" : 0.000000
      },
      "iodepth_submit" : {
        "0" : 0.000000,
        "4" : 100.000000,
        "8" : 0.000000,
        "16" : 0.000000,
        "32" : 0.000000,
        "64" : 0.000000,
        ">=64" : 0.000000
      },
      "iodepth_complete" : {
        "0" : 14.545455,
        "4" : 85.454545,
        "8" : 0.000000,
        "16" : 0.000000,
        "32" : 0.000000,
        "64" : 0.000000,
        ">=64" : 0.000000
      },
      "latency_ns" : {
        "2" : 0.000000,
        "4" : 0.000000,
        "10" : 0.000000,
        "20" : 0.000000,
        "50" : 0.000000,
        "100" : 0.000000,
        "250" : 0.000000,
        "500" : 0.000000,
        "750" : 0.000000,
        "1000" : 0.000000
      },
      "latency_us" : {
        "2" : 0.000000,
        "4" : 0.000000,
        "10" : 0.000000,
        "20" : 0.000000,
        "50" : 0.000000,
        "100" : 0.000000,
        "250" : 41.025641,
        "500" : 21.794872,
        "750" : 0.000000,
        "1000" : 0.000000
      },
      "latency_ms" : {
        "2" : 0.000000,
        "4" : 1.282051,
        "10" : 14.102564,
        "20" : 21.794872,
        "50" : 0.000000,
        "100" : 0.000000,
        "250" : 0.000000,
        "500" : 0.000000,
        "750" : 0.000000,
        "1000" : 0.000000,
        "2000" : 0.000000,
        ">=2000" : 123.076923
      },
      "latency_depth" : 4,
      "latency_target" : 0,
      "latency_percentile" : 100.000000,
      "latency_window" : 0
    }
  ],
  "disk_util" : [
    {
      "name" : "sda",
      "read_ios" : 0,
      "write_ios" : 795,
      "read_sectors" : 0,
      "write_sectors" : 42128,
      "read_merges" : 0,
      "write_merges" : 896,
      "read_ticks" : 0,
      "write_ticks" : 275,
      "in_queue" : 284,
      "util" : 0.286196
    }
  ]
}
