{
  "fio version" : "fio-3.39-26-ga72fe",
  "timestamp" : 1747199340,
  "timestamp_ms" : 1747199340535,
  "time" : "Wed May 14 05:09:00 2025",
  "global options" : {
    "write_iops_log" : "classic_1osd_32fio_rc_1procs_randread",
    "write_bw_log" : "classic_1osd_32fio_rc_1procs_randread",
    "write_lat_log" : "classic_1osd_32fio_rc_1procs_randread",
    "ioengine" : "rbd",
    "bs" : "4k",
    "rw" : "randread",
    "direct" : "1",
    "runtime" : "5m",
    "time_based" : "",
    "group_reporting" : "",
    "ramp_time" : "30s",
    "thread" : "1",
    "iodepth" : "52",
    "clientname" : "admin",
    "pool" : "rbd"
  },
  "jobs" : [
    {
      "jobname" : "fio_test_0",
      "groupid" : 0,
      "job_start" : 1747199030525,
      "error" : 110,
      "eta" : 0,
      "elapsed" : 341,
      "job options" : {
        "max_latency" : "1s",
        "numjobs" : "1",
        "rbdname" : "fio_test_31"
      },
      "read" : {
        "io_bytes" : 142549401600,
        "io_kbytes" : 139208400,
        "bw_bytes" : 475118743,
        "bw" : 463983,
        "iops" : 115990.347600,
        "runtime" : 300029,
        "total_ios" : 34800468,
        "short_ios" : 0,
        "drop_ios" : 0,
        "slat_ns" : {
          "min" : 400,
          "max" : 4083863,
          "mean" : 1991.919973,
          "stddev" : 1260.038276,
          "N" : 34800468
        },
        "clat_ns" : {
          "min" : 83407,
          "max" : 2647671180,
          "mean" : 6152539.234060,
          "stddev" : 22403678.076856,
          "N" : 34802100,
          "percentile" : {
            "1.000000" : 350208,
            "5.000000" : 651264,
            "10.000000" : 905216,
            "20.000000" : 1351680,
            "30.000000" : 1810432,
            "40.000000" : 2342912,
            "50.000000" : 2965504,
            "60.000000" : 3817472,
            "70.000000" : 5079040,
            "80.000000" : 7045120,
            "90.000000" : 10682368,
            "95.000000" : 14090240,
            "99.000000" : 54788096,
            "99.500000" : 117964800,
            "99.900000" : 337641472,
            "99.950000" : 438304768,
            "99.990000" : 692060160
          }
        },
        "lat_ns" : {
          "min" : 85119,
          "max" : 2647674476,
          "mean" : 6154531.176172,
          "stddev" : 22403748.713017,
          "N" : 34802100
        },
        "bw_min" : 88,
        "bw_max" : 1161951,
        "bw_agg" : 12.967281,
        "bw_mean" : 60166.673669,
        "bw_dev" : 2287.280088,
        "bw_samples" : 34802100,
        "iops_min" : 32,
        "iops_max" : 32,
        "iops_mean" : 32.000000,
        "iops_stddev" : 0.000000,
        "iops_samples" : 34802100
      },
      "write" : {
        "io_bytes" : 0,
        "io_kbytes" : 0,
        "bw_bytes" : 0,
        "bw" : 0,
        "iops" : 0.000000,
        "runtime" : 0,
        "total_ios" : 0,
        "short_ios" : 0,
        "drop_ios" : 0,
        "slat_ns" : {
          "min" : 0,
          "max" : 0,
          "mean" : 0.000000,
          "stddev" : 0.000000,
          "N" : 0
        },
        "clat_ns" : {
          "min" : 0,
          "max" : 0,
          "mean" : 0.000000,
          "stddev" : 0.000000,
          "N" : 0
        },
        "lat_ns" : {
          "min" : 0,
          "max" : 0,
          "mean" : 0.000000,
          "stddev" : 0.000000,
          "N" : 0
        },
        "bw_min" : 0,
        "bw_max" : 0,
        "bw_agg" : 0.000000,
        "bw_mean" : 0.000000,
        "bw_dev" : 0.000000,
        "bw_samples" : 0,
        "iops_min" : 0,
        "iops_max" : 0,
        "iops_mean" : 0.000000,
        "iops_stddev" : 0.000000,
        "iops_samples" : 0
      },
      "trim" : {
        "io_bytes" : 0,
        "io_kbytes" : 0,
        "bw_bytes" : 0,
        "bw" : 0,
        "iops" : 0.000000,
        "runtime" : 0,
        "total_ios" : 0,
        "short_ios" : 0,
        "drop_ios" : 0,
        "slat_ns" : {
          "min" : 0,
          "max" : 0,
          "mean" : 0.000000,
          "stddev" : 0.000000,
          "N" : 0
        },
        "clat_ns" : {
          "min" : 0,
          "max" : 0,
          "mean" : 0.000000,
          "stddev" : 0.000000,
          "N" : 0
        },
        "lat_ns" : {
          "min" : 0,
          "max" : 0,
          "mean" : 0.000000,
          "stddev" : 0.000000,
          "N" : 0
        },
        "bw_min" : 0,
        "bw_max" : 0,
        "bw_agg" : 0.000000,
        "bw_mean" : 0.000000,
        "bw_dev" : 0.000000,
        "bw_samples" : 0,
        "iops_min" : 0,
        "iops_max" : 0,
        "iops_mean" : 0.000000,
        "iops_stddev" : 0.000000,
        "iops_samples" : 0
      },
      "sync" : {
        "total_ios" : 0,
        "lat_ns" : {
          "min" : 0,
          "max" : 0,
          "mean" : 0.000000,
          "stddev" : 0.000000,
          "N" : 0
        }
      },
      "job_runtime" : 4161456,
      "usr_cpu" : 2.573691,
      "sys_cpu" : 2.447268,
      "ctx" : 28846077,
      "majf" : 0,
      "minf" : 301081,
      "iodepth_level" : {
        "1" : 0.100000,
        "2" : 0.100000,
        "4" : 0.100000,
        "8" : 0.100000,
        "16" : 0.100000,
        "32" : 99.979135,
        ">=64" : 0.000000
      },
      "iodepth_submit" : {
        "0" : 0.000000,
        "4" : 100.000000,
        "8" : 0.000000,
        "16" : 0.000000,
        "32" : 0.000000,
        "64" : 0.000000,
        ">=64" : 0.000000
      },
      "iodepth_complete" : {
        "0" : 0.100000,
        "4" : 99.999934,
        "8" : 0.000000,
        "16" : 0.000000,
        "32" : 0.000000,
        "64" : 0.100000,
        ">=64" : 0.000000
      },
      "latency_ns" : {
        "2" : 0.000000,
        "4" : 0.000000,
        "10" : 0.000000,
        "20" : 0.000000,
        "50" : 0.000000,
        "100" : 0.000000,
        "250" : 0.000000,
        "500" : 0.000000,
        "750" : 0.000000,
        "1000" : 0.000000
      },
      "latency_us" : {
        "2" : 0.000000,
        "4" : 0.000000,
        "10" : 0.000000,
        "20" : 0.000000,
        "50" : 0.000000,
        "100" : 0.010000,
        "250" : 0.285128,
        "500" : 2.399680,
        "750" : 4.178829,
        "1000" : 5.176657
      },
      "latency_ms" : {
        "2" : 21.741113,
        "4" : 27.946297,
        "10" : 26.874064,
        "20" : 9.176744,
        "50" : 1.159964,
        "100" : 0.473652,
        "250" : 0.410322,
        "500" : 0.149481,
        "750" : 0.025635,
        "1000" : 0.010000,
        "2000" : 0.010000,
        ">=2000" : 0.010000
      },
      "latency_depth" : 52,
      "latency_target" : 0,
      "latency_percentile" : 100.000000,
      "latency_window" : 0
    }
  ],
  "disk_util" : [
    {
      "name" : "sda",
      "read_ios" : 0,
      "write_ios" : 9018,
      "read_sectors" : 0,
      "write_sectors" : 8512632,
      "read_merges" : 0,
      "write_merges" : 7290,
      "read_ticks" : 0,
      "write_ticks" : 57820,
      "in_queue" : 58258,
      "util" : 2.549394
    }
  ]
}
