{
  "fio version" : "fio-3.39-26-ga72fe",
  "timestamp" : 1755528177,
  "timestamp_ms" : 1755528177814,
  "time" : "Mon Aug 18 14:42:57 2025",
  "global options" : {
    "write_iops_log" : "sea_1osd_8reactor_32fio_bal_osd_rc_1procs_randread_norm",
    "write_bw_log" : "sea_1osd_8reactor_32fio_bal_osd_rc_1procs_randread_norm",
    "write_lat_log" : "sea_1osd_8reactor_32fio_bal_osd_rc_1procs_randread_norm",
    "write_hist_log" : "sea_1osd_8reactor_32fio_bal_osd_rc_1procs_randread_norm",
    "ioengine" : "rbd",
    "bs" : "4k",
    "rw" : "randread",
    "random_distribution" : "normal:0.6",
    "direct" : "1",
    "runtime" : "5m",
    "time_based" : "",
    "group_reporting" : "",
    "numjobs" : "1",
    "ramp_time" : "30s",
    "thread" : "1",
    "iodepth" : "16",
    "clientname" : "admin",
    "pool" : "rbd"
  },
  "jobs" : [
    {
      "jobname" : "fio_test_0",
      "groupid" : 0,
      "job_start" : 1755527860314,
      "error" : 0,
      "eta" : 0,
      "elapsed" : 348,
      "job options" : {
        "max_latency" : "1s",
        "rbdname" : "fio_test_0"
      },
      "read" : {
        "io_bytes" : 42111848448,
        "io_kbytes" : 41124852,
        "bw_bytes" : 140372360,
        "bw" : 137082,
        "iops" : 34270.545765,
        "runtime" : 300001,
        "total_ios" : 10281198,
        "short_ios" : 0,
        "drop_ios" : 0,
        "slat_ns" : {
          "min" : 360,
          "max" : 525294,
          "mean" : 2313.288744,
          "stddev" : 1621.323550,
          "N" : 10281198
        },
        "clat_ns" : {
          "min" : 32017,
          "max" : 2396075,
          "mean" : 462913.103064,
          "stddev" : 180056.760933,
          "N" : 10281213,
          "percentile" : {
            "1.000000" : 164864,
            "5.000000" : 216064,
            "10.000000" : 252928,
            "20.000000" : 309248,
            "30.000000" : 350208,
            "40.000000" : 395264,
            "50.000000" : 440320,
            "60.000000" : 489472,
            "70.000000" : 544768,
            "80.000000" : 610304,
            "90.000000" : 700416,
            "95.000000" : 765952,
            "99.000000" : 937984,
            "99.500000" : 1122304,
            "99.900000" : 1531904,
            "99.950000" : 1662976,
            "99.990000" : 1826816
          }
        },
        "lat_ns" : {
          "min" : 86055,
          "max" : 2398476,
          "mean" : 465226.390625,
          "stddev" : 180588.061036,
          "N" : 10281213
        },
        "bw_min" : 1709,
        "bw_max" : 127932,
        "bw_agg" : 7.530508,
        "bw_mean" : 10323.119001,
        "bw_dev" : 4384.707173,
        "bw_samples" : 10281213,
        "iops_min" : 1,
        "iops_max" : 1,
        "iops_mean" : 1.000000,
        "iops_stddev" : 0.000000,
        "iops_samples" : 10281213
      },
      "write" : {
        "io_bytes" : 0,
        "io_kbytes" : 0,
        "bw_bytes" : 0,
        "bw" : 0,
        "iops" : 0.000000,
        "runtime" : 0,
        "total_ios" : 0,
        "short_ios" : 0,
        "drop_ios" : 0,
        "slat_ns" : {
          "min" : 0,
          "max" : 0,
          "mean" : 0.000000,
          "stddev" : 0.000000,
          "N" : 0
        },
        "clat_ns" : {
          "min" : 0,
          "max" : 0,
          "mean" : 0.000000,
          "stddev" : 0.000000,
          "N" : 0
        },
        "lat_ns" : {
          "min" : 0,
          "max" : 0,
          "mean" : 0.000000,
          "stddev" : 0.000000,
          "N" : 0
        },
        "bw_min" : 0,
        "bw_max" : 0,
        "bw_agg" : 0.000000,
        "bw_mean" : 0.000000,
        "bw_dev" : 0.000000,
        "bw_samples" : 0,
        "iops_min" : 0,
        "iops_max" : 0,
        "iops_mean" : 0.000000,
        "iops_stddev" : 0.000000,
        "iops_samples" : 0
      },
      "trim" : {
        "io_bytes" : 0,
        "io_kbytes" : 0,
        "bw_bytes" : 0,
        "bw" : 0,
        "iops" : 0.000000,
        "runtime" : 0,
        "total_ios" : 0,
        "short_ios" : 0,
        "drop_ios" : 0,
        "slat_ns" : {
          "min" : 0,
          "max" : 0,
          "mean" : 0.000000,
          "stddev" : 0.000000,
          "N" : 0
        },
        "clat_ns" : {
          "min" : 0,
          "max" : 0,
          "mean" : 0.000000,
          "stddev" : 0.000000,
          "N" : 0
        },
        "lat_ns" : {
          "min" : 0,
          "max" : 0,
          "mean" : 0.000000,
          "stddev" : 0.000000,
          "N" : 0
        },
        "bw_min" : 0,
        "bw_max" : 0,
        "bw_agg" : 0.000000,
        "bw_mean" : 0.000000,
        "bw_dev" : 0.000000,
        "bw_samples" : 0,
        "iops_min" : 0,
        "iops_max" : 0,
        "iops_mean" : 0.000000,
        "iops_stddev" : 0.000000,
        "iops_samples" : 0
      },
      "sync" : {
        "total_ios" : 0,
        "lat_ns" : {
          "min" : 0,
          "max" : 0,
          "mean" : 0.000000,
          "stddev" : 0.000000,
          "N" : 0
        }
      },
      "job_runtime" : 300000,
      "usr_cpu" : 13.962667,
      "sys_cpu" : 9.658333,
      "ctx" : 5388305,
      "majf" : 0,
      "minf" : 30831,
      "iodepth_level" : {
        "1" : 0.100000,
        "2" : 0.100000,
        "4" : 0.100000,
        "8" : 0.100000,
        "16" : 99.997374,
        "32" : 0.000000,
        ">=64" : 0.000000
      },
      "iodepth_submit" : {
        "0" : 0.000000,
        "4" : 100.000000,
        "8" : 0.000000,
        "16" : 0.000000,
        "32" : 0.000000,
        "64" : 0.000000,
        ">=64" : 0.000000
      },
      "iodepth_complete" : {
        "0" : 0.000000,
        "4" : 99.999995,
        "8" : 0.000000,
        "16" : 0.100000,
        "32" : 0.000000,
        "64" : 0.000000,
        ">=64" : 0.000000
      },
      "latency_ns" : {
        "2" : 0.000000,
        "4" : 0.000000,
        "10" : 0.000000,
        "20" : 0.000000,
        "50" : 0.000000,
        "100" : 0.000000,
        "250" : 0.000000,
        "500" : 0.000000,
        "750" : 0.000000,
        "1000" : 0.000000
      },
      "latency_us" : {
        "2" : 0.000000,
        "4" : 0.000000,
        "10" : 0.000000,
        "20" : 0.000000,
        "50" : 0.010000,
        "100" : 0.010000,
        "250" : 9.487824,
        "500" : 52.851302,
        "750" : 31.540994,
        "1000" : 5.347208
      },
      "latency_ms" : {
        "2" : 0.770581,
        "4" : 0.010000,
        "10" : 0.000000,
        "20" : 0.000000,
        "50" : 0.000000,
        "100" : 0.000000,
        "250" : 0.000000,
        "500" : 0.000000,
        "750" : 0.000000,
        "1000" : 0.000000,
        "2000" : 0.000000,
        ">=2000" : 0.000000
      },
      "latency_depth" : 16,
      "latency_target" : 0,
      "latency_percentile" : 100.000000,
      "latency_window" : 0
    }
  ],
  "disk_util" : [
    {
      "name" : "sda",
      "read_ios" : 0,
      "write_ios" : 8639,
      "read_sectors" : 0,
      "write_sectors" : 7063744,
      "read_merges" : 0,
      "write_merges" : 6258,
      "read_ticks" : 0,
      "write_ticks" : 44574,
      "in_queue" : 44838,
      "util" : 1.982768
    }
  ]
}
