{
    "iodepth": [
        "1",
        "2",
        "4",
        "8",
        "16",
        "24",
        "32",
        "40",
        "52",
        "64"
    ],
    "iops": [
        6597.874674,
        12759.200803,
        22633.547888,
        28751.104163,
        34270.545765,
        33260.0358,
        33479.735068,
        36824.390585,
        36289.672368,
        41437.198543
    ],
    "total_ios": [
        1979369,
        3827773,
        6790087,
        8625360,
        10281198,
        9978044,
        10043954,
        11047354,
        10886938,
        12431201
    ],
    "clat_ms": [
        0.147260729949,
        0.152639011235,
        0.17305602603,
        0.27467156728299996,
        0.462913103064,
        0.7171433665729999,
        0.951113854544,
        1.0813523333900001,
        1.427366724922,
        1.538741803232
    ],
    "clat_stdev": [
        0.039559464621,
        0.039383956119,
        0.050015544192,
        0.094851365401,
        0.18005676093300002,
        0.313458963626,
        0.410291533476,
        0.441245822721,
        0.5398682251910001,
        0.533404115579
    ],
    "usr_cpu": [
        3.246,
        5.770333,
        8.918667,
        10.733667,
        13.962667,
        14.364667,
        14.348333,
        15.081333,
        15.418333,
        16.072667
    ],
    "sys_cpu": [
        3.506667,
        6.065333,
        8.209667,
        8.955333,
        9.658333,
        10.014667,
        9.431333,
        9.826333,
        9.803,
        9.908
    ],
    "OSD_cpu": [
        239.50999999999996,
        342.57333333333315,
        483.26000000000016,
        551.94,
        573.9866666666665,
        525.7699999999999,
        503.51999999999987,
        511.33666666666653,
        497.0499999999999,
        516.8133333333329
    ],
    "OSD_mem": [
        32.24666666666631,
        33.59999999999962,
        33.59999999999962,
        33.59999999999962,
        33.59999999999962,
        33.59999999999962,
        33.59999999999962,
        35.919999999999995,
        36.0,
        36.0
    ],
    "FIO_cpu": [
        43.91999999999998,
        83.02999999999997,
        115.19333333333341,
        128.75000000000003,
        147.21333333333334,
        149.7800000000001,
        145.10666666666668,
        149.41666666666669,
        150.00333333333327,
        155.8833333333333
    ],
    "FIO_mem": [
        0.4266666666666657,
        1.0666666666666729,
        1.4933333333333456,
        1.9733333333333525,
        2.186666666666686,
        2.240000000000021,
        2.186666666666686,
        2.346666666666687,
        2.293333333333354,
        2.4000000000000203
    ]
}