{
  "fio version" : "fio-3.39-26-ga72fe",
  "timestamp" : 1755541857,
  "timestamp_ms" : 1755541857434,
  "time" : "Mon Aug 18 18:30:57 2025",
  "global options" : {
    "write_iops_log" : "sea_1osd_8reactor_32fio_bal_osd_rc_1procs_randread_zipf",
    "write_bw_log" : "sea_1osd_8reactor_32fio_bal_osd_rc_1procs_randread_zipf",
    "write_lat_log" : "sea_1osd_8reactor_32fio_bal_osd_rc_1procs_randread_zipf",
    "write_hist_log" : "sea_1osd_8reactor_32fio_bal_osd_rc_1procs_randread_zipf",
    "ioengine" : "rbd",
    "bs" : "4k",
    "rw" : "randread",
    "random_distribution" : "zipf:0.76878",
    "direct" : "1",
    "runtime" : "5m",
    "time_based" : "",
    "group_reporting" : "",
    "numjobs" : "1",
    "ramp_time" : "30s",
    "thread" : "1",
    "iodepth" : "32",
    "clientname" : "admin",
    "pool" : "rbd"
  },
  "jobs" : [
    {
      "jobname" : "fio_test_0",
      "groupid" : 0,
      "job_start" : 1755541539934,
      "error" : 0,
      "eta" : 0,
      "elapsed" : 348,
      "job options" : {
        "max_latency" : "1s",
        "rbdname" : "fio_test_0"
      },
      "read" : {
        "io_bytes" : 42184187904,
        "io_kbytes" : 41195496,
        "bw_bytes" : 140613490,
        "bw" : 137317,
        "iops" : 34329.362235,
        "runtime" : 300001,
        "total_ios" : 10298843,
        "short_ios" : 0,
        "drop_ios" : 0,
        "slat_ns" : {
          "min" : 358,
          "max" : 306543,
          "mean" : 2224.817570,
          "stddev" : 1570.736192,
          "N" : 10298843
        },
        "clat_ns" : {
          "min" : 102571,
          "max" : 3948856,
          "mean" : 927514.295297,
          "stddev" : 418599.594480,
          "N" : 10298874,
          "percentile" : {
            "1.000000" : 250880,
            "5.000000" : 387072,
            "10.000000" : 468992,
            "20.000000" : 577536,
            "30.000000" : 667648,
            "40.000000" : 757760,
            "50.000000" : 847872,
            "60.000000" : 954368,
            "70.000000" : 1073152,
            "80.000000" : 1220608,
            "90.000000" : 1531904,
            "95.000000" : 1794048,
            "99.000000" : 2146304,
            "99.500000" : 2211840,
            "99.900000" : 2375680,
            "99.950000" : 2441216,
            "99.990000" : 2572288
          }
        },
        "lat_ns" : {
          "min" : 103755,
          "max" : 3951332,
          "mean" : 929739.109921,
          "stddev" : 419045.395450,
          "N" : 10298874
        },
        "bw_min" : 1037,
        "bw_max" : 39933,
        "bw_agg" : 3.979817,
        "bw_mean" : 5465.080161,
        "bw_dev" : 2935.366252,
        "bw_samples" : 10298874,
        "iops_min" : 1,
        "iops_max" : 1,
        "iops_mean" : 1.000000,
        "iops_stddev" : 0.000000,
        "iops_samples" : 10298874
      },
      "write" : {
        "io_bytes" : 0,
        "io_kbytes" : 0,
        "bw_bytes" : 0,
        "bw" : 0,
        "iops" : 0.000000,
        "runtime" : 0,
        "total_ios" : 0,
        "short_ios" : 0,
        "drop_ios" : 0,
        "slat_ns" : {
          "min" : 0,
          "max" : 0,
          "mean" : 0.000000,
          "stddev" : 0.000000,
          "N" : 0
        },
        "clat_ns" : {
          "min" : 0,
          "max" : 0,
          "mean" : 0.000000,
          "stddev" : 0.000000,
          "N" : 0
        },
        "lat_ns" : {
          "min" : 0,
          "max" : 0,
          "mean" : 0.000000,
          "stddev" : 0.000000,
          "N" : 0
        },
        "bw_min" : 0,
        "bw_max" : 0,
        "bw_agg" : 0.000000,
        "bw_mean" : 0.000000,
        "bw_dev" : 0.000000,
        "bw_samples" : 0,
        "iops_min" : 0,
        "iops_max" : 0,
        "iops_mean" : 0.000000,
        "iops_stddev" : 0.000000,
        "iops_samples" : 0
      },
      "trim" : {
        "io_bytes" : 0,
        "io_kbytes" : 0,
        "bw_bytes" : 0,
        "bw" : 0,
        "iops" : 0.000000,
        "runtime" : 0,
        "total_ios" : 0,
        "short_ios" : 0,
        "drop_ios" : 0,
        "slat_ns" : {
          "min" : 0,
          "max" : 0,
          "mean" : 0.000000,
          "stddev" : 0.000000,
          "N" : 0
        },
        "clat_ns" : {
          "min" : 0,
          "max" : 0,
          "mean" : 0.000000,
          "stddev" : 0.000000,
          "N" : 0
        },
        "lat_ns" : {
          "min" : 0,
          "max" : 0,
          "mean" : 0.000000,
          "stddev" : 0.000000,
          "N" : 0
        },
        "bw_min" : 0,
        "bw_max" : 0,
        "bw_agg" : 0.000000,
        "bw_mean" : 0.000000,
        "bw_dev" : 0.000000,
        "bw_samples" : 0,
        "iops_min" : 0,
        "iops_max" : 0,
        "iops_mean" : 0.000000,
        "iops_stddev" : 0.000000,
        "iops_samples" : 0
      },
      "sync" : {
        "total_ios" : 0,
        "lat_ns" : {
          "min" : 0,
          "max" : 0,
          "mean" : 0.000000,
          "stddev" : 0.000000,
          "N" : 0
        }
      },
      "job_runtime" : 300000,
      "usr_cpu" : 14.268000,
      "sys_cpu" : 9.572333,
      "ctx" : 4960160,
      "majf" : 0,
      "minf" : 38385,
      "iodepth_level" : {
        "1" : 0.100000,
        "2" : 0.100000,
        "4" : 0.100000,
        "8" : 0.100000,
        "16" : 0.100000,
        "32" : 99.994582,
        ">=64" : 0.000000
      },
      "iodepth_submit" : {
        "0" : 0.000000,
        "4" : 100.000000,
        "8" : 0.000000,
        "16" : 0.000000,
        "32" : 0.000000,
        "64" : 0.000000,
        ">=64" : 0.000000
      },
      "iodepth_complete" : {
        "0" : 0.000000,
        "4" : 99.999995,
        "8" : 0.000000,
        "16" : 0.000000,
        "32" : 0.100000,
        "64" : 0.000000,
        ">=64" : 0.000000
      },
      "latency_ns" : {
        "2" : 0.000000,
        "4" : 0.000000,
        "10" : 0.000000,
        "20" : 0.000000,
        "50" : 0.000000,
        "100" : 0.000000,
        "250" : 0.000000,
        "500" : 0.000000,
        "750" : 0.000000,
        "1000" : 0.000000
      },
      "latency_us" : {
        "2" : 0.000000,
        "4" : 0.000000,
        "10" : 0.000000,
        "20" : 0.000000,
        "50" : 0.000000,
        "100" : 0.000000,
        "250" : 0.973925,
        "500" : 11.523421,
        "750" : 26.686192,
        "1000" : 25.101567
      },
      "latency_ms" : {
        "2" : 33.448951,
        "4" : 2.266245,
        "10" : 0.000000,
        "20" : 0.000000,
        "50" : 0.000000,
        "100" : 0.000000,
        "250" : 0.000000,
        "500" : 0.000000,
        "750" : 0.000000,
        "1000" : 0.000000,
        "2000" : 0.000000,
        ">=2000" : 0.000000
      },
      "latency_depth" : 32,
      "latency_target" : 0,
      "latency_percentile" : 100.000000,
      "latency_window" : 0
    }
  ],
  "disk_util" : [
    {
      "name" : "sda",
      "read_ios" : 0,
      "write_ios" : 8006,
      "read_sectors" : 0,
      "write_sectors" : 6715392,
      "read_merges" : 0,
      "write_merges" : 6043,
      "read_ticks" : 0,
      "write_ticks" : 41353,
      "in_queue" : 41417,
      "util" : 1.900674
    }
  ]
}
