{
  "fio version" : "fio-3.39-26-ga72fe",
  "timestamp" : 1755542909,
  "timestamp_ms" : 1755542909026,
  "time" : "Mon Aug 18 18:48:29 2025",
  "global options" : {
    "write_iops_log" : "sea_1osd_8reactor_32fio_bal_osd_rc_1procs_randread_zipf",
    "write_bw_log" : "sea_1osd_8reactor_32fio_bal_osd_rc_1procs_randread_zipf",
    "write_lat_log" : "sea_1osd_8reactor_32fio_bal_osd_rc_1procs_randread_zipf",
    "write_hist_log" : "sea_1osd_8reactor_32fio_bal_osd_rc_1procs_randread_zipf",
    "ioengine" : "rbd",
    "bs" : "4k",
    "rw" : "randread",
    "random_distribution" : "zipf:0.76878",
    "direct" : "1",
    "runtime" : "5m",
    "time_based" : "",
    "group_reporting" : "",
    "numjobs" : "1",
    "ramp_time" : "30s",
    "thread" : "1",
    "iodepth" : "64",
    "clientname" : "admin",
    "pool" : "rbd"
  },
  "jobs" : [
    {
      "jobname" : "fio_test_0",
      "groupid" : 0,
      "job_start" : 1755542589026,
      "error" : 0,
      "eta" : 0,
      "elapsed" : 351,
      "job options" : {
        "max_latency" : "1s",
        "rbdname" : "fio_test_0"
      },
      "read" : {
        "io_bytes" : 48309092352,
        "io_kbytes" : 47176848,
        "bw_bytes" : 161029234,
        "bw" : 157255,
        "iops" : 39313.567910,
        "runtime" : 300002,
        "total_ios" : 11794149,
        "short_ios" : 0,
        "drop_ios" : 0,
        "slat_ns" : {
          "min" : 346,
          "max" : 784781,
          "mean" : 2102.952468,
          "stddev" : 1555.060105,
          "N" : 11794149
        },
        "clat_ns" : {
          "min" : 120493,
          "max" : 5348341,
          "mean" : 1621840.511459,
          "stddev" : 549664.169080,
          "N" : 11794212,
          "percentile" : {
            "1.000000" : 577536,
            "5.000000" : 815104,
            "10.000000" : 954368,
            "20.000000" : 1155072,
            "30.000000" : 1318912,
            "40.000000" : 1449984,
            "50.000000" : 1564672,
            "60.000000" : 1695744,
            "70.000000" : 1826816,
            "80.000000" : 2039808,
            "90.000000" : 2408448,
            "95.000000" : 2670592,
            "99.000000" : 3031040,
            "99.500000" : 3162112,
            "99.900000" : 3358720,
            "99.950000" : 3457024,
            "99.990000" : 3620864
          }
        },
        "lat_ns" : {
          "min" : 121307,
          "max" : 5350712,
          "mean" : 1623943.458892,
          "stddev" : 549897.958012,
          "N" : 11794212
        },
        "bw_min" : 765,
        "bw_max" : 33993,
        "bw_agg" : 1.830147,
        "bw_mean" : 2878.674629,
        "bw_dev" : 1267.677708,
        "bw_samples" : 11794212,
        "iops_min" : 1,
        "iops_max" : 1,
        "iops_mean" : 1.000000,
        "iops_stddev" : 0.000000,
        "iops_samples" : 11794212
      },
      "write" : {
        "io_bytes" : 0,
        "io_kbytes" : 0,
        "bw_bytes" : 0,
        "bw" : 0,
        "iops" : 0.000000,
        "runtime" : 0,
        "total_ios" : 0,
        "short_ios" : 0,
        "drop_ios" : 0,
        "slat_ns" : {
          "min" : 0,
          "max" : 0,
          "mean" : 0.000000,
          "stddev" : 0.000000,
          "N" : 0
        },
        "clat_ns" : {
          "min" : 0,
          "max" : 0,
          "mean" : 0.000000,
          "stddev" : 0.000000,
          "N" : 0
        },
        "lat_ns" : {
          "min" : 0,
          "max" : 0,
          "mean" : 0.000000,
          "stddev" : 0.000000,
          "N" : 0
        },
        "bw_min" : 0,
        "bw_max" : 0,
        "bw_agg" : 0.000000,
        "bw_mean" : 0.000000,
        "bw_dev" : 0.000000,
        "bw_samples" : 0,
        "iops_min" : 0,
        "iops_max" : 0,
        "iops_mean" : 0.000000,
        "iops_stddev" : 0.000000,
        "iops_samples" : 0
      },
      "trim" : {
        "io_bytes" : 0,
        "io_kbytes" : 0,
        "bw_bytes" : 0,
        "bw" : 0,
        "iops" : 0.000000,
        "runtime" : 0,
        "total_ios" : 0,
        "short_ios" : 0,
        "drop_ios" : 0,
        "slat_ns" : {
          "min" : 0,
          "max" : 0,
          "mean" : 0.000000,
          "stddev" : 0.000000,
          "N" : 0
        },
        "clat_ns" : {
          "min" : 0,
          "max" : 0,
          "mean" : 0.000000,
          "stddev" : 0.000000,
          "N" : 0
        },
        "lat_ns" : {
          "min" : 0,
          "max" : 0,
          "mean" : 0.000000,
          "stddev" : 0.000000,
          "N" : 0
        },
        "bw_min" : 0,
        "bw_max" : 0,
        "bw_agg" : 0.000000,
        "bw_mean" : 0.000000,
        "bw_dev" : 0.000000,
        "bw_samples" : 0,
        "iops_min" : 0,
        "iops_max" : 0,
        "iops_mean" : 0.000000,
        "iops_stddev" : 0.000000,
        "iops_samples" : 0
      },
      "sync" : {
        "total_ios" : 0,
        "lat_ns" : {
          "min" : 0,
          "max" : 0,
          "mean" : 0.000000,
          "stddev" : 0.000000,
          "N" : 0
        }
      },
      "job_runtime" : 300001,
      "usr_cpu" : 16.176613,
      "sys_cpu" : 9.700968,
      "ctx" : 5296160,
      "majf" : 0,
      "minf" : 45334,
      "iodepth_level" : {
        "1" : 0.100000,
        "2" : 0.100000,
        "4" : 0.100000,
        "8" : 0.100000,
        "16" : 0.100000,
        "32" : 0.100000,
        ">=64" : 99.989317
      },
      "iodepth_submit" : {
        "0" : 0.000000,
        "4" : 100.000000,
        "8" : 0.000000,
        "16" : 0.000000,
        "32" : 0.000000,
        "64" : 0.000000,
        ">=64" : 0.000000
      },
      "iodepth_complete" : {
        "0" : 0.000000,
        "4" : 99.999996,
        "8" : 0.000000,
        "16" : 0.000000,
        "32" : 0.000000,
        "64" : 0.100000,
        ">=64" : 0.000000
      },
      "latency_ns" : {
        "2" : 0.000000,
        "4" : 0.000000,
        "10" : 0.000000,
        "20" : 0.000000,
        "50" : 0.000000,
        "100" : 0.000000,
        "250" : 0.000000,
        "500" : 0.000000,
        "750" : 0.000000,
        "1000" : 0.000000
      },
      "latency_us" : {
        "2" : 0.000000,
        "4" : 0.000000,
        "10" : 0.000000,
        "20" : 0.000000,
        "50" : 0.000000,
        "100" : 0.000000,
        "250" : 0.064091,
        "500" : 0.484249,
        "750" : 2.834550,
        "1000" : 8.617994
      },
      "latency_ms" : {
        "2" : 66.221743,
        "4" : 21.777536,
        "10" : 0.010000,
        "20" : 0.000000,
        "50" : 0.000000,
        "100" : 0.000000,
        "250" : 0.000000,
        "500" : 0.000000,
        "750" : 0.000000,
        "1000" : 0.000000,
        "2000" : 0.000000,
        ">=2000" : 0.000000
      },
      "latency_depth" : 64,
      "latency_target" : 0,
      "latency_percentile" : 100.000000,
      "latency_window" : 0
    }
  ],
  "disk_util" : [
    {
      "name" : "sda",
      "read_ios" : 0,
      "write_ios" : 8336,
      "read_sectors" : 0,
      "write_sectors" : 7089944,
      "read_merges" : 0,
      "write_merges" : 6180,
      "read_ticks" : 0,
      "write_ticks" : 46112,
      "in_queue" : 46199,
      "util" : 1.984075
    }
  ]
}
