{
  "fio version" : "fio-3.39-26-ga72fe",
  "timestamp" : 1755542557,
  "timestamp_ms" : 1755542557333,
  "time" : "Mon Aug 18 18:42:37 2025",
  "global options" : {
    "write_iops_log" : "sea_1osd_8reactor_32fio_bal_osd_rc_1procs_randread_zipf",
    "write_bw_log" : "sea_1osd_8reactor_32fio_bal_osd_rc_1procs_randread_zipf",
    "write_lat_log" : "sea_1osd_8reactor_32fio_bal_osd_rc_1procs_randread_zipf",
    "write_hist_log" : "sea_1osd_8reactor_32fio_bal_osd_rc_1procs_randread_zipf",
    "ioengine" : "rbd",
    "bs" : "4k",
    "rw" : "randread",
    "random_distribution" : "zipf:0.76878",
    "direct" : "1",
    "runtime" : "5m",
    "time_based" : "",
    "group_reporting" : "",
    "numjobs" : "1",
    "ramp_time" : "30s",
    "thread" : "1",
    "iodepth" : "52",
    "clientname" : "admin",
    "pool" : "rbd"
  },
  "jobs" : [
    {
      "jobname" : "fio_test_0",
      "groupid" : 0,
      "job_start" : 1755542238333,
      "error" : 0,
      "eta" : 0,
      "elapsed" : 350,
      "job options" : {
        "max_latency" : "1s",
        "rbdname" : "fio_test_0"
      },
      "read" : {
        "io_bytes" : 45876371456,
        "io_kbytes" : 44801144,
        "bw_bytes" : 152920728,
        "bw" : 149336,
        "iops" : 37333.992220,
        "runtime" : 300001,
        "total_ios" : 11200235,
        "short_ios" : 0,
        "drop_ios" : 0,
        "slat_ns" : {
          "min" : 329,
          "max" : 98767,
          "mean" : 2145.920514,
          "stddev" : 1517.968876,
          "N" : 11200235
        },
        "clat_ns" : {
          "min" : 106491,
          "max" : 7290100,
          "mean" : 1387385.393586,
          "stddev" : 533578.141159,
          "N" : 11200286,
          "percentile" : {
            "1.000000" : 415744,
            "5.000000" : 626688,
            "10.000000" : 757760,
            "20.000000" : 937984,
            "30.000000" : 1073152,
            "40.000000" : 1187840,
            "50.000000" : 1302528,
            "60.000000" : 1433600,
            "70.000000" : 1597440,
            "80.000000" : 1826816,
            "90.000000" : 2179072,
            "95.000000" : 2408448,
            "99.000000" : 2736128,
            "99.500000" : 2834432,
            "99.900000" : 2998272,
            "99.950000" : 3063808,
            "99.990000" : 3227648
          }
        },
        "lat_ns" : {
          "min" : 107437,
          "max" : 7294507,
          "mean" : 1389531.309553,
          "stddev" : 533953.966303,
          "N" : 11200286
        },
        "bw_min" : 561,
        "bw_max" : 38463,
        "bw_agg" : 2.348385,
        "bw_mean" : 3507.083209,
        "bw_dev" : 1843.702800,
        "bw_samples" : 11200286,
        "iops_min" : 1,
        "iops_max" : 1,
        "iops_mean" : 1.000000,
        "iops_stddev" : 0.000000,
        "iops_samples" : 11200286
      },
      "write" : {
        "io_bytes" : 0,
        "io_kbytes" : 0,
        "bw_bytes" : 0,
        "bw" : 0,
        "iops" : 0.000000,
        "runtime" : 0,
        "total_ios" : 0,
        "short_ios" : 0,
        "drop_ios" : 0,
        "slat_ns" : {
          "min" : 0,
          "max" : 0,
          "mean" : 0.000000,
          "stddev" : 0.000000,
          "N" : 0
        },
        "clat_ns" : {
          "min" : 0,
          "max" : 0,
          "mean" : 0.000000,
          "stddev" : 0.000000,
          "N" : 0
        },
        "lat_ns" : {
          "min" : 0,
          "max" : 0,
          "mean" : 0.000000,
          "stddev" : 0.000000,
          "N" : 0
        },
        "bw_min" : 0,
        "bw_max" : 0,
        "bw_agg" : 0.000000,
        "bw_mean" : 0.000000,
        "bw_dev" : 0.000000,
        "bw_samples" : 0,
        "iops_min" : 0,
        "iops_max" : 0,
        "iops_mean" : 0.000000,
        "iops_stddev" : 0.000000,
        "iops_samples" : 0
      },
      "trim" : {
        "io_bytes" : 0,
        "io_kbytes" : 0,
        "bw_bytes" : 0,
        "bw" : 0,
        "iops" : 0.000000,
        "runtime" : 0,
        "total_ios" : 0,
        "short_ios" : 0,
        "drop_ios" : 0,
        "slat_ns" : {
          "min" : 0,
          "max" : 0,
          "mean" : 0.000000,
          "stddev" : 0.000000,
          "N" : 0
        },
        "clat_ns" : {
          "min" : 0,
          "max" : 0,
          "mean" : 0.000000,
          "stddev" : 0.000000,
          "N" : 0
        },
        "lat_ns" : {
          "min" : 0,
          "max" : 0,
          "mean" : 0.000000,
          "stddev" : 0.000000,
          "N" : 0
        },
        "bw_min" : 0,
        "bw_max" : 0,
        "bw_agg" : 0.000000,
        "bw_mean" : 0.000000,
        "bw_dev" : 0.000000,
        "bw_samples" : 0,
        "iops_min" : 0,
        "iops_max" : 0,
        "iops_mean" : 0.000000,
        "iops_stddev" : 0.000000,
        "iops_samples" : 0
      },
      "sync" : {
        "total_ios" : 0,
        "lat_ns" : {
          "min" : 0,
          "max" : 0,
          "mean" : 0.000000,
          "stddev" : 0.000000,
          "N" : 0
        }
      },
      "job_runtime" : 300000,
      "usr_cpu" : 15.407333,
      "sys_cpu" : 9.969667,
      "ctx" : 5288399,
      "majf" : 0,
      "minf" : 32348,
      "iodepth_level" : {
        "1" : 0.100000,
        "2" : 0.100000,
        "4" : 0.100000,
        "8" : 0.100000,
        "16" : 0.100000,
        "32" : 99.994741,
        ">=64" : 0.000000
      },
      "iodepth_submit" : {
        "0" : 0.000000,
        "4" : 100.000000,
        "8" : 0.000000,
        "16" : 0.000000,
        "32" : 0.000000,
        "64" : 0.000000,
        ">=64" : 0.000000
      },
      "iodepth_complete" : {
        "0" : 0.000000,
        "4" : 99.999996,
        "8" : 0.000000,
        "16" : 0.000000,
        "32" : 0.000000,
        "64" : 0.100000,
        ">=64" : 0.000000
      },
      "latency_ns" : {
        "2" : 0.000000,
        "4" : 0.000000,
        "10" : 0.000000,
        "20" : 0.000000,
        "50" : 0.000000,
        "100" : 0.000000,
        "250" : 0.000000,
        "500" : 0.000000,
        "750" : 0.000000,
        "1000" : 0.000000
      },
      "latency_us" : {
        "2" : 0.000000,
        "4" : 0.000000,
        "10" : 0.000000,
        "20" : 0.000000,
        "50" : 0.000000,
        "100" : 0.000000,
        "250" : 0.268244,
        "500" : 1.763186,
        "750" : 7.482611,
        "1000" : 15.030077
      },
      "latency_ms" : {
        "2" : 60.840902,
        "4" : 14.614220,
        "10" : 0.010000,
        "20" : 0.000000,
        "50" : 0.000000,
        "100" : 0.000000,
        "250" : 0.000000,
        "500" : 0.000000,
        "750" : 0.000000,
        "1000" : 0.000000,
        "2000" : 0.000000,
        ">=2000" : 0.000000
      },
      "latency_depth" : 52,
      "latency_target" : 0,
      "latency_percentile" : 100.000000,
      "latency_window" : 0
    }
  ],
  "disk_util" : [
    {
      "name" : "sda",
      "read_ios" : 0,
      "write_ios" : 9383,
      "read_sectors" : 0,
      "write_sectors" : 6525664,
      "read_merges" : 0,
      "write_merges" : 6139,
      "read_ticks" : 0,
      "write_ticks" : 41533,
      "in_queue" : 41622,
      "util" : 1.844038
    }
  ]
}
