{
  "fio version" : "fio-3.39-26-ga72fe",
  "timestamp" : 1750938086,
  "timestamp_ms" : 1750938086017,
  "time" : "Thu Jun 26 11:41:26 2025",
  "global options" : {
    "ioengine" : "rbd",
    "bs" : "4k",
    "rw" : "randwrite",
    "direct" : "1",
    "runtime" : "5m",
    "time_based" : "",
    "group_reporting" : "",
    "ramp_time" : "30s",
    "thread" : "1",
    "iodepth" : "4",
    "clientname" : "admin",
    "pool" : "rbd"
  },
  "jobs" : [
    {
      "jobname" : "fio_test_0",
      "groupid" : 0,
      "job_start" : 1750937785928,
      "error" : 0,
      "eta" : 0,
      "elapsed" : 331,
      "job options" : {
        "max_latency" : "1s",
        "numjobs" : "1",
        "rbdname" : "fio_test_31"
      },
      "read" : {
        "io_bytes" : 0,
        "io_kbytes" : 0,
        "bw_bytes" : 0,
        "bw" : 0,
        "iops" : 0.000000,
        "runtime" : 0,
        "total_ios" : 0,
        "short_ios" : 0,
        "drop_ios" : 0,
        "slat_ns" : {
          "min" : 0,
          "max" : 0,
          "mean" : 0.000000,
          "stddev" : 0.000000,
          "N" : 0
        },
        "clat_ns" : {
          "min" : 0,
          "max" : 0,
          "mean" : 0.000000,
          "stddev" : 0.000000,
          "N" : 0
        },
        "lat_ns" : {
          "min" : 0,
          "max" : 0,
          "mean" : 0.000000,
          "stddev" : 0.000000,
          "N" : 0
        },
        "bw_min" : 0,
        "bw_max" : 0,
        "bw_agg" : 0.000000,
        "bw_mean" : 0.000000,
        "bw_dev" : 0.000000,
        "bw_samples" : 0,
        "iops_min" : 0,
        "iops_max" : 0,
        "iops_mean" : 0.000000,
        "iops_stddev" : 0.000000,
        "iops_samples" : 0
      },
      "write" : {
        "io_bytes" : 70283096064,
        "io_kbytes" : 68635836,
        "bw_bytes" : 234269177,
        "bw" : 228778,
        "iops" : 57194.300190,
        "runtime" : 300010,
        "total_ios" : 17158862,
        "short_ios" : 0,
        "drop_ios" : 0,
        "slat_ns" : {
          "min" : 1006,
          "max" : 289153,
          "mean" : 3786.775716,
          "stddev" : 1630.745494,
          "N" : 17158863
        },
        "clat_ns" : {
          "min" : 363021,
          "max" : 56090710,
          "mean" : 2233210.810872,
          "stddev" : 2464473.981002,
          "N" : 17158958,
          "percentile" : {
            "1.000000" : 522240,
            "5.000000" : 602112,
            "10.000000" : 675840,
            "20.000000" : 847872,
            "30.000000" : 1011712,
            "40.000000" : 1187840,
            "50.000000" : 1384448,
            "60.000000" : 1646592,
            "70.000000" : 2023424,
            "80.000000" : 2768896,
            "90.000000" : 4947968,
            "95.000000" : 7372800,
            "99.000000" : 12517376,
            "99.500000" : 15138816,
            "99.900000" : 21102592,
            "99.950000" : 23986176,
            "99.990000" : 30277632
          }
        },
        "lat_ns" : {
          "min" : 365951,
          "max" : 56092687,
          "mean" : 2236997.588711,
          "stddev" : 2464477.366920,
          "N" : 17158958
        },
        "bw_min" : 132144,
        "bw_max" : 258143,
        "bw_agg" : 100.000000,
        "bw_mean" : 228849.289947,
        "bw_dev" : 343.668511,
        "bw_samples" : 19187,
        "iops_min" : 33035,
        "iops_max" : 64535,
        "iops_mean" : 57211.143325,
        "iops_stddev" : 85.909259,
        "iops_samples" : 19187
      },
      "trim" : {
        "io_bytes" : 0,
        "io_kbytes" : 0,
        "bw_bytes" : 0,
        "bw" : 0,
        "iops" : 0.000000,
        "runtime" : 0,
        "total_ios" : 0,
        "short_ios" : 0,
        "drop_ios" : 0,
        "slat_ns" : {
          "min" : 0,
          "max" : 0,
          "mean" : 0.000000,
          "stddev" : 0.000000,
          "N" : 0
        },
        "clat_ns" : {
          "min" : 0,
          "max" : 0,
          "mean" : 0.000000,
          "stddev" : 0.000000,
          "N" : 0
        },
        "lat_ns" : {
          "min" : 0,
          "max" : 0,
          "mean" : 0.000000,
          "stddev" : 0.000000,
          "N" : 0
        },
        "bw_min" : 0,
        "bw_max" : 0,
        "bw_agg" : 0.000000,
        "bw_mean" : 0.000000,
        "bw_dev" : 0.000000,
        "bw_samples" : 0,
        "iops_min" : 0,
        "iops_max" : 0,
        "iops_mean" : 0.000000,
        "iops_stddev" : 0.000000,
        "iops_samples" : 0
      },
      "sync" : {
        "total_ios" : 0,
        "lat_ns" : {
          "min" : 0,
          "max" : 0,
          "mean" : 0.000000,
          "stddev" : 0.000000,
          "N" : 0
        }
      },
      "job_runtime" : 9600193,
      "usr_cpu" : 0.933231,
      "sys_cpu" : 0.726569,
      "ctx" : 15841507,
      "majf" : 0,
      "minf" : 771,
      "iodepth_level" : {
        "1" : 0.000000,
        "2" : 0.000000,
        "4" : 100.000000,
        "8" : 0.000000,
        "16" : 0.000000,
        "32" : 0.000000,
        ">=64" : 0.000000
      },
      "iodepth_submit" : {
        "0" : 0.000000,
        "4" : 100.000000,
        "8" : 0.000000,
        "16" : 0.000000,
        "32" : 0.000000,
        "64" : 0.000000,
        ">=64" : 0.000000
      },
      "iodepth_complete" : {
        "0" : 0.000000,
        "4" : 100.000000,
        "8" : 0.000000,
        "16" : 0.000000,
        "32" : 0.000000,
        "64" : 0.000000,
        ">=64" : 0.000000
      },
      "latency_ns" : {
        "2" : 0.000000,
        "4" : 0.000000,
        "10" : 0.000000,
        "20" : 0.000000,
        "50" : 0.000000,
        "100" : 0.000000,
        "250" : 0.000000,
        "500" : 0.000000,
        "750" : 0.000000,
        "1000" : 0.000000
      },
      "latency_us" : {
        "2" : 0.000000,
        "4" : 0.000000,
        "10" : 0.000000,
        "20" : 0.000000,
        "50" : 0.000000,
        "100" : 0.000000,
        "250" : 0.000000,
        "500" : 0.583296,
        "750" : 13.866986,
        "1000" : 14.813622
      },
      "latency_ms" : {
        "2" : 40.312201,
        "4" : 17.344361,
        "10" : 10.998865,
        "20" : 1.944570,
        "50" : 0.136524,
        "100" : 0.010000,
        "250" : 0.000000,
        "500" : 0.000000,
        "750" : 0.000000,
        "1000" : 0.000000,
        "2000" : 0.000000,
        ">=2000" : 0.000000
      },
      "latency_depth" : 4,
      "latency_target" : 0,
      "latency_percentile" : 100.000000,
      "latency_window" : 0
    }
  ],
  "disk_util" : [
    {
      "name" : "sda",
      "read_ios" : 0,
      "write_ios" : 4095,
      "read_sectors" : 0,
      "write_sectors" : 140872,
      "read_merges" : 0,
      "write_merges" : 7282,
      "read_ticks" : 0,
      "write_ticks" : 737,
      "in_queue" : 785,
      "util" : 0.107874
    }
  ]
}
