{
  "fio version" : "fio-3.39-26-ga72fe",
  "timestamp" : 1750940577,
  "timestamp_ms" : 1750940577154,
  "time" : "Thu Jun 26 12:22:57 2025",
  "global options" : {
    "ioengine" : "rbd",
    "bs" : "4k",
    "rw" : "randwrite",
    "direct" : "1",
    "runtime" : "5m",
    "time_based" : "",
    "group_reporting" : "",
    "ramp_time" : "30s",
    "thread" : "1",
    "iodepth" : "52",
    "clientname" : "admin",
    "pool" : "rbd"
  },
  "jobs" : [
    {
      "jobname" : "fio_test_0",
      "groupid" : 0,
      "job_start" : 1750940576155,
      "error" : 110,
      "eta" : 0,
      "elapsed" : 32,
      "job options" : {
        "max_latency" : "1s",
        "numjobs" : "1",
        "rbdname" : "fio_test_31"
      },
      "read" : {
        "io_bytes" : 0,
        "io_kbytes" : 0,
        "bw_bytes" : 0,
        "bw" : 0,
        "iops" : 0.000000,
        "runtime" : 0,
        "total_ios" : 0,
        "short_ios" : 0,
        "drop_ios" : 0,
        "slat_ns" : {
          "min" : 0,
          "max" : 0,
          "mean" : 0.000000,
          "stddev" : 0.000000,
          "N" : 0
        },
        "clat_ns" : {
          "min" : 0,
          "max" : 0,
          "mean" : 0.000000,
          "stddev" : 0.000000,
          "N" : 0
        },
        "lat_ns" : {
          "min" : 0,
          "max" : 0,
          "mean" : 0.000000,
          "stddev" : 0.000000,
          "N" : 0
        },
        "bw_min" : 0,
        "bw_max" : 0,
        "bw_agg" : 0.000000,
        "bw_mean" : 0.000000,
        "bw_dev" : 0.000000,
        "bw_samples" : 0,
        "iops_min" : 0,
        "iops_max" : 0,
        "iops_mean" : 0.000000,
        "iops_stddev" : 0.000000,
        "iops_samples" : 0
      },
      "write" : {
        "io_bytes" : 23105536,
        "io_kbytes" : 22564,
        "bw_bytes" : 40253547,
        "bw" : 39310,
        "iops" : 6982.578397,
        "runtime" : 574,
        "total_ios" : 4008,
        "short_ios" : 0,
        "drop_ios" : 0,
        "slat_ns" : {
          "min" : 2775,
          "max" : 23219,
          "mean" : 7154.190821,
          "stddev" : 2499.610479,
          "N" : 4009
        },
        "clat_ns" : {
          "min" : 1353995,
          "max" : 1982396636,
          "mean" : 266662626.952482,
          "stddev" : 439047301.436426,
          "N" : 5640,
          "percentile" : {
            "1.000000" : 3653632,
            "5.000000" : 4046848,
            "10.000000" : 4358144,
            "20.000000" : 7569408,
            "30.000000" : 8028160,
            "40.000000" : 8847360,
            "50.000000" : 10420224,
            "60.000000" : 15925248,
            "70.000000" : 346030080,
            "80.000000" : 549453824,
            "90.000000" : 960495616,
            "95.000000" : 1266679808,
            "99.000000" : 1736441856,
            "99.500000" : 1870659584,
            "99.900000" : 1954545664,
            "99.950000" : 1971322880,
            "99.990000" : 1988100096
          }
        },
        "lat_ns" : {
          "min" : 1366316,
          "max" : 1982408062,
          "mean" : 266669823.490958,
          "stddev" : 439047348.163846,
          "N" : 5640
        },
        "bw_min" : 32053,
        "bw_max" : 32053,
        "bw_agg" : 81.538832,
        "bw_mean" : 32053.000000,
        "bw_dev" : 0.000000,
        "bw_samples" : 32,
        "iops_min" : 8006,
        "iops_max" : 8006,
        "iops_mean" : 8006.000000,
        "iops_stddev" : 0.000000,
        "iops_samples" : 32
      },
      "trim" : {
        "io_bytes" : 0,
        "io_kbytes" : 0,
        "bw_bytes" : 0,
        "bw" : 0,
        "iops" : 0.000000,
        "runtime" : 0,
        "total_ios" : 0,
        "short_ios" : 0,
        "drop_ios" : 0,
        "slat_ns" : {
          "min" : 0,
          "max" : 0,
          "mean" : 0.000000,
          "stddev" : 0.000000,
          "N" : 0
        },
        "clat_ns" : {
          "min" : 0,
          "max" : 0,
          "mean" : 0.000000,
          "stddev" : 0.000000,
          "N" : 0
        },
        "lat_ns" : {
          "min" : 0,
          "max" : 0,
          "mean" : 0.000000,
          "stddev" : 0.000000,
          "N" : 0
        },
        "bw_min" : 0,
        "bw_max" : 0,
        "bw_agg" : 0.000000,
        "bw_mean" : 0.000000,
        "bw_dev" : 0.000000,
        "bw_samples" : 0,
        "iops_min" : 0,
        "iops_max" : 0,
        "iops_mean" : 0.000000,
        "iops_stddev" : 0.000000,
        "iops_samples" : 0
      },
      "sync" : {
        "total_ios" : 0,
        "lat_ns" : {
          "min" : 0,
          "max" : 0,
          "mean" : 0.000000,
          "stddev" : 0.000000,
          "N" : 0
        }
      },
      "job_runtime" : 17516,
      "usr_cpu" : 0.165563,
      "sys_cpu" : 0.148436,
      "ctx" : 5417,
      "majf" : 0,
      "minf" : 28,
      "iodepth_level" : {
        "1" : 0.000000,
        "2" : 0.000000,
        "4" : 0.000000,
        "8" : 0.000000,
        "16" : 0.000000,
        "32" : 100.000000,
        ">=64" : 0.000000
      },
      "iodepth_submit" : {
        "0" : 0.000000,
        "4" : 100.000000,
        "8" : 0.000000,
        "16" : 0.000000,
        "32" : 0.000000,
        "64" : 0.000000,
        ">=64" : 0.000000
      },
      "iodepth_complete" : {
        "0" : 0.395991,
        "4" : 99.208019,
        "8" : 0.000000,
        "16" : 0.000000,
        "32" : 0.000000,
        "64" : 0.395991,
        ">=64" : 0.000000
      },
      "latency_ns" : {
        "2" : 0.000000,
        "4" : 0.000000,
        "10" : 0.000000,
        "20" : 0.000000,
        "50" : 0.000000,
        "100" : 0.000000,
        "250" : 0.000000,
        "500" : 0.000000,
        "750" : 0.000000,
        "1000" : 0.000000
      },
      "latency_us" : {
        "2" : 0.000000,
        "4" : 0.000000,
        "10" : 0.000000,
        "20" : 0.000000,
        "50" : 0.000000,
        "100" : 0.000000,
        "250" : 0.000000,
        "500" : 0.000000,
        "750" : 0.000000,
        "1000" : 0.000000
      },
      "latency_ms" : {
        "2" : 0.124750,
        "4" : 6.037924,
        "10" : 62.300399,
        "20" : 19.810379,
        "50" : 6.786427,
        "100" : 0.499002,
        "250" : 1.796407,
        "500" : 8.433134,
        "750" : 13.972056,
        "1000" : 8.108782,
        "2000" : 12.849301,
        ">=2000" : 0.000000
      },
      "latency_depth" : 52,
      "latency_target" : 0,
      "latency_percentile" : 100.000000,
      "latency_window" : 0
    }
  ],
  "disk_util" : [
    {
      "name" : "sda",
      "read_ios" : 73,
      "write_ios" : 1619,
      "read_sectors" : 2416,
      "write_sectors" : 178016,
      "read_merges" : 0,
      "write_merges" : 5192,
      "read_ticks" : 25,
      "write_ticks" : 887,
      "in_queue" : 919,
      "util" : 0.728663
    }
  ]
}
