{
  "fio version" : "fio-3.39-26-ga72fe",
  "timestamp" : 1750938418,
  "timestamp_ms" : 1750938418272,
  "time" : "Thu Jun 26 11:46:58 2025",
  "global options" : {
    "ioengine" : "rbd",
    "bs" : "4k",
    "rw" : "randwrite",
    "direct" : "1",
    "runtime" : "5m",
    "time_based" : "",
    "group_reporting" : "",
    "ramp_time" : "30s",
    "thread" : "1",
    "iodepth" : "8",
    "clientname" : "admin",
    "pool" : "rbd"
  },
  "jobs" : [
    {
      "jobname" : "fio_test_0",
      "groupid" : 0,
      "job_start" : 1750938118185,
      "error" : 0,
      "eta" : 0,
      "elapsed" : 331,
      "job options" : {
        "max_latency" : "1s",
        "numjobs" : "1",
        "rbdname" : "fio_test_31"
      },
      "read" : {
        "io_bytes" : 0,
        "io_kbytes" : 0,
        "bw_bytes" : 0,
        "bw" : 0,
        "iops" : 0.000000,
        "runtime" : 0,
        "total_ios" : 0,
        "short_ios" : 0,
        "drop_ios" : 0,
        "slat_ns" : {
          "min" : 0,
          "max" : 0,
          "mean" : 0.000000,
          "stddev" : 0.000000,
          "N" : 0
        },
        "clat_ns" : {
          "min" : 0,
          "max" : 0,
          "mean" : 0.000000,
          "stddev" : 0.000000,
          "N" : 0
        },
        "lat_ns" : {
          "min" : 0,
          "max" : 0,
          "mean" : 0.000000,
          "stddev" : 0.000000,
          "N" : 0
        },
        "bw_min" : 0,
        "bw_max" : 0,
        "bw_agg" : 0.000000,
        "bw_mean" : 0.000000,
        "bw_dev" : 0.000000,
        "bw_samples" : 0,
        "iops_min" : 0,
        "iops_max" : 0,
        "iops_mean" : 0.000000,
        "iops_stddev" : 0.000000,
        "iops_samples" : 0
      },
      "write" : {
        "io_bytes" : 76267618304,
        "io_kbytes" : 74480096,
        "bw_bytes" : 254209294,
        "bw" : 248251,
        "iops" : 62062.069402,
        "runtime" : 300019,
        "total_ios" : 18619800,
        "short_ios" : 0,
        "drop_ios" : 0,
        "slat_ns" : {
          "min" : 991,
          "max" : 238543,
          "mean" : 3751.872824,
          "stddev" : 1713.123346,
          "N" : 18619800
        },
        "clat_ns" : {
          "min" : 372850,
          "max" : 132852294,
          "mean" : 4120109.802720,
          "stddev" : 5747733.204829,
          "N" : 18620024,
          "percentile" : {
            "1.000000" : 544768,
            "5.000000" : 692224,
            "10.000000" : 864256,
            "20.000000" : 1155072,
            "30.000000" : 1417216,
            "40.000000" : 1695744,
            "50.000000" : 2023424,
            "60.000000" : 2539520,
            "70.000000" : 3522560,
            "80.000000" : 5472256,
            "90.000000" : 9764864,
            "95.000000" : 14876672,
            "99.000000" : 28704768,
            "99.500000" : 35389440,
            "99.900000" : 54788096,
            "99.950000" : 63176704,
            "99.990000" : 78118912
          }
        },
        "lat_ns" : {
          "min" : 376202,
          "max" : 132854414,
          "mean" : 4123861.683264,
          "stddev" : 5747733.432707,
          "N" : 18620024
        },
        "bw_min" : 95216,
        "bw_max" : 295813,
        "bw_agg" : 100.000000,
        "bw_mean" : 248334.289324,
        "bw_dev" : 532.303943,
        "bw_samples" : 19183,
        "iops_min" : 23804,
        "iops_max" : 73952,
        "iops_mean" : 62082.768570,
        "iops_stddev" : 133.078915,
        "iops_samples" : 19183
      },
      "trim" : {
        "io_bytes" : 0,
        "io_kbytes" : 0,
        "bw_bytes" : 0,
        "bw" : 0,
        "iops" : 0.000000,
        "runtime" : 0,
        "total_ios" : 0,
        "short_ios" : 0,
        "drop_ios" : 0,
        "slat_ns" : {
          "min" : 0,
          "max" : 0,
          "mean" : 0.000000,
          "stddev" : 0.000000,
          "N" : 0
        },
        "clat_ns" : {
          "min" : 0,
          "max" : 0,
          "mean" : 0.000000,
          "stddev" : 0.000000,
          "N" : 0
        },
        "lat_ns" : {
          "min" : 0,
          "max" : 0,
          "mean" : 0.000000,
          "stddev" : 0.000000,
          "N" : 0
        },
        "bw_min" : 0,
        "bw_max" : 0,
        "bw_agg" : 0.000000,
        "bw_mean" : 0.000000,
        "bw_dev" : 0.000000,
        "bw_samples" : 0,
        "iops_min" : 0,
        "iops_max" : 0,
        "iops_mean" : 0.000000,
        "iops_stddev" : 0.000000,
        "iops_samples" : 0
      },
      "sync" : {
        "total_ios" : 0,
        "lat_ns" : {
          "min" : 0,
          "max" : 0,
          "mean" : 0.000000,
          "stddev" : 0.000000,
          "N" : 0
        }
      },
      "job_runtime" : 9600357,
      "usr_cpu" : 1.002546,
      "sys_cpu" : 0.746712,
      "ctx" : 15759204,
      "majf" : 0,
      "minf" : 1850,
      "iodepth_level" : {
        "1" : 0.000000,
        "2" : 0.000000,
        "4" : 0.000000,
        "8" : 100.000000,
        "16" : 0.000000,
        "32" : 0.000000,
        ">=64" : 0.000000
      },
      "iodepth_submit" : {
        "0" : 0.000000,
        "4" : 100.000000,
        "8" : 0.000000,
        "16" : 0.000000,
        "32" : 0.000000,
        "64" : 0.000000,
        ">=64" : 0.000000
      },
      "iodepth_complete" : {
        "0" : 0.000000,
        "4" : 99.999914,
        "8" : 0.100000,
        "16" : 0.000000,
        "32" : 0.000000,
        "64" : 0.000000,
        ">=64" : 0.000000
      },
      "latency_ns" : {
        "2" : 0.000000,
        "4" : 0.000000,
        "10" : 0.000000,
        "20" : 0.000000,
        "50" : 0.000000,
        "100" : 0.000000,
        "250" : 0.000000,
        "500" : 0.000000,
        "750" : 0.000000,
        "1000" : 0.000000
      },
      "latency_us" : {
        "2" : 0.000000,
        "4" : 0.000000,
        "10" : 0.000000,
        "20" : 0.000000,
        "50" : 0.000000,
        "100" : 0.000000,
        "250" : 0.000000,
        "500" : 0.377673,
        "750" : 6.320712,
        "1000" : 7.957518
      },
      "latency_ms" : {
        "2" : 34.327479,
        "4" : 24.243134,
        "10" : 17.086934,
        "20" : 7.049533,
        "50" : 2.492094,
        "100" : 0.144599,
        "250" : 0.010000,
        "500" : 0.000000,
        "750" : 0.000000,
        "1000" : 0.000000,
        "2000" : 0.000000,
        ">=2000" : 0.000000
      },
      "latency_depth" : 8,
      "latency_target" : 0,
      "latency_percentile" : 100.000000,
      "latency_window" : 0
    }
  ],
  "disk_util" : [
    {
      "name" : "sda",
      "read_ios" : 121,
      "write_ios" : 4014,
      "read_sectors" : 21528,
      "write_sectors" : 129200,
      "read_merges" : 0,
      "write_merges" : 6873,
      "read_ticks" : 82,
      "write_ticks" : 723,
      "in_queue" : 854,
      "util" : 0.125145
    }
  ]
}
