{
  "fio version" : "fio-3.39-26-ga72fe",
  "timestamp" : 1750941226,
  "timestamp_ms" : 1750941226370,
  "time" : "Thu Jun 26 12:33:46 2025",
  "global options" : {
    "ioengine" : "rbd",
    "bs" : "4k",
    "rw" : "randwrite",
    "direct" : "1",
    "runtime" : "5m",
    "time_based" : "",
    "group_reporting" : "",
    "ramp_time" : "30s",
    "thread" : "1",
    "iodepth" : "64",
    "clientname" : "admin",
    "pool" : "rbd"
  },
  "jobs" : [
    {
      "jobname" : "fio_test_0",
      "groupid" : 0,
      "job_start" : 1750941225607,
      "error" : 110,
      "eta" : 0,
      "elapsed" : 31,
      "job options" : {
        "max_latency" : "1s",
        "numjobs" : "1",
        "rbdname" : "fio_test_31"
      },
      "read" : {
        "io_bytes" : 0,
        "io_kbytes" : 0,
        "bw_bytes" : 0,
        "bw" : 0,
        "iops" : 0.000000,
        "runtime" : 0,
        "total_ios" : 0,
        "short_ios" : 0,
        "drop_ios" : 0,
        "slat_ns" : {
          "min" : 0,
          "max" : 0,
          "mean" : 0.000000,
          "stddev" : 0.000000,
          "N" : 0
        },
        "clat_ns" : {
          "min" : 0,
          "max" : 0,
          "mean" : 0.000000,
          "stddev" : 0.000000,
          "N" : 0
        },
        "lat_ns" : {
          "min" : 0,
          "max" : 0,
          "mean" : 0.000000,
          "stddev" : 0.000000,
          "N" : 0
        },
        "bw_min" : 0,
        "bw_max" : 0,
        "bw_agg" : 0.000000,
        "bw_mean" : 0.000000,
        "bw_dev" : 0.000000,
        "bw_samples" : 0,
        "iops_min" : 0,
        "iops_max" : 0,
        "iops_mean" : 0.000000,
        "iops_stddev" : 0.000000,
        "iops_samples" : 0
      },
      "write" : {
        "io_bytes" : 46653440,
        "io_kbytes" : 45560,
        "bw_bytes" : 94824065,
        "bw" : 92601,
        "iops" : 19050.813008,
        "runtime" : 492,
        "total_ios" : 9373,
        "short_ios" : 0,
        "drop_ios" : 0,
        "slat_ns" : {
          "min" : 1225,
          "max" : 29884,
          "mean" : 3617.117986,
          "stddev" : 2026.064932,
          "N" : 9374
        },
        "clat_ns" : {
          "min" : 323197,
          "max" : 2322991954,
          "mean" : 174691425.158311,
          "stddev" : 428739090.356849,
          "N" : 11389,
          "percentile" : {
            "1.000000" : 382976,
            "5.000000" : 444416,
            "10.000000" : 493568,
            "20.000000" : 585728,
            "30.000000" : 700416,
            "40.000000" : 872448,
            "50.000000" : 1155072,
            "60.000000" : 1662976,
            "70.000000" : 3162112,
            "80.000000" : 130547712,
            "90.000000" : 624951296,
            "95.000000" : 1149239296,
            "99.000000" : 2088763392,
            "99.500000" : 2197815296,
            "99.900000" : 2298478592,
            "99.950000" : 2298478592,
            "99.990000" : 2332033024
          }
        },
        "lat_ns" : {
          "min" : 325333,
          "max" : 2322994090,
          "mean" : 174695080.201335,
          "stddev" : 428739169.686539,
          "N" : 11389
        },
        "bw_min" : 1707,
        "bw_max" : 1707,
        "bw_agg" : 1.843380,
        "bw_mean" : 1707.000000,
        "bw_dev" : 0.000000,
        "bw_samples" : 1,
        "iops_min" : 426,
        "iops_max" : 426,
        "iops_mean" : 426.000000,
        "iops_stddev" : 0.000000,
        "iops_samples" : 1
      },
      "trim" : {
        "io_bytes" : 0,
        "io_kbytes" : 0,
        "bw_bytes" : 0,
        "bw" : 0,
        "iops" : 0.000000,
        "runtime" : 0,
        "total_ios" : 0,
        "short_ios" : 0,
        "drop_ios" : 0,
        "slat_ns" : {
          "min" : 0,
          "max" : 0,
          "mean" : 0.000000,
          "stddev" : 0.000000,
          "N" : 0
        },
        "clat_ns" : {
          "min" : 0,
          "max" : 0,
          "mean" : 0.000000,
          "stddev" : 0.000000,
          "N" : 0
        },
        "lat_ns" : {
          "min" : 0,
          "max" : 0,
          "mean" : 0.000000,
          "stddev" : 0.000000,
          "N" : 0
        },
        "bw_min" : 0,
        "bw_max" : 0,
        "bw_agg" : 0.000000,
        "bw_mean" : 0.000000,
        "bw_dev" : 0.000000,
        "bw_samples" : 0,
        "iops_min" : 0,
        "iops_max" : 0,
        "iops_mean" : 0.000000,
        "iops_stddev" : 0.000000,
        "iops_samples" : 0
      },
      "sync" : {
        "total_ios" : 0,
        "lat_ns" : {
          "min" : 0,
          "max" : 0,
          "mean" : 0.000000,
          "stddev" : 0.000000,
          "N" : 0
        }
      },
      "job_runtime" : 15179,
      "usr_cpu" : 0.289874,
      "sys_cpu" : 0.217406,
      "ctx" : 9583,
      "majf" : 0,
      "minf" : 32,
      "iodepth_level" : {
        "1" : 0.000000,
        "2" : 0.000000,
        "4" : 0.000000,
        "8" : 0.000000,
        "16" : 0.000000,
        "32" : 0.000000,
        ">=64" : 100.000000
      },
      "iodepth_submit" : {
        "0" : 0.000000,
        "4" : 100.000000,
        "8" : 0.000000,
        "16" : 0.000000,
        "32" : 0.000000,
        "64" : 0.000000,
        ">=64" : 0.000000
      },
      "iodepth_complete" : {
        "0" : 0.170113,
        "4" : 99.659774,
        "8" : 0.000000,
        "16" : 0.000000,
        "32" : 0.000000,
        "64" : 0.170113,
        ">=64" : 0.000000
      },
      "latency_ns" : {
        "2" : 0.000000,
        "4" : 0.000000,
        "10" : 0.000000,
        "20" : 0.000000,
        "50" : 0.000000,
        "100" : 0.000000,
        "250" : 0.000000,
        "500" : 0.000000,
        "750" : 0.000000,
        "1000" : 0.000000
      },
      "latency_us" : {
        "2" : 0.000000,
        "4" : 0.000000,
        "10" : 0.000000,
        "20" : 0.000000,
        "50" : 0.000000,
        "100" : 0.000000,
        "250" : 0.000000,
        "500" : 12.717380,
        "750" : 27.707244,
        "1000" : 14.531100
      },
      "latency_ms" : {
        "2" : 22.884882,
        "4" : 9.879441,
        "10" : 5.814574,
        "20" : 1.920410,
        "50" : 0.672143,
        "100" : 0.544116,
        "250" : 2.229809,
        "500" : 6.070628,
        "750" : 6.444041,
        "1000" : 3.222021,
        "2000" : 5.206444,
        ">=2000" : 1.664355
      },
      "latency_depth" : 64,
      "latency_target" : 0,
      "latency_percentile" : 100.000000,
      "latency_window" : 0
    }
  ],
  "disk_util" : [
    {
      "name" : "sda",
      "read_ios" : 0,
      "write_ios" : 473,
      "read_sectors" : 0,
      "write_sectors" : 11168,
      "read_merges" : 0,
      "write_merges" : 616,
      "read_ticks" : 0,
      "write_ticks" : 102,
      "in_queue" : 107,
      "util" : 0.125165
    }
  ]
}
