{
  "fio version" : "fio-3.39-26-ga72fe",
  "timestamp" : 1750937421,
  "timestamp_ms" : 1750937421497,
  "time" : "Thu Jun 26 11:30:21 2025",
  "global options" : {
    "ioengine" : "rbd",
    "bs" : "4k",
    "rw" : "randwrite",
    "direct" : "1",
    "runtime" : "5m",
    "time_based" : "",
    "group_reporting" : "",
    "ramp_time" : "30s",
    "thread" : "1",
    "iodepth" : "1",
    "clientname" : "admin",
    "pool" : "rbd"
  },
  "jobs" : [
    {
      "jobname" : "fio_test_0",
      "groupid" : 0,
      "job_start" : 1750937121403,
      "error" : 0,
      "eta" : 0,
      "elapsed" : 331,
      "job options" : {
        "max_latency" : "1s",
        "numjobs" : "1",
        "rbdname" : "fio_test_31"
      },
      "read" : {
        "io_bytes" : 0,
        "io_kbytes" : 0,
        "bw_bytes" : 0,
        "bw" : 0,
        "iops" : 0.000000,
        "runtime" : 0,
        "total_ios" : 0,
        "short_ios" : 0,
        "drop_ios" : 0,
        "slat_ns" : {
          "min" : 0,
          "max" : 0,
          "mean" : 0.000000,
          "stddev" : 0.000000,
          "N" : 0
        },
        "clat_ns" : {
          "min" : 0,
          "max" : 0,
          "mean" : 0.000000,
          "stddev" : 0.000000,
          "N" : 0
        },
        "lat_ns" : {
          "min" : 0,
          "max" : 0,
          "mean" : 0.000000,
          "stddev" : 0.000000,
          "N" : 0
        },
        "bw_min" : 0,
        "bw_max" : 0,
        "bw_agg" : 0.000000,
        "bw_mean" : 0.000000,
        "bw_dev" : 0.000000,
        "bw_samples" : 0,
        "iops_min" : 0,
        "iops_max" : 0,
        "iops_mean" : 0.000000,
        "iops_stddev" : 0.000000,
        "iops_samples" : 0
      },
      "write" : {
        "io_bytes" : 38681710592,
        "io_kbytes" : 37775108,
        "bw_bytes" : 128937745,
        "bw" : 125915,
        "iops" : 31478.941877,
        "runtime" : 300003,
        "total_ios" : 9443777,
        "short_ios" : 0,
        "drop_ios" : 0,
        "slat_ns" : {
          "min" : 2028,
          "max" : 217586,
          "mean" : 4358.018000,
          "stddev" : 2359.636964,
          "N" : 9443777
        },
        "clat_ns" : {
          "min" : 350277,
          "max" : 73316933,
          "mean" : 1010962.314421,
          "stddev" : 945549.646155,
          "N" : 9443777,
          "percentile" : {
            "1.000000" : 448512,
            "5.000000" : 497664,
            "10.000000" : 536576,
            "20.000000" : 577536,
            "30.000000" : 626688,
            "40.000000" : 675840,
            "50.000000" : 749568,
            "60.000000" : 856064,
            "70.000000" : 962560,
            "80.000000" : 1138688,
            "90.000000" : 1482752,
            "95.000000" : 2211840,
            "99.000000" : 5603328,
            "99.500000" : 6520832,
            "99.900000" : 9371648,
            "99.950000" : 10813440,
            "99.990000" : 15269888
          }
        },
        "lat_ns" : {
          "min" : 353856,
          "max" : 73320331,
          "mean" : 1015320.332421,
          "stddev" : 945592.975304,
          "N" : 9443777
        },
        "bw_min" : 97175,
        "bw_max" : 141537,
        "bw_agg" : 100.000000,
        "bw_mean" : 125952.316466,
        "bw_dev" : 173.359639,
        "bw_samples" : 19186,
        "iops_min" : 24291,
        "iops_max" : 35384,
        "iops_mean" : 31486.916617,
        "iops_stddev" : 43.361873,
        "iops_samples" : 19186
      },
      "trim" : {
        "io_bytes" : 0,
        "io_kbytes" : 0,
        "bw_bytes" : 0,
        "bw" : 0,
        "iops" : 0.000000,
        "runtime" : 0,
        "total_ios" : 0,
        "short_ios" : 0,
        "drop_ios" : 0,
        "slat_ns" : {
          "min" : 0,
          "max" : 0,
          "mean" : 0.000000,
          "stddev" : 0.000000,
          "N" : 0
        },
        "clat_ns" : {
          "min" : 0,
          "max" : 0,
          "mean" : 0.000000,
          "stddev" : 0.000000,
          "N" : 0
        },
        "lat_ns" : {
          "min" : 0,
          "max" : 0,
          "mean" : 0.000000,
          "stddev" : 0.000000,
          "N" : 0
        },
        "bw_min" : 0,
        "bw_max" : 0,
        "bw_agg" : 0.000000,
        "bw_mean" : 0.000000,
        "bw_dev" : 0.000000,
        "bw_samples" : 0,
        "iops_min" : 0,
        "iops_max" : 0,
        "iops_mean" : 0.000000,
        "iops_stddev" : 0.000000,
        "iops_samples" : 0
      },
      "sync" : {
        "total_ios" : 0,
        "lat_ns" : {
          "min" : 0,
          "max" : 0,
          "mean" : 0.000000,
          "stddev" : 0.000000,
          "N" : 0
        }
      },
      "job_runtime" : 9600006,
      "usr_cpu" : 0.623604,
      "sys_cpu" : 0.485948,
      "ctx" : 9445723,
      "majf" : 0,
      "minf" : 682,
      "iodepth_level" : {
        "1" : 100.000000,
        "2" : 0.000000,
        "4" : 0.000000,
        "8" : 0.000000,
        "16" : 0.000000,
        "32" : 0.000000,
        ">=64" : 0.000000
      },
      "iodepth_submit" : {
        "0" : 0.000000,
        "4" : 100.000000,
        "8" : 0.000000,
        "16" : 0.000000,
        "32" : 0.000000,
        "64" : 0.000000,
        ">=64" : 0.000000
      },
      "iodepth_complete" : {
        "0" : 0.000000,
        "4" : 100.000000,
        "8" : 0.000000,
        "16" : 0.000000,
        "32" : 0.000000,
        "64" : 0.000000,
        ">=64" : 0.000000
      },
      "latency_ns" : {
        "2" : 0.000000,
        "4" : 0.000000,
        "10" : 0.000000,
        "20" : 0.000000,
        "50" : 0.000000,
        "100" : 0.000000,
        "250" : 0.000000,
        "500" : 0.000000,
        "750" : 0.000000,
        "1000" : 0.000000
      },
      "latency_us" : {
        "2" : 0.000000,
        "4" : 0.000000,
        "10" : 0.000000,
        "20" : 0.000000,
        "50" : 0.000000,
        "100" : 0.000000,
        "250" : 0.000000,
        "500" : 5.106251,
        "750" : 44.581156,
        "1000" : 22.976030
      },
      "latency_ms" : {
        "2" : 21.622207,
        "4" : 3.169325,
        "10" : 2.470685,
        "20" : 0.070353,
        "50" : 0.010000,
        "100" : 0.010000,
        "250" : 0.000000,
        "500" : 0.000000,
        "750" : 0.000000,
        "1000" : 0.000000,
        "2000" : 0.000000,
        ">=2000" : 0.000000
      },
      "latency_depth" : 1,
      "latency_target" : 0,
      "latency_percentile" : 100.000000,
      "latency_window" : 0
    }
  ],
  "disk_util" : [
    {
      "name" : "sda",
      "read_ios" : 6,
      "write_ios" : 8542,
      "read_sectors" : 144,
      "write_sectors" : 451136,
      "read_merges" : 0,
      "write_merges" : 16871,
      "read_ticks" : 2,
      "write_ticks" : 3414,
      "in_queue" : 3464,
      "util" : 0.212418
    }
  ]
}
