{
    "iodepth": [
        "1",
        "2",
        "4",
        "8",
        "16",
        "24",
        "32",
        "40",
        "52",
        "64"
    ],
    "iops": [
        31478.941877,
        44628.434098,
        57194.30019,
        62062.069402,
        66514.580806,
        63979.080711,
        66762.19951,
        17662.686567,
        6982.578397,
        19050.813008
    ],
    "total_ios": [
        9443777,
        13388798,
        17158862,
        18619800,
        19957833,
        19197435,
        20040410,
        5917,
        4008,
        9373
    ],
    "clat_ms": [
        1.010962314421,
        1.4289763836990002,
        2.2332108108720004,
        4.12010980272,
        7.693628792516,
        12.002976469271001,
        15.339466804769,
        136.436209132729,
        266.662626952482,
        174.691425158311
    ],
    "clat_stdev": [
        0.9455496461549999,
        1.5005391544689999,
        2.464473981002,
        5.747733204829,
        25.733091006600997,
        49.420477643273,
        74.238389385711,
        345.862554185037,
        439.047301436426,
        428.73909035684903
    ],
    "usr_cpu": [
        0.623604,
        0.786123,
        0.933231,
        1.002546,
        1.068872,
        1.058414,
        1.085721,
        0.262518,
        0.165563,
        0.289874
    ],
    "sys_cpu": [
        0.485948,
        0.618905,
        0.726569,
        0.746712,
        0.778819,
        0.738806,
        0.776525,
        0.194458,
        0.148436,
        0.217406
    ],
    "OSD_cpu": [
        3600.650000000035,
        3998.8166666666607,
        4700.0233333333135,
        4658.276666666635,
        4950.546666666626,
        4744.263333333301,
        4952.006666666635,
        3806.63333333336,
        360.9999999999955,
        230.52000000000115,
        4573.8333333333285,
        389.5833333333297,
        147.2700000000005,
        839.7933333333258,
        280.7099999999982,
        240.50333333333444
    ],
    "OSD_mem": [
        3928.5600000000236,
        5421.919999999999,
        6125.840000000565,
        6230.000000000574,
        6232.800000000574,
        6232.800000000574,
        6232.800000000574,
        6232.800000000574,
        6232.800000000574,
        6232.800000000574,
        6232.800000000574,
        6232.800000000574,
        6232.800000000574,
        6232.800000000574,
        6232.800000000574,
        6232.800000000574
    ],
    "FIO_cpu": [
        221.90333333333695,
        308.17000000000263,
        363.73000000000235,
        386.1800000000002,
        406.45000000000175,
        391.76666666666983,
        406.0266666666684,
        251.42666666666722,
        20.720000000000017,
        14.92666666666665,
        355.6233333333341,
        26.476666666666734,
        9.633333333333333,
        51.24999999999996,
        15.446666666666642,
        15.32999999999998
    ],
    "FIO_mem": [
        0.0,
        0.0,
        0.0,
        0.0,
        0.0,
        0.0,
        0.0,
        0.0,
        0.0,
        0.0,
        0.0,
        0.0,
        0.0,
        0.0,
        1.5000000000000122,
        0.0
    ]
}